questionText,answerText
How do I decide if I should end my relationship with my boyfriend?,"Hi!I’m sorry you’re having this dilemma. I wish I knew a little more about the situation to give a better answer. Have you discussed what is causing you to consider breaking up with your partner? Based on the information given, I suggest starting off making a pros and cons list. Pros for staying in the relationship and cons for staying. See which side has more. Follow your gut. Hope this helps as a start."
How do I decide if I should end my relationship with my boyfriend?,"This can be a very difficult question to answer. Without knowing anything else about the situation - it makes me wonder - what makes you feel like you should break up with him? What brought up thinking about ending things? It will be important to decide if the relationship is safe, if it is healthy, and if it makes you both happy. Are there reasons you are staying in the relationship that don't make you feel good? It might be helpful to write things out or talk to a trusted friend about what each of your choices means. What would it be like to end things? What would it be like to stay? Are there issues that the two of you can work on to make the relationship better?"
How do I decide if I should end my relationship with my boyfriend?,This is a very personal decision that you make when you have evaluated the issues in your couple that you feel are affecting your happiness and well being in your couple. I recommend completing a compatability checklist to evaluate which areas are making you unhappy. It is important to discuss these feelings with your partner and determine if together you want to work on these differences. If there is no agreement to working together to resolve the issues  and you cannot accept the issues as they are then a break up may be best.
How do I decide if I should end my relationship with my boyfriend?,This is a tough decision to make for anyone that has ever been involved in a relationship.  My advice is for you to consider what is making you unhappy in this relationship.  Sometimes we think we are ready to move on but don't know the reason why and then we regret it.  The worst thing you want after the fact is to have regret.  Take time to do some soul searching and imagine your life without this person before you make any decisions.  This will also help you understand what it is you are looking for in a romantic relationship. Best of luck in your love life. Mirella~Image and Likeness Counseling
How do I decide if I should end my relationship with my boyfriend?,"This can be a very challenging decision, and it may take time for you to sort through all of your feelings about the relationship and its possible end. Therapy can help you have a space to be completely honest with yourself about your relationship as you grapple with your decision of whether to remain with your boyfriend. Your therapist can ask questions to guide you in uncovering your true feelings about whether this is the right relationship for you, and he or she can support you in whatever decision you come to."
How do I decide if I should end my relationship with my boyfriend?,"That's a loaded question.  Typically, if we are contemplating if we should or not, it is for a reason.  To really come to a place of decision, you need to know where you are right now, what is not working, what the potential resolution would be and if it is realistic.  If you can answer those questions, you may gain some insight.   If it is realistic and your boyfriend is on the same page, seek help putting a plan in motion for resolution.  And I mention him being on the same page because if he is not, then it will never come to fruiting.  Without much other information, this is this is a solid approach."
How do I decide if I should end my relationship with my boyfriend?,"The decision to end a relationship is difficult. There are a few questions you might want to ask yourself like, ""Why am I asking myself if i should end it?"", ""What else am I looking for in a relationship that this one doesn't give me?"", ""is my boyfriend willing to discuss my doubts and willing to work at making this relationship better?"", ""Is he abusive in any way?"" These are just a few questionsto think through in order to make this decision. Also talk to a trusted friend and see they're point of view of your relationship. Sometimes talking it over can help you think out loud and you're friend can point out details you can't thought about. Talking to a therapist is also a good option as a therapist can hello you figure out what you are looking for and address any issues that need to be addressed."
How do I decide if I should end my relationship with my boyfriend?,"The decision to end a relationship is often very difficult. It is important that you are aware of your personal ""deal breakers"". Some common deal breakers are abuse of any kind (physical, verbal, sexual, or emotional) or substance abuse; however, anything that is detrimental to your well being can be considered a deal breaker. I know of a young woman who broke up with her boyfriend because he decided to adopt a pet cat and she is highly allergic. For her, having a cat was a deal breaker !Healthy relationships enhance personal growth, and  we enhance our spiritual and emotional wellbeing by collaborating with our partner to work through problems and overcome challenges. My guess is that you would not be questioning whether or not to end your relationship if things were going smoothly. Are you both equally invested in finding a resolution to whatever is troubling you?An excellent book on relationship ambivalence is ""Too Good to Leave; Too Bad to Stay"" by Mira Kirshenbaum. By the last chapter you will have the answers that you seek."
How do I decide if I should end my relationship with my boyfriend?,"Previous counselors have discussed very good points about your situation so I would like just to confirm what seems essential to me on this topic. When you ask yourself this question, it shows you are not happy or have doubts about the way things have evolved so far. Relationships require time and work for them to develop, grow and flourish as healthy and fulfilling ones for both partners. This is a key factor, ""reciprocity"". Without both of you sharing the same core values, beliefs, expectations and lifestyles; without you having a good level of compatibility in your personalities and feeling understood, protected, cared by, supported and loved by each other, there is no way you could truly feel and experience a mutually healthy, meaningful and fulfilling relationship for the long run. What has attracted you to each other is good and meaningful enough to empower and support you for the long run? Many people focus too much on looks, financial benefits or other external factors, which are important but cannot build a healthy, mature and fulfilling lifelong relationship. This does not mean many couples do not willingly choose these types of relationship since truly believing those are their top priorities. What they ignore, is that with time, life challenges, issues and pain, temptations and appealing alternatives around those external factors, their relationships would not cope very well but would get gradually or suddenly undermined. Be honest with yourself, reflect on what you truly need, want, and expect from a boyfriend and life partner. Ask yourself if this person has what it takes to meet those expectations and satisfy those needs and if you are also a very good match for him, since there is no way the relationship works unless it does for both of you. So while one person could feel blessed by having such a wonderful partner, the other could feel frustrated, or just not truly fulfilled, passionate or happy with her/his partner. Long-term relationships require a lot, and when I talk about sharing same core factors, I mean truly feeling being a good match to each other at the physical, mental, emotional and spiritual levels, and around all the other roles life  involves, related to lifestyle as social life, habits, dreams, preferences, etc.Then there is a lot to reflect on by yourself, to carefully evaluate in yourself based on what you already know about you and this person. Then you would be able to tell yourself if you truly want to continue or not with this person. If you feel you do, then you have to talk to him and make sure he feels the same way. In a scenario where you doubt if you should tell him about this or that, as another counselor suggested, out of fear of any form of abuse or retaliation, those would be serious enough to show you this could never truly work. If your fears are more about being misunderstood and judged, then you still have to work on developing open and honest communication with him, as long as what you expect is something truly healthy and worthy. Many people look for and stay in relationships because they prefer that to be alone, by themselves, thus they end using relationships to feel better about themselves and their lives, to bring some feelings of happiness and company. The problem, is that if those are the initial core reasons to start or stay in a relationship, this can never truly evolve into anything healthy and mutually fulfilling, unless the person works on herself/himself to meet those personal needs and resolve those personal issues, which would enable her to work on self and with the other person in the relationship. Finally, I want to mention what I shared in a past article on this subject; namely, you need to assess if your boyfriend has been really consistent in his words and actions, otherwise, lack of honesty, accountability and/or respect, would never lead to anything worthy in any type of relationships. Also, we are all human beings, and that means we are no perfect, and we need to work on ourselves to make improvements. Relationships are a means to keep growing as individuals supporting each other to become better versions of ourselves, without manipulation, neglect or abuse. Thus while on one hand, healthy love means embracing the whole persona with strengths and weaknesses, on the other hand, it is fully incompatible with tolerating and/or enabling what is distorted or dysfunctional against that person or against ourselves. This is why both persons need to be willing and ready to work on making changes and improvements as necessary. Without this, it would be hopeless and helpless to expect things would be just fine with time, they would not, they would just get worse. So let's take one step at a time, reflect on what you feel, need and want now and for the future, assess how well this person is able and willing to work on that, and dialogue to make sure you are both fully aware, understood and clear about your relationship and how well it could make your lives better. If professional support is needed, and both are willing to take it, please do not delay it. If one refuses necessary support, then face reality and come to terms with what it is showing you. Trust more actions than words, set and keep healthy boundaries, and take into account what life experiences show you, as well as feedback and counsel from those mature and truly caring people who know you while pushing away what is superficial, biased or too rushed.Thank you for sharing."
How do I decide if I should end my relationship with my boyfriend?,"Deciding to end a relationship is a big question that deserves your full care and attention.  One of the first questions you may ask of yourself and consider for your boyfriend is whether you are both willing to work on the relationship.  A relationship, no matter how great or hard, can't work unless both people are invested in working on it.  This means that both people are willing to take responsibility and work on their on stuff when things are hard rather than blaming the other.  If one of you is not willing or able to work at this then the relationship can't really grow or get better.  Perhaps spend some time really asking yourself if you this is the person you want to work on things with.  All relationships are hard and require care and attention and also ask us to really take responsibility for what we contribute.  This should be done in a relationship where you want to do this work for yourself and the other.  Also, if you are fully in and ready to do the work but your partner isn't.  If they say things like ""this is just how I am"" or ""we have problems because of your issues"" then you also may want to really slow down and consider if this will be workable.  You and your boyfriend need to be invested and committed to the relationship even when things are hard."
How do I decide if I should end my relationship with my boyfriend?,"Deciding to end a relationship is never easy, especially if there is not any strong reason or incident standing out to help define the unhappiness in the relationship, such as infidelity or abuse.  All relationships go through low periods where one or both people may feel unhappy in the relationship, this is normal.  What I tell my clients when they are facing this decision is to spend some time and imagine your life without the person in it.  What do you feel when you imagine your life without your boyfriend?  Do you see yourself as being happier, having more freedom?  When you think of life without him do you feel a weight lift off your shoulders?  Is it easier to breathe?  Don't rush into any decision about leaving the relationship.  Take as much time as you need to fully understand what it is you are feeling right now.  Ask yourself if some of the unhappiness in the relationship can change, if it is likely to change.  Only when you are confident in your decision to leave should you then have the discussion about leaving the relationship.  I hope this answer gives you some ways of thinking through how to make that very tough decision."
How do I decide if I should end my relationship with my boyfriend?,"Hi there, that's a big question and really something no one can answer except you. Here are some things to consider to help you make your decision.What is leading you to ask the question? Has something happened recently or repeatedly that is making you question your relationship? If so, what is it. Can you rank it on a scale from 1-10, 1 being not a big deal and 10 being a deal breaker. What are your deal breakers and has he violated any of them? What are your reasons for being with him? How would you feel without him? How does he make you feel on a daily basis? Is there any abuse in the relationship (physical, emotional, psychological)? - if the answer to this question is yes - please seek immediate help. In addition to thinking about your relationship on your own, have you talked with your boyfriend about how you're feeling? If it is safe to do so, honest, open communication might help you get some more clarity. You don't have to say ""I'm thinking about breaking up with you,"" but you can say something along the lines of, ""I'm having some doubts about our relationship. Can we talk about us?"" If you want to stay with him, maybe you can work on your relationship together? Going to couples counseling could also be an option for you.If you decide that the relationship is not working, think about how you would like to be broken up with and if possible, try to come from a place of kindness and understanding.  As always, I'm happy to provide more guidance if you'd like. Good luck with you decision."
How do I decide if I should end my relationship with my boyfriend?,That you are questioning if you should end your relationship with your boyfriend tells me that you are unhappy with him. Spend sometime by yourself exploring the reasons for that unhappiness. Are these things likely to change or not?
How do I decide if I should end my relationship with my boyfriend?,"Without knowing the details, it would be very difficult to say! But, that's also the point of my response. Because even with the details, it's very hard to say, as no one is experiencing the relationship in your shoes, except for you. It might be helpful to process this in therapy, or with your boyfriend directly and voice your concerns about the relationship. In any successful relationship, the research has shown that openness in communication is vital.That all being said, I would also add, with a lot of curiosity...if you have to ask the question, does that say something about what you feel is the quality of the relationship?"
How do I decide if I should end my relationship with my boyfriend?,"If you're asking the question, then probably you are pretty close to ending your relationship.Make a list of what you don't like and then decide whether you'd like to tell these topics to your boyfriend as a discussion about your relationship.He may have similar feelings and together the two of you may figure out new ways to be loving with each other.If you've presented your needs and no change results, then ask yourself if you can be happy with him, given what you now realize about him and your feelings."
"My husband and I are separated and he doesn't even want to talk to me.    He says he doesn't love me anymore, but I would do anything to get him back. Is there any hope?","There is always hope. So don't give up on hope.However, you knew I would say that, there is a lot work ahead of you.You need to see someone to talk things out.Get some space between you and your husband. Don't chase and please don't stalk him.Do some deep searching as to why he left and what part you had to cause the split.You can't change him but you are in control of your own change.With the help of a professional counselor you can get help and direction where you need to change."
"My husband and I are separated and he doesn't even want to talk to me.    He says he doesn't love me anymore, but I would do anything to get him back. Is there any hope?","I believe there's always hope. I also believe that you are worthy of respect and love. I'm curious if you felt loved, cherished, and respected by your husband during your time together. Feeling willing to go to any extreme to save the marriage is common, but having to do things that go against your values sets you up to develop a lot of resentment. It sounds like you did not want to be separated from your husband, but now that it's happened, you can make the choice to focus on yourself, rediscovering, or discovering for the first time, what you really want out of life. Taking some time to grieve the loss of your marriage and practice self-care can help in the immediate aftermath. Are there dreams that you put on a shelf during your marriage that you could reignite? By considering the dreams and desires you had at the beginning of your marriage, you might find some direction for what to do next."
"My husband and I are separated and he doesn't even want to talk to me.    He says he doesn't love me anymore, but I would do anything to get him back. Is there any hope?","I would focus on YOU right now. We cannot control him, his actions, his love, or his decisions. But we can work on you. Think about a few things: What do you want? What do you love about him? What made you two separate? What do you think about being in a relationship where your partner does not love you? Does that seem fair? He may want to work things out or he may be done. He may be done for a short period of time or be done forever. No one can answer that which is why I think you should change the focus. If you do get back together, will you still trust him to not leave you? What if he does not love you? If you never get back together, can you still have a healthy, happy life? Can you mourn that relationship but also learn from it?I want you to be strong, happy, and healthy with or without him. So yes, there is hope for you - with or without him."
"My husband and I are separated and he doesn't even want to talk to me.    He says he doesn't love me anymore, but I would do anything to get him back. Is there any hope?","Most important is to take care of your feelings regarding that he has left you.From your description  there doesn't seem to be much hope your husband would like to keep the marriage going.Has a long time passed since the two of you separated?   Sometimes, and really this is very rare, people decide to return to their marriage.If he impulsively decided to leave and now is a short while since he did this, then there is some hope he will decide to stay together.If he's been out of the house for a while and tells you what you wrote, then there is greater chance he's had time to think through to split and will follow through.As painful as it is to hear that someone with whom you'd like to be, doesn't want to be with you, accepting your hurt feelings will eventually let you come to peace with your feelings.To keep hoping against the facts of what he's said to you, only makes your own pain intensify."
"A year ago, the love of my life left me and never looked back. Our son was two months old at the time and it broke my heart. I miss her so much and can't seem to get over being so heartbroken.","Who takes care of your son, is a significant part of getting over your heartbreak.If you made reasonable custody terms re your son then the relationship heartache is much easier to recover from than if your son’s mother vanished from his life, or if the mother wants nothing to do w him.Re the actual relationship, let yourself feel sad and hurt since this is the truth.Usually life gradually fills in new people, including a relationship once you feel strong enough from having endured such sadness and loss."
"A year ago, the love of my life left me and never looked back. Our son was two months old at the time and it broke my heart. I miss her so much and can't seem to get over being so heartbroken.","I recognize that you say you are missing being with the love of your life. At the same time, I don't understand whether you are able to see your son. I'm curious as to the relationship dynamic between you and your son's mother.When you say that she ""never looked back,"" I imagine you are conveying that getting back together is not something that she is interested in.I would suggest that you talk with a therapist and your local area so that you have the ability to discuss the loss of this person who you love so much. Most people think of grief related to the loss of someone who has died, But it also applies to people who have a significant loss, whether that is a relationship, a job, or any number of other things.In the meantime, try finding something about yourself that you value and can focus on."
"I got married in 2014. I have a two year old son. His mom and I decided to separate due to my infidelities. We've tried to reconcile our differences but it never works out. Since we've been separated, I've dated someone, and we are expecting a baby girl. Is this something I should mention to my wife? The current woman whom I'm dating has been telling me for months to break up with her, but it's hard because I actually love her.","My answer is yes, you should tell her because you have a child with her. She is the mother of your son, and this new baby would be his half sister. I think telling her is mature and appropriate. Usually procrastinating just makes it worse.Another thing to consider. Would you want her to tell you if she was pregnant with her boyfriends baby? Hope this helps, take care!"
"I got married in 2014. I have a two year old son. His mom and I decided to separate due to my infidelities. We've tried to reconcile our differences but it never works out. Since we've been separated, I've dated someone, and we are expecting a baby girl. Is this something I should mention to my wife? The current woman whom I'm dating has been telling me for months to break up with her, but it's hard because I actually love her.","Only tell your former girlfriend who is the mother of your son, what is necessary for her to know as it relates to your son.The mother of your son has every right as a parent to know who is directly involved in her son's life.First figure out how you will handle your current girlfriend's request to end the relationship you have with her.Without knowing whether you are in a relationship or not, is a key piece of information which the mother of your son would likely have interest to know and be entitled to know.Also, love is never enough to keep a marriage working.  Love is a wonderful emotion only managing daily life and family decisions requires commitment to the other person.Reflect within yourself if you are willing to commit to your current girlfriend.   Then you'd have a substantial offer to make to her of your willingness to be together with her."
"Our relationship ended about 7 years ago, but don't know how to let go. How can I get over that person and move on?","I think giving yourself the space to realize that this was a significant relationship and it really had an impact on you. I think you should honor that relationship and then talk about it to someone. The more you try to not think of it, the more you will think of it. I think you should instead, say ""thank you"" to that relationship. Thank you for showing you what qualities you like, what you desire. Maybe even come up with a list of what that specific relationship did for you. After you say ""thank you"" to that relationship then it may be time to say goodbye. You obviously want to get over that person, so figure out why you want to get over them. Why did it not work out? What negative parts of the relationship do you keep forgetting to think about. Oftentimes, people glamorize the past. So for your goodbye part of this phase, I would focus on the negative parts of the relationship. You can also work on emotionally saying goodbye to that time in your life. You are probably different than you were 7 years ago, and to be honest, they are probably different too.I know it sounds weird. But I would recommend that you mentally say ""thank you"" and ""goodbye"" to that relationship."
"Our relationship ended about 7 years ago, but don't know how to let go. How can I get over that person and move on?","What you're most likely trying to get over is to be attracted to the qualities which you felt attracted to in the person.The problem isn't releasing yourself from the person, per se.   Letting go of a person means separating yourself from the qualities in a partner which you value.Two possibilities exist.Either you continue to feel strongly that the qualities in the past relationship are still meaningful and you'd like to base your next relationship on these qualities.Or, the person had qualities which are no longer relevant or necessary in your life and this is the reason the relationship ended.It is possible that even if you had an adequate exposure to certain qualities in someone that you simply miss the companionship of a relationship.See if you can figure out whether you need the qualities this person gave you or whether you simply like being part of a couple.If you like the particular qualities of your previous parter and these are still relevant to your life, you'll attract a partner who has similar qualities.Basically people attract what they need.The more open you are to attracting what you need in a partner, the more likely your next partner will have these qualities.In this way, you'll get over the particular person and still have the satisfaction to be in a relationship."
"I know that I need to get past my feelings for this person I fell in love with, but t's so difficult to move on because he showed me feelings I've never felt before.    I feel like I don't want to be without my genuine love for him, but logically, I know I need to be without him. I can't discuss this with anybody in my life because the conditions surrounding our love are considered ""wrong"" by a lot of people.
   How can I get myself to just move on?","Well, there is some good news and not-so-good news. The good news is that people are capable of moving on from relationships, even if the person showed them a sort of love that they've never felt they've had, or deserved, before. Sometimes, even just the fact that this has happened for them can, eventually (see below) lead them to seek out love again, because they now believe they will be able to have that again.So, the not-so-good news though is that one can not ""just move on."" I'd even venture to say that the pressure you may be putting on yourself to just move on and out of this yucky hole of feelings that you are in is actually too much pressure and adding to the yucky feelings as they are. Instead, try thinking of getting past these feelings as grieving over the loss of someone (even though someone didn't die, there is still a significant loss you are experiencing) and therefore how essential it is to allow yourself to grieve, to feel whatever feelings (of anger, or sadness, or something else) that you are feeling. Often, it is really helpful to speak those feelings (I recommend professionals in this case) who can help you feel like you are not pathological for this struggle, and instead that it is completely normal. Love is a crazy thing, and the feelings can get very confusing. But, the last stage of grieving is ""acceptance,"" and it is very challenging to get there if you skip over denial, anger, bargaining, and depression."
"I know that I need to get past my feelings for this person I fell in love with, but t's so difficult to move on because he showed me feelings I've never felt before.    I feel like I don't want to be without my genuine love for him, but logically, I know I need to be without him. I can't discuss this with anybody in my life because the conditions surrounding our love are considered ""wrong"" by a lot of people.
   How can I get myself to just move on?","What if we think about this in metaphor: imagine a dirt road suddenly paved over - where before it was small, once paved, it was faster, smoother and suddenly you, the driver, knew what real driving could feel like. Then your road got a pothole: now, every time you drive, you hit that hole, and it only seems to get worse, the more you drive over it.  Until that hole is patched - until you choose to fill your heart with either love for another or love for yourself - you might find it challenging to 'keep driving on your road'. Instead of letting go of how you felt, try to hang on to that feeling, just direct it inwards: you've shared you're capable of feeling strongly for another, surely, you're worthy of that same regard? All the best~"
"I know that I need to get past my feelings for this person I fell in love with, but t's so difficult to move on because he showed me feelings I've never felt before.    I feel like I don't want to be without my genuine love for him, but logically, I know I need to be without him. I can't discuss this with anybody in my life because the conditions surrounding our love are considered ""wrong"" by a lot of people.
   How can I get myself to just move on?","There is no wrong or right way to define a relationship. I believe each relationship we are in is an opportunity to expand and to know self on a deeper level. We are conditioned to believe that we are not valued, or worth much without the confirmation of others and the world around us. Give yourself time and try to not go to those who are toxic and enjoy the drama of others lives as s way to avoid looking at themselves."
"I know that I need to get past my feelings for this person I fell in love with, but t's so difficult to move on because he showed me feelings I've never felt before.    I feel like I don't want to be without my genuine love for him, but logically, I know I need to be without him. I can't discuss this with anybody in my life because the conditions surrounding our love are considered ""wrong"" by a lot of people.
   How can I get myself to just move on?","Love is a deep and nuanced feeling so start to accept that a simple cutting of emotional connection isn't possible.Honor the love you felt for this person.  Acknowledgement of your love feelings will most likely help you find a dignified way to accept them while at the same time slowly developing new ways to live your life in a way which does not include the actual person.Your feelings will always belong to you.  The newly discovered sense of how love feels will be with you and positively influence all your relationships.  There is a benefit to feeling loved even if it is not forever in this lifetime.Also, your partner opened your feelings, the feelings which showed in fact already were within you.  He opened the door and this door belongs to you.I hope you will find ways to appreciate having been loved and to be open that your feelings of being loved are a positive influence in all your relationships."
"I know that I need to get past my feelings for this person I fell in love with, but t's so difficult to move on because he showed me feelings I've never felt before.    I feel like I don't want to be without my genuine love for him, but logically, I know I need to be without him. I can't discuss this with anybody in my life because the conditions surrounding our love are considered ""wrong"" by a lot of people.
   How can I get myself to just move on?","One of the most challenging areas for people to deal with is getting over the the person you have loved so much. It's a catch 22. You know mentally that it's not healthy to think about them. However, your feelings are still there. Moving on is tough. It takes time for feeling to go away. That's the thing, it's not the person you're trying to get over, it's the feeling and the idea of them that is that makes it difficult. You've learned a lot from the relationship and time will help. Activity will also help. Are you actively living your life? If not, go out and maybe it's time to date and find new love. Grow with new relationships and it will help create focus on someone who may even be better than the love you previously experienced. You can do it!Earl Lewiswww.RelationshipsGoneRight.Com"
"I know that I need to get past my feelings for this person I fell in love with, but t's so difficult to move on because he showed me feelings I've never felt before.    I feel like I don't want to be without my genuine love for him, but logically, I know I need to be without him. I can't discuss this with anybody in my life because the conditions surrounding our love are considered ""wrong"" by a lot of people.
   How can I get myself to just move on?","It's difficult to move on and let go, especially when you've experienced things for the first time with someone, or feelings you've never felt before, as you said.I like the fact that you are looking at your situation ""logically"".  Feelings can take time to fade, but you seem to understand, even if it is subconsciously, that it's the feelings he stirred up in you that are keeping you tied to him, not necessarily the person himself. Realize that you can and will experience those feelings again with another person - the RIGHT person. Don't hold onto someone who is wrong for you just because of something like this. You're wanting those feelings and wanting a relationship - but with him necessarily? Or with anybody? You said you don't want to be without your love for him - not you don't want to be without him. In fact, you said you know you need to be without him. It seems like it's the LOVE that you can't let go of, and the feelings. Not the person. Trust me, you will find that again. Take some time to let this fade. Don't try to force him or anyone else into a role that is meant for someone else. Cherish the memories and the experiences you had. Sounds like it's been a valuable learning and growth experience for you, but you have your own reasons, and I don't know what they are, for thinking this person isn't good for you. Trust your gut instinct and be glad you've had this relationship. Not all are meant to last. But all shape you into the person you are and will become, and all teach us important lessons."
"I got engaged, and everything was going well. Things went downhill at some point, and I broke off the engagement due to an opportunity to go to college. After that, I found out she had been cheating on me. I think about her all the time now, and we have been communicating on and off, but my friends/family don't know.","Somehow you knew the marriage wouldn't have a good start if your fiancé was cheating on you.Congrats on your intuition and following your intuition.An engagement breakup is full of disappointment and sometimes talking about the particular points help the couple to clarify and possibly set the relationship on new terms or feel more confident in the breakup.I suggest you identify what topics re the relationship you'd like to clear up with your ex.If both of you are having touch and go conversation which doesn't address the deeper and more troubled areas which led to the cheating and breakup, there is a chance you both will go down a similar road of casual and light conversation which hits the wall of the deeper obstacles between both of you.Your friends and family don't need to know anything until you feel ready to tell them what you decide to tell them."
"He was in love with someone years ago, and he still thinks about her time to time. He said, and I quote, ""That relationship is definitely over. I love you, but that girl will always be in my mind."" It just didn't feel like he appreciated all the things I've done to make him happy.","Trust your intuition on your conclusion about this guy.He may very well love you, only with the ex so prominent in his mind, it is possible your feeling of not being appreciated now, would multiply if ever the two of you needed to address a delicate topic.Since he is emotionally attached to the former gf, it is very likely he wouldn't be able to fully love you as much as you'd like and are already sensing."
"He was in love with someone years ago, and he still thinks about her time to time. He said, and I quote, ""That relationship is definitely over. I love you, but that girl will always be in my mind."" It just didn't feel like he appreciated all the things I've done to make him happy.","It sounds like you were in a tough spot here.I'm not able to tell you whether or not you made a mistake because the decision is yours. I am wondering what led you to ask whether you made a mistake and whether you wish you were still in the relationship with this guy. If so, is it an option to talk about this with him?If you decide to get back together, consider having some conversations about what your concerns are and taking about five minutes or so to listen to this guy's thoughts, feelings, etc. Then see if you can repeat the essence of what he said to make sure you have it right. Then maybe you can ask some questions that you have and see if he is willing to listen. When each of you is in the role of asking questions, try to ask them as if you are an investigative reporter trying to learn more about each other's experience.If you are looking for information on coping with breaking up and you don't want to get back together or that's not an option, consider looking at how you define yourself and what is most important to you at this moment. I hear you saying you've done a lot of things to make him happy. I'm wondering what is making you happy. Hopefully you have friends or family that you can trust and talk to. Even if you don't talk about your relationship with all of them, I hope you have some people around whom you can be emotionally safe and comfortable."
"My spouse decided he no longer wanted me six years ago. Things have deteriorated so badly that we have separated but still live in the same house. He says he despises the sight of me, wants to be with other women, and divorce. What I don't understand is that he says constantly that I have no feelings for him and gets absurdly jealous if I speak to another male. Why does he constantly do these behaviors? I might add he has been diagnosed with borderline personality disorder and as a narcissist.","What a burden for you!Your husband cannot seem to make up his mind on his viewpoint and doesn't seem to care whether or not you're affected by speaking out of two sides of his mouth.Keep yourself protected emotionally from him.   There's no good which can come by arguing with a person who  flips their position.Live as separately as possible from him and stick to roommate type matters such as groceries, bill paying and housecleaning as discussion topics.If he cannot make sense of what he thinks and feels, then certainly you will face similar difficulty trying to do so!"
"My spouse decided he no longer wanted me six years ago. Things have deteriorated so badly that we have separated but still live in the same house. He says he despises the sight of me, wants to be with other women, and divorce. What I don't understand is that he says constantly that I have no feelings for him and gets absurdly jealous if I speak to another male. Why does he constantly do these behaviors? I might add he has been diagnosed with borderline personality disorder and as a narcissist.","It sounds like this is quite difficult.It sounds as if sometimes your spouse want you to be a part of his life (which could be a part of where the jealousy comes from) and sometimes he doesn't. Talking about this would likely be a delicate conversation and from what you mention he has been diagnosed with, I'm wondering if he has a therapist. If so, do you know whether he would allow you to come to one session so you can learn more about how he feels? Maybe he would be to use more of it because in the contained environment of an therapy office. This way at least you would know where he's coming from. You could also ask whether he is able to hear what you want, wish for, or desire between the two of you.Remember, just because you hear or follow what he is saying does not imply that you agree with him, although that concept in itself could be a subject of discussion because not everyone is aware of it.I hope that you are able to hold onto who you are and what you want throughout this."
My husband and I are separated. He says he needs some time apart. He says he needs to get back the “in love” part of a relationship but doesn’t want to lose me. Should I wait or start over new?,"It's not uncommon for relationships to go cold over time. It is a matter of one or the other becoming complacent. If you and your husband have been together for quite some time it's likely that you are very comfortable and familiar with each other. While this is a good thing in some ways, it can also become boring and you run the risk of losing that ""in love"" feeling he is referring to. Couples simply become ambivalent. For some of the couples I work with in my practice, I find that helping to organize a time apart, which I call a ""Therapeutic Separation"" can do wonders for the relationship. I offer homework to be done during this time. Reading, worksheets and individual counseling helps people learn more about themselves and what they desire out of their relationship. It often times brings more appreciation for their partners. When the pair comes back together, we are able to push the reset button and begin a new chapter that is more fulfilling and exciting than before."
My husband and I are separated. He says he needs some time apart. He says he needs to get back the “in love” part of a relationship but doesn’t want to lose me. Should I wait or start over new?,"That's a tough one.  Would you and your husband be willing to attend couples counseling during the separation?  That would benefit you both.  If you separate and reconcile, what will have changed other than you having time apart?  You will need to gain new skills to enhance and maintain your connection - otherwise you will risk repeating the cycle of disconnect, discontentment and separation.  Please seek help from a therapist trained in couples work to help the two of you find a way either back to each other or gracefully out of the marriage.  Time away will not, by itself, change your relationship into one that can be sustained."
"I want a secure relationship with someone that wants to be with me and who will actually put effort into it.
 I seem to gravitate toward unavailable men and those that want intimacy and no relationship. I let men dictate and control me because they accuse me of being controlling. I let men emotionally abuse me and I am at their beck and call.
 I am not comfortable being alone or doing anything by myself. I feel I need the security of someone being around just to survive. I know what I'm doing wrong and I do it anyway just hoping things will change. How do I stop this behavior and thought process?","You may be interested in reading my most recent post, Intimacy Begins With You. In it I offer 7 expert tips to help you get started on a path of self connection and discovery. This is important stuff to do in order to work through that stuff that's holding you back from the relationships you desire. You may find that it's especially helpful to do this work with the alliance of a skilled individual therapist."
"I want a secure relationship with someone that wants to be with me and who will actually put effort into it.
 I seem to gravitate toward unavailable men and those that want intimacy and no relationship. I let men dictate and control me because they accuse me of being controlling. I let men emotionally abuse me and I am at their beck and call.
 I am not comfortable being alone or doing anything by myself. I feel I need the security of someone being around just to survive. I know what I'm doing wrong and I do it anyway just hoping things will change. How do I stop this behavior and thought process?","It is a good thing that you have recognized that you have been in some unhealthy relationships and that you are wanting to break this pattern. You seem to have some good insight into the situation.The type of behavior that you are describing is usually rooted in childhood issues with insecure attachment bonds with your caregivers, childhood trauma and/or abuse or neglect, or dysfunctional family issues that did not allow you to develop healthy boundaries for yourself or a sense of self. This is something that is going to take some time to work through in therapy. I recommend a book titled “Boundaries: Where you end and I begin” by Anne Katherine. Another book that might be helpful is “Codependent No More” by Melody Beattie. In the meantime, until you can work through your personal issues, absolutely do not enter into another relationship. Take however long you need to and work on becoming a whole, happy, emotionally healthy person on your own. Needing another person to define you is problematic. That’s too much to expect from any individual.For a relationship to be healthy and happy, both people in the relationship first need to be a whole person on their own. That means having a clear sense of self, knowing who you are and what you want, knowing how to set healthy boundaries, and knowing how to meet your own needs. It is unreasonable to expect your partner to meet all of your needs all of the time. There will be times that they won’t be able to meet your needs. You have to know how to meet those yourself. When you are working on becoming the best you that you can be, eventually the right person will come into your life. Then you can CHOOSE to be with someone because you want them in your life instead of feeling like you NEED them to complete you."
"I want a secure relationship with someone that wants to be with me and who will actually put effort into it.
 I seem to gravitate toward unavailable men and those that want intimacy and no relationship. I let men dictate and control me because they accuse me of being controlling. I let men emotionally abuse me and I am at their beck and call.
 I am not comfortable being alone or doing anything by myself. I feel I need the security of someone being around just to survive. I know what I'm doing wrong and I do it anyway just hoping things will change. How do I stop this behavior and thought process?","Good for you on your keen awareness of your difficulties and your willingness to change!The type of change you'd like to achieve is possible, and since a change in self-confidence and self-love is deep rooted, this comes about gradually and slowly.Keep understanding yourself during your moments of doubt and anxiety.  Its fine to feel terrible and certainly better to know you feel insecure than to act upon the insecurity by being with men who take advantage of you.Everyone needs to feel loved and recognized.Until you attract a partner who will love and appreciate you, develop relationships with co-workers and classmates, neighbors, so that you have some quality of giving and being given by someone.It is a way to nurture yourself and another person until your strength and self-belief grow bigger."
"I want a secure relationship with someone that wants to be with me and who will actually put effort into it.
 I seem to gravitate toward unavailable men and those that want intimacy and no relationship. I let men dictate and control me because they accuse me of being controlling. I let men emotionally abuse me and I am at their beck and call.
 I am not comfortable being alone or doing anything by myself. I feel I need the security of someone being around just to survive. I know what I'm doing wrong and I do it anyway just hoping things will change. How do I stop this behavior and thought process?","Here are some things I'm wondering:Do you have close friends that you can talk to, trust, and who can be around sometimes when you're in between relationships?What do you like about yourself? What are your strongest points?Do you think you have been in relationships with controlling than in the past because it makes you feel as though you are worth something to them?What kind of relationship you want to be in?What are the top three or four attributes of the type of partner you want?What can you do to make yourself emotionally safe during your typical daily activities?Can you notice a list of things that you can control throughout a typical day? For example, you probably choose what to wear, what to eat, how to talk to others, how committed you are to school or work, etc.It also sounds as if it may be helpful to discover more about yourself in addition to what you look for in a partner.As far as emotional abuse, it may be useful to develop communication skills that you could use prior to their relationship progressing to the point that it is emotional abuse.Thank you for reaching out to ask questions. If the questions that I've asked here are difficult for you to answer or are overwhelming, talking with a local therapist would probably be something I would suggest."
"After my fiancé cheated on me because of a miscommunication, I pulled myself away from him.    Now he says all he wants is be with me. I'm pushing him away mentally now because he cheated on me again. I make plans with him that I don't keep. I really do love him still and I care about him. Should I give home one more chance?","People don't cheat bc of miscommunication.   People cheat bc they feel diminished regard for their partner.You pulling away doesn't explain his behavior.If the two of you still were a couple at the time he cheated on you, then there were many alternatives he cold have taken besides disrespecting you.Try to understand whether you are satisfied and happy in the relationship.  Your actions sound as though you are not either of these.Whether or not you decide to be together again many depend too on if the trust you had in him is restored.  Do you feel you can trust him again?If the two of discuss your relationship then if you don't trust him right now and the both of you talk about your dynamics, then tell him about your feelings.Trust is foundational to feeling safe and happy in a relationship."
I'm obsessing about a terrible breakup. Everything is a constant reminder. How do I move on?,"Moving on is the right question. Everyone's different in moving on. First, what can I learn about myself because of this painful time? Caring non-judgmental family and friends who listen with the head and heart help a iot. Other times I need a skillful, caring professional to help me move on. You will find a way because you've asked the right question. Dr. Spencer"
I'm obsessing about a terrible breakup. Everything is a constant reminder. How do I move on?,The termination of a relationship can be a challenge to heal from. Having obsessions after a breakup are very normal and many of my clients experience them. It can help to create a distraction box and when the obsessions present themselves use your distraction activities. In the beginning try to distract from the obsessions for 5 minutes and work to increase that time over time. Celebrate your successes when you are able to distract yourself.
I'm obsessing about a terrible breakup. Everything is a constant reminder. How do I move on?,"Initially, everything is a reminder because there is a trace of that other person present in everything in your life. When we lose someone, we're saying goodbye to what we thought our future was going to be.  Accepting that's changed and allowing ourselves to envision a new future is necessary to ""move on"". Start learning something new or try a new activity that you've always wanted to do.  Find whatever is ""good"" about being out of the relationship and focus on those things.  This can be an exciting time of transformation for you.   As time goes by, you'll add new things in your life that aren't entwined with this relationship and those things will begin to crowd out those things associated with the relationship.  Give yourself a little empathy, no one goes through a breakup without being sad.  It's ok to be sad.  It's even ok to feel devastated.  Loss of a relationship touches a primal need we have to belong.  It makes us feel insecure, unanchored.  In truth, we are ok, safe even.  This experience will open different perspectives for you.  There are lessons you'll take from it that will add another facet to you as a person.  Maybe in time, you'll even appreciate this experience.  I'm sorry you're hurting right now.  Best wishes to you, Allison"
I'm obsessing about a terrible breakup. Everything is a constant reminder. How do I move on?,"Dealing with a breakup is difficult. We have high hopes and then those hopes and dreams are dashed and we feel at a loss for how to deal with this sudden change in our lives. First, it is important to acknowledge that losing a relationship is a loss and we need to grieve that loss. If we don't allow ourselves time to process and move through the grieving process, we may remain stuck and it may make it hard to move on. So in some ways, you don't want to move on too soon by just trying to ignore your feelings. Instead, take good care of yourself, talk to friends and give your self time to heal. The second most important thing is to forgive yourself; this is also an important part of taking care of yourself. You might be blaming yourself and re-living moments when you wish you would have done things differently. By replaying those thoughts you remain stuck. When we begin to forgive ourselves, we truly begin to heal. Lastly, in my experience the people who have the most difficulty moving on have not really severed all ties with their ex. They are still following them on social media or even checking in with texts. This is probably the hardest part for some people, but to move forward there needs to be a clear boundary and a clear ending. If you have a clear ending, you can have a new beginning. I hope this helps. Take good care of yourself!"
I'm obsessing about a terrible breakup. Everything is a constant reminder. How do I move on?,"Relationships can be extremely enjoyable and satisfying.  When relationships end, however, it can be devastating.  It is normal to go through a grieving process after a breakup.  Denial, bargaining, sadness, anger and eventually acceptance are all normal stages of grief.  You may experience these feelings all at once or one at a time.  Allow yourself time to grieve by expressing your emotions - talk to a friend or write in a journal.  Take care of yourself during this time by exercising, eating and sleeping well and spending time with friends.  After some time you should start feeling better.  If you feel like you're not feeling better and you don't know what to do, you can see a therapist to help you get through this difficult time."
I'm obsessing about a terrible breakup. Everything is a constant reminder. How do I move on?,"Breaking up can be a very difficult thing.  I'm sorry you're feeling badly.    The first thing is to be really sure you are taking care of yourself --- that means eating well, exercising, getting good sleep, spending time with friends/family and making sure you are taking care of important things like work, rent, bills etc.    Secondly, it's important to do things that make you feel better and not worse.   If looking up your ex on social media makes you feel worse stop doing it!   It's important to concentrate on you and not them.    Thirdly, it's super important to make sure you're really looking at the situation accurately and look for the good things that still exist in your life ---  what is still good?   Even though your emotions are hurting and you are feeling badly, can you see the light at the end of the tunnel?  Do you feel hope?  If you do try to concentrate on that hope feeling.   If the obsessing continues and really gets in the way of living your life?   Maybe contact a therapist or counsellor that can help you through this difficult time?"
I'm obsessing about a terrible breakup. Everything is a constant reminder. How do I move on?,"Hi, Break ups can be very devastating and even traumatic. Recovering from one is a process that is unique for everyone person and will take time. It's important that you don't compare yourself to others. Each and every person will experience this grieving process differently. Here are a few tips to help with your recovery: 1. Make sure you surround yourself with people who love you and support you, friends and family. Even though you might feel like being alone, make an effort to be around them. 2. Although you might not feel like it, try to take care of yourself as much as possible: eat healthily, get regular sleep, & vigorous or gentle exercise (depending on your mood). The last thing that we want to do when we are physically sick (e.g. flu) is to take care of ourselves even thought that's what we need the most. But when we do get that chicken broth, sleep and vitamins we recover much faster and with less discomfort. That's exactly the same when it comes to emotional pain. Take care of yourself, keep yourself strong and healthy so you can recover faster. 3. As much as possible, put away reminders of the relationship. You might not be ready to throw things out, but try to put them away in a box in the storage or in a closet. And also block Social Media reminders. There is a lot of wisdom in the saying ""Out of Sight, Out of Mind."" 4. Once the initial shock and intensity of the break up wear off, try out something new. In a relationship, we often forget and give up on things that we always wanted to do or to try. Now it's time to bring out that dusty bucket list and start trying something new. 5. If possible, change your scenery by going away on vacation with a friend or even by yourself. Changing your surroundings can really help you change your thoughts, mindset and forget your ex even if just for a few hours. Even a weekend getaway with a couple of girlfriends can do wonders. 6. In addition, to help you make sense of your past relationship and what went wrong, I would highly recommend seeing a professional counsellor or therapist."
I'm obsessing about a terrible breakup. Everything is a constant reminder. How do I move on?,"The best way to move on is to give yourself sufficient time and space away from your ex so you can heal.  That means no checking out your ex on social media platforms and no contact.  In order to move on and diminish the obsessions, help yourself recognize and accept that the relationship is over, and make sure to get sufficient support in processing all your feelings.  Once that takes place, it can be useful to explore and process with a professional the meaning of the relationship and to understand your part in what transpired.Sometimes people obsess because they have difficulties accepting what's already taken place and want things to be different.  The key to moving forward is to be loving toward yourself, to give yourself permission to grieve the loss, and to start cultivating new and healthy habits/patterns.  Reengage in your present life, ask yourself what you want your life to look like, and start creating goals and taking small steps to create the amazing life you want for yourself."
I'm obsessing about a terrible breakup. Everything is a constant reminder. How do I move on?,"Let yourself know what you feel.   There is no timetable or known length of how much time a particular person requires in order to feel that the dissolved relationship is behind them.Probably the more you allow yourself to acknowledge your sadness from seeing the reminders, the sooner you will feel fresh and new again."
"I recently went through a divorce. My ex-husband called my sister saying bad things about me. My sister never defended me. Now that I showed the truth, she's shutting me up and saying she doesn't care about the fight. Why didn't she convey that to him from the beginning?","Sorry for so much emotional pain from the combination of the divorce and your sister not supporting you in the way you wish.When you feel ready and if you feel this would help, then consider to talk to your sister from perspective to improve the relationship the two of you have.Since the ex is gone and the sister is an ongoing person in your life, this particular incident is only one in many which the two of you will have with each other.The disappointment you feel now as to how she handled herself, is a point to bring up to her for the sake of clarifying the type of relationship you each would like to build with each other.As to your specific question as to why she did what she did, she is the only person who has the answer.Start with finding out if she wants to improve the relationship altogether.   Then you can use her lack of support with the ex, as an example of how meaningful her support of you is to you."
"I recently went through a divorce. My ex-husband called my sister saying bad things about me. My sister never defended me. Now that I showed the truth, she's shutting me up and saying she doesn't care about the fight. Why didn't she convey that to him from the beginning?","Unfortunately, I can't tell you what your sister was feeling or why she reacted that way.I can say that divorces can be difficult or confusing for everyone involved. While the divorce is most impactful for the couple going through it, the divorce itself also changes extended family dynamics. Also, a lot of people don't act the same way around extended family (or other people) as they do at home behind closed doors, so there are times when divorce is a real shock to everyone who was not directly involved in it.I wonder if you are at a place where you can shift your focus into looking at your relationship with your sister, how she is treating you, how you feel around her now, etc. I do not know how close you were before all of this and how close you feel now, but perhaps if you can assess your overall relationship, you could find a time when you could ask about this (why she didn't convey that to him from the beginning) in a way that is calm, not defensive, and is honestly looking for an answer from your sister, not looking to defend yourself at that moment. If that conversation can happen, it may be quite a difficult one, so it may be good to have something to think of to remind yourself that you are trying to gather information from her and him that conversation, it's not about you, but is about where she was coming from. After you think you understand that (I'm saying that you understand where she's coming from, not that you agree with what she's saying), you could see if she's willing to listen to how you feel about it."
"She said she needed space after three days of dating, and she got a boyfriend a week later. I still really miss her, and she told me she still likes me.","Given the short amount of time you know this girlfriend, there is no history on which to make a judgment about the likelihood of what she will do next.Certainly she is confusing by telling you she likes you and is with someone new.  And not giving you any explanation as to why she made her decision.I'd suggest two possibilities.Speak with her and ask her if she considers opening your relationship with her.Or, simply wait and see what she does when you contact her in a friendly way.Pay attention to your own satisfaction level.If you get more answers from her which aren't agreeable with you, then it is time to put the hope for this relationship behind you.Then you'll have clear space to find someone who is as interested in you as you are in them!"
"She said she needed space after three days of dating, and she got a boyfriend a week later. I still really miss her, and she told me she still likes me.","It sounds as if your ex-girlfriend is trying to figure out what type of relationship she is looking to have with you. There are lots of levels of relationships, from a basic acquaintance, to a more friendly acquaintance, to a friend, close friend, best friend, early romantic partner, committed romantic partner, and many more.If she is willing to have a conversation with you about her feelings, it may be helpful to have her explain her feelings to you while listening as an investigative reporter and asking questions that cannot be answered with yes or no, but are what are called open-ended questions, which ask her to provide more information. During this process, it would be helpful for you to try to think of it as not being personal, but just listening and trying to understand the experience from her perspective. After you have done this for five minutes (it's a rough estimate, but basically until you can restate what she is saying and she says you have it right), you can switch so she is asking you questions about how you are feeling. The goal is not necessarily to change the outcome, but to learn more about yourselves and each other.Then you may have an idea of where you stand in each other's eyes."
"My ex-girlfriend says she's bored and wants to experience life single. I treated her really badly and caused meaningless fights when she didn't do anything, I feel remorseful, and I'm willing to do whatever it takes to get her back. She's unhappy. When I called her, she was crying and said she will text me when she's ready.","Were you happy with the ways she satisfied you?A relationship is happiest if each partner concentrates on the happiness of the other.Strange for someone who was treated badly to describe themselves as bored, rather than say they feel hurt.Is it possible you are being self-critical about your behaviors toward your ex girlfriend? Either she is unaware of her feelings or not being fully truthful with you about her feeling badly treated.Since she's putting up a barrier to communicating with you, better for you to respect this than contact her by phone again.Consider in a few weeks, so each of you has time to think over your happiness with the other person, to write her an email which states your interest to re-open the relationship.Who knows, you may even decide by the end of a few weeks, that you're fine without this particular relationship.Depending on her response to your email, you'll know whether and how much chance there is for the relationship to clear up the problems of the past and to continue."
My fiancé and I broke up. He cheated on me numerous times. I kept forgiving but questioning his every move. He got tired and left.,"Cheating on you shows a lack of commitment, in addition to the emotional hurt it creates.Probably you didn't actually forgive him because if you did, then you wouldn't have been asking questions of his every move.Maybe you were open to forgiving him.   In order for forgiveness to be effective, the person who has done the injuring must first show some understanding and empathy for the great pain the person caused in you.From what you write, your fiancé didn't seem to have much interest in earning back your trust or in empathizing with the way his cheating effected you.It is very likely his tiredness is also tiredness you feel, of having to watch him all the time.As uncomfortable as adjusting with the disappointment of him leaving you, the situation you describe sounds like it was unsatisfying for both of you."
My fiancé and I broke up. He cheated on me numerous times. I kept forgiving but questioning his every move. He got tired and left.,if he as cheated on you multiple times it is not healthy for you to continue seeing him.  However It takes time to heal your pain. You are not a robot that can just switch off your emotions.  Please surround yourself with people who can support and empower you.
My fiancé and I broke up. He cheated on me numerous times. I kept forgiving but questioning his every move. He got tired and left.,"There is a grieving process after losing a relationship (or any other major loss, such as a job, a house, etc.). One of the things to consider is give yourself a chance to go through the tasks of mourning:To accept the reality of the lossTo process the pain of griefTo adjust to a world without the person who has just leftTo find an enduring connection with that person in the midst of embarking on a new life. This could mean a lot of things, but it could be holding certain memories as your own.You may also find things that make you feel happy or comfortable. It's also helpful to have people who you can talk to about your feelings and people who may be able to recognize things about you that you cannot see right now (such as how you are honest, committed to your work, a good listener, etc.).This takes some time. Try to be gentle with yourself."
"I was in a relationship with a woman for four years. We both made mistakes, but I do love her.    She has moved in with another lady. I think she is just cheating on me to make me miss her. How can I find out for sure?","Has your former partner made any efforts to be in contact with you in order to restart your relationship?From what you describe, your former partner is in a new relationship.It is possible that since you love her and would like to be together again, that you are misinterpreting your former partner's actions.If you'd like to have more certainty as to wether your former partner is cheating or whether she is happy to be with the new partner, is to contact her and ask her your question.A better road may be to accept your sad feelings that she is with someone else.Since she was meaningful to you, respect the sadness you feel and that the relationship didn't continue as you wished."
"He had a sexual relationship with his sister and kept it from me for years, I confronted about it and he finally told me what happened. But I dont think he is telling me the whole story. He works with her and sees her every day.    I feel that I shouldn't stay with him , but he says he ended it long time ago. Should I trust my husband and stay with him?","Trust is a necessary factor for an intimate relationship to feel safe.The person who must repair the trust is the one who has broken this trust.The best way to find out if your husband wants to restore your trust in him, is to ask him this question.  He may not be willing to meet your request.If he hesitates or becomes defensive about the need to restore your trust, then ask him to think his decision through and tell him the serious consequence you are considering.Ask him to reflect for a few days or a week and then to address the topic again.If you and he consistently find that he is unwilling to do anything at all to regain your trust, then I agree you have serious thinking to do as to whether or not you'd be able to live within a partnership based upon trust, in which you don't trust your partner."
"My ex-fiancé (whom I am still seeing) left me because of the pressure from all three of his teenage daughters. They wanted him to try to work it out with their mom (his ex-girlfriend of 20 years). He and I split three months ago, but I have been seeing him pretty regularly despite the fact that he is living back with his ex-girlfriend and kids. He is ""co-existing"" for the kids and fighting all the time with his ex-girlfriend. His daughters don’t want their dad with me because my two boys (grown adults and on their own now) had bad reputations and issues with drugs. His daughters say it is embarrassing for him to be with me. He and I had an absolutely amazing relationship and connect on so many levels. He is getting a lot of pressure from his family and his longtime friends to ""do the right thing"" and stay with his ex-girlfriend for the kids. He says he wants me to wait. We were going get married last year. He bought me a $1000 dress, we had invitations made, and everything set up, but then his girls told him they'd never speak to him again if he married me. He says he’s trying to mend his relationship with them.","Hello. It seems you are in a set of circumstances that are highly uncomfortable for you. Do you feel those circumstances are healthy? Do you find pleasure being in such a place of uncertainty? Why do you continue to be in this situation? Without meaning to appear that I might be lacking in compassion, you do have the option to leave the connection completely if the harm it is doing is more that the pleasure it brings you. Is there a benefit to being in this relationship? Do you consider this situation to be for your highest good? Is it healthy to be involved in something that is not likely healthy or perhaps could even be seen as dysfunctional? In truth, only you can decide the answers to these very important questions. I would encourage you to think of who benefits by being in this situation, and how you might be able to find happiness in other relationships that are healthier and more positive. In my clinical view based on what I read, this particular relationship does not carry the joy I am sure you want, nor the healthy interactions you would expect in a functional romantic engagement with another person.Beating yourself up about potentially wasting all this time waiting for the other person to come around will not serve a positive purpose. It likely will only lower your self-esteem. There is a time to wait to see how things develop, and a time to move on to other experiences. You are the one to make that choice, but I would encourage you to connect with your inner higher self, for the most clear answer. Chances are, you already know the answer, you just need to embrace it. Getting in touch with a counselor in your area can also help ferret out some of the deeper issues that you might not have felt comfortable expressing here."
"Ive been in an on an off relationship with a this man for almost 3 years. Even though I care about him, he continues to hurt me.    He and his wife were separated when we met. Now he's going through a really difficult divorce from her and is taking it really hard. I want to end this relationship, but I don't feel like I can. How can I let go?","Hello, and thank you for your question. Boy, ending relationships is tough, isn't it? Sometimes it's tough even when we are 100% sure that it is the right thing to do!I am going to give you some of my thoughts, and hopefully some colleagues will add some others. One of the things that I want to point out is that ""letting go"" is not really a thing. In other words, it's not really something you can reach out and grab. It's more of a process. This is good news, because you don't necessarily have to be at the end of the process to end an unhealthy relationship. We just have to accept that there will be feelings that come up even after the relationship is over. For example, someone can end an unhealthy relationship today, but then be reminded of the good times on what would have been their ""anniversary."" This could make the person very sad. They may even regret ending the relationship for a little while. It would important, then, for the person to remind themselves why the relationship needed to end, and that they are healthier because of it. This is relevant for you. It's hard to walk away from a relationship. We fear all kinds of things, including being single! Sometimes it's helpful to compare what you are getting out of the relationship to what you want from a relationship. It's helpful to be honest about what we have given up for an unhealthy relationship. It's fine to admit uncertainly about ending things. It's okay to be afraid. It's okay to have moments of doubt and sadness along with a dash of guilt. And even with all of that, someone can still leave if it is the healthiest thing for them. They can have sadness later on, and still not go back.It sounds like you are feeling responsible for making sure he is okay because of this divorce. The truth is that there is not necessarily a ""perfect"" time to end any relationship. There would be no guarantee that he would be doing any better after the divorce. Sometimes NOT making decisions stresses us out A LOT more than making a decision and living with the consequences, both good and bad. You may be at that crossroads. Be well..Robin J. Landwehr, DBH, LPC, NCC"
"Ive been in an on an off relationship with a this man for almost 3 years. Even though I care about him, he continues to hurt me.    He and his wife were separated when we met. Now he's going through a really difficult divorce from her and is taking it really hard. I want to end this relationship, but I don't feel like I can. How can I let go?","First decide what you truly would like in the current relationship. Understand your reasons for staying in the relationship.Three years is a substantial amount of time to be involved with someone.   Whatever attachment you feel toward this man is deep and complex.Instead of deciding to leave or not leave, change your question to figuring out your satisfactions and dissatisfaction with the man. Also important is to tell the man your feelings.Whatever problem you are feeling may become clarified by discussing what bothers you.At the very least, you will give the guy a chance to show how interested he actually is in the tension you currently feel and have felt for a while."
"I was in a relationship for almost five years. We were friends for a few years before we got into a relationship. He was a caring, friendly, and charming guy up until three and a half years in. He started controlling me: who I hung out with, where I was at all times, and he had a huge hissy fit if I tried to ask him the same questions. All that time, he just liked me as a friend and was cheating on me with my so-called friends. At the end, he was a nasty and narcissistic person. Now it’s hard to be social.","It sounds like you had a very confusing and painful experience in this relationship, and now you feel hesitant to let yourself get close to people. It is understandable that when we are hurt in relationships, we may have trouble trusting and allowing ourselves to be vulnerable with others.Therapy is a great place to explore the roots of present difficulties in relationships, to unpack what happened in prior relationships, and to find new ways to show up in relationships so that we can have the relaxed intimacy that we want. Often, relationship difficulties represent patterns of relating that we learn early in life which we may feel compelled to act on outside of our awareness and therapy provides an opportunity to become more aware of these patterns so that we can change them, enabling us to feel secure and to seek out satisfying companionship."
"We're not together, but I’m still doing things for him and we are intimate. He’s not there for his son.","You didn't ask a direct question because I feel from what you wrote you already know the answer.  I hate to sound harsh but I am a therapist that call it how I see it so brace yourself...You will always continue to have problems with letting your child's father go as long as you:Don't love or respect yourself first...Don't love and respect your son...Don't demand respect as a woman and mother...Give up the goods regardless of what he does for you or your son...Don't hold your son as a priority in your life....Have self worth of a $1, etc.I have a feeling you are saying...I do love my son and hold him as a priority even if you don't do it for yourself...I would ask...Are your actions of allowing such disrespect from his father proof of that?I know what I have said may have gotten under your skin...I want it to.... because I feel that you have a conscience, want to do better, know you and your son deserve better and you can do better.  Believe in yourself and that you and your son DO desire better and it starts with you setting boundaries with his father.  You can do  it!!!"
"My husband told me last year he never loved me and should have never married me. He's been talking about divorce, but he hasn't filed. Now he has a girlfriend and he abandoned me and his kids. He has no financial help, and he has been out of the home for four months. He became very angry and mean. He says it's all my fault, and that we're not compatible.",It's hard to say that it is a midlife crisis stage..  could be... but so much more seems to be going on or have been going on to say with confidence that it is not much more.
"My husband used a lot of negative words to hurt me, and I moved out. He is seeing a counselor and wants another chance to make things right. I'm not sure if I trust that he will not go back to his old ways.","I am glad he is seeing a counselor.  That is something that most men struggle with doing at times.  Time will tell if his actions are of good intentions.  However remember that a person can only do to you what you allow them to do in relationships.   What part did you play?  Did you down play his disrespect at one time?  Did you give up the power of your own voice?  Did you lose yourself in the relationship and it became just one sided?  Did you allow him to make you doubt yourself?   In others words, if you do decide to give him another chance, what would you do different?  Not saying that you are the blame or cause of the negative words AT ALL, but don't allow such disrespect from him or anyone else in the future.  If you do decide to give it another try, go in with a voice, with the demand of respect, with your needs and wants expressed and expected.  With an increase in your self worth and confidence, you will know what to do if his actions are true or if with dishonest intentions.   Seek counseling as well, if you need that additional support to find self."
"My ex-boyfriend boyfriend and I lived together. He had a two year affair with a girl and had three pregnancies with her. One was an abortion, another was a miscarriage, and then she had the third baby. They are not together, but he continues to contact me and wants me back. He has nothing to offer me.","Hi Attica,This is a question I think a lot of people deal with...they feel confusion about why they can't forget about or get over (or stop connecting with) someone who they absolutely know isn't good for them. In your case, part of the problem is that he keeps trying to get back in touch with you. For some people, honestly, it's a game... to see how much power they have over you or it's their need to control you. If you don't want contact from this person, it's really important to give him clear messages about boundaries (""Don't contact me again""), and then ignore all of their communications. Any interactions or responses from you at all will feed their behaviour. Remind yourself why you don't want to be with them. I hear you doing that already when you say ""he has nothing to offer me"". That's great self-talk.But let's get back to the question of why we have a hard time letting go of people like this. Sometimes it's because we still hope they will change. Maybe we remember who they used to be or how they used to treat us, and we think it can go back to the way it felt in those ""good old days"". The problem there is that, over the first few years, as intimacy grows, people tend to show more of who they are, not less. So what they're eventually showing you is who they are and what they're capable of. People do change and grow, but it won't happen at your pace. Accept that person for who they are and stop expecting them to change. Another reason we can't let go is because we picture our ex with someone new in the future and we wonder if they will be a better person for the next partner in their life. This is a normal... but not a healthy... thought. It's as though we want them to stay, maybe apologize, and heal our hurts; maybe make up for past mistakes. You deserve that healing, you deserve better than you got, you deserve apologies, but to expect that from the person who hurt you and hasn't demonstrated that compassion as yet is probably foolhardy. It is my belief that underlying some of the above scenarios is the deep belief that we must somehow be responsible for the hurts our exes have caused. If you blame yourself in any way for someone's poor treatment of you, you will be dancing around trying to do things differently so that they can treat you better. It will be impossible to let go, because you blame yourself for their behaviours.Draw a line. Their behaviours are about them, not you, and the only solution is to challenge and reduce thoughts of them, and create physical and emotional distance. These things plus time will help the events of the past fade from importance."
"My husband and I got into a huge dispute. He said he wanted a divorce, and I left. I still come home a lot and see my kids, and he has not filed yet even though he still said he is. What does that mean for our marriage?","In any relationship, including marriage, each partner will be better able to do their part, by understanding their own interests and wishes.Concentrate more on what you'd like from your marriage.  This will naturally raise the questions and criteria of what to talk with your husband about and what to ask of him.Think over whether you wish to divorce or not.Since he hasn't taken any action, then for the moment, you can assume he is not sure of what he wants.Once you feel a little more clear on your opinion about your marriage, including feeling uncertain if you'd like it to end or continue, then you will be able to tell your husband the suggestions you have for resolving the dispute matter and emotions.Try to re-direct your speculations about, ""what does he want"", ""I wonder what he's thinking"", back to answering these very reasonable questions, about yourself.This will strengthen your own purpose in clarifying where to start and guide a discussion with him.Good luck!"
"My husband and I got into a huge dispute. He said he wanted a divorce, and I left. I still come home a lot and see my kids, and he has not filed yet even though he still said he is. What does that mean for our marriage?","In situations like this, in most cases, he probably will not fill anytime soon. It's more of the fact that he isn't ready to give that life yet... Now if you probably pressured him about it then yes, he would probably give in.. But if it hasn't been a big issue anymore or something you guys aren't talking about, then right now.. Everything is on a hold."
"In 2008 my former husband of 14 years walked away from my life and we've been separated ever since. We have always been together sexually and both have experienced sleeping with others. I stopped because I wanted my marriage to work out but he did not. If he stops sleeping with other women, can our marriage be saved? Or should we just part ways? I still care deeply about him after all that I did and he has done. But he is seeing someone else on and off for years now. Will our marriage still be saved if he decides that he wants to try to do so?","Sorry to hear about the stress in your relationship.  There is definite value in being clear as you are, about your own emotional investment in your husband and that you expect sexual exclusivity from him as part of the foundation of your marriage.Also positive is your awareness that only your husband is the one who must similarly decide his own standards of being sexually exclusive to you, or not.Whether your marriage can be saved depends on what each person is willing to accept about the other one.Is sleeping with other women the only criterion of what will satisfy you about being together with your husband?Love and care are not enough to make a marriage work. Partners need to be able to compromise and cooperate with each other. That you care for him definitely intensifies any emotion you feel toward your husband.  It intensifies any frustration and sadness about the relationship too.Decide how much emotional sadness and hurt you're willing to tolerate and the reason you're willing to do so.From what you write, you are being very generous of yourself and not being reciprocated for this.If your husband doesn't start taking steps toward satisfying your wishes, this may be your time to question your own generosity in waiting for him to do so."
I keep on begging him to come back. I am so unhappy with him but am so scared of being a single parent to our son. I was abused as a little girl and that has made to be very abusive to men. What should I do...,"Major change frightens almost everybody.Don't be so afraid of your fear that you let yourself beg and are willing to accept unhappiness as a standard in your marriage.If you start considering that life can be better than what is current for you now, new possibilities and ideas will start developing in your mind.Consider finding a therapist so that you have private space to talk in detail about your fears and the new ways of seeing your Self.A therapy relationship, since it is safe and supportive, will be a good balance to having been abused, suffered, and unhappy."
My wife just last week said she wants a divorce and it's all sudden. I understand that marriages have their ups and downs but I don't understand why she can't tell me why she wants a divorce. Should I fight for my family (daughter and wife)?,"Chances are, if you really think about it, there were signs that something wasn’t quite right in your marriage. You may have passed these things off as being the normal ups and downs of a marriage, but whatever it was (or wasn't), it's obviously bothering your wife. I would say yes, keep trying to fight for your family, at least until you know what the problems are from your wife's perspective and if they're repairable. Ask your wife if she’s willing to try to work on the marriage and then see a marriage counselor. Just be sure you’re open to hearing what's said and try not to get defensive if she blames you for some things.Even if your wife is adamant about getting a divorce, that doesn't mean you’re divorcing your daughter and you should make sure she knows that. Continue to be a part of her life. And although it may be difficult, if a divorce does happen, try to be as amicable as possible with your wife so your daughter isn't further impacted by this new family dynamic."
"I am going through a divorce from a narcissistic sociopath who left me for another woman after mentally and emotionally abusing me for 11 years. I have moved to a different state and after giving up my successful business am working as a server at a restaurant. I’m coping as best as I can. Is it normal and healthy to not adapt as quickly and be as strong as I think I should be? I am astounded at his cruelty and how much he doesn't care, as well as most other people in my life. I feel like I don't exist to anyone anymore as there is no contact from anyone who I thought cared about me. My brother just said no to lending me a few hundred dollars for me to live on. I am losing faith in humanity itself.","I am very sorry to hear of your struggles. I think that it is normal to struggle to get your feet under you again after a divorce, especially after leaving a relationship that lasted 11 years, so try not to be too hard on yourself. Take it one day at a time and do the best you can.I notice that you said he left you. This tells me that you didn’t have the strength to leave him on your own despite the fact that you say he was emotionally and mentally abusive and also cheating on you. Low self-esteem can keep someone in a bad relationship because they think they can’t do any better. Also, abusers will make you think that they are the best thing you can get. The way I see it, he did you a favor. You are now free to make your own life whatever you want it to be. Take this time alone to work on you. As hurtful as it may be that other people don’t want to help you, this is something that you need to do for yourself without feeling like you need someone in your life to take care of you. Your statement “I don’t feel like I exist anymore” tells me that in addition to low self-esteem, you also don’t have a clear sense of identify and rely on the people in your life to help define who you are. People can and will let you down. It is important for you to learn to handle disappointment, learn to take care of your own needs, and to gain a stronger sense of self. Do nice things for yourself every day because you deserve it. Even if it is just to soak a little longer in a hot bubble bath, do something that makes you feel good. Find a hobby that you enjoy. Look in the mirror and tell yourself some positive affirmations daily. Google “positive affirmations” to find some that resonate with you. Such statements might be “I am a good person who deserves to be happy” or “I can do this.” Some relaxation and meditation exercises may help you as well. There are some free meditation exercises that you can find online by doing a simple Google search.Take this time to focus on you and try not to worry about what everyone else in your life is doing. When you are a happier, more stable person, the right people will come into your life without you even looking for them. Good luck with rebuilding your life. I know it is hard! Remember to take it one day at a time."
"I am conflicted with this guy I work with. He is a coworker and close friend whom I've had a crush on since meeting him four years ago. We made out once after years of flirting. I was hoping for more, but nothing happened. I distanced myself a lot after.","Hello! Emotions run high in ""crush"" situations and when emotions run high it's not uncommon for us to have emotion-based instead of fact-based thoughts. After reading your question, I wondered how you went from ""making out"" to ""nothing happened?"" I wondered if this happened because of an emotion-based thought that sounded like ""If he liked me, he would make something happen."" A truer and more empowering thought might be ""I want something different to happen with him and I want to take a different action to see if that can happen."" This thought focuses more on the one thing you can control: YOU.  Hopefully, the thought also empowers you to think through what you can do to gauge interest/talk with him about his feelings on the matter. I hope this helps and good luck to you!"
I believe it is wrong for men to look at inappropriate content. The father of my child has agreed to respect my beliefs. His co-worker sent him an inappropriate video. He got mad because he does not think he should tell his friend to not send him things like that.,"The offspring are your Property;If you require that no other man show inappropriate content to them, then require compensation for use and enjoyment of your Property, without your consent;Send them a bill;When they do not pay it, activate the local Sheriff, take them to small claims court, and win a judgment against them for failure to compensate for the use and enjoyment of your Property;I wonder what might happen after that... learn to act as man :)... and watch the magic happen..."
I believe it is wrong for men to look at inappropriate content. The father of my child has agreed to respect my beliefs. His co-worker sent him an inappropriate video. He got mad because he does not think he should tell his friend to not send him things like that.,"From what you write, it sounds like you're reaching quite far into your child's father's way to handle his friendships.There's a difference between an agreement between you and the child's father to not view porn, and with you monitoring and setting standards for your child's father's way to handle his social life.Try to accept the limits of your request extends to you and the child's father, not the way the child's father wants to handle his relationships with other people.Also, pushing too hard or setting your expectations of the child's father too wide for him to tolerate may end up backfiring on you.Who knows, maybe he'll decide ""enough is enough"" and withdraw from the otherwise reasonable agreement to not watch porn."
I believe it is wrong for men to look at inappropriate content. The father of my child has agreed to respect my beliefs. His co-worker sent him an inappropriate video. He got mad because he does not think he should tell his friend to not send him things like that.,"In my book, this is a boundary issue. Although you do not like inappropriate content, it is not up to you what your child's father looks at or what his friend sends him.  It is really hard not to monitor other people's lives, but in the end, your rights begin and end with you."
I believe it is wrong for men to look at inappropriate content. The father of my child has agreed to respect my beliefs. His co-worker sent him an inappropriate video. He got mad because he does not think he should tell his friend to not send him things like that.,"It sounds like you are wanting to protect your child from degrading images and that is one of the important parts of the job of a parent. Although it is challenging to supply an answer without knowing the full situation, it might be helpful to have a more broad discussion about what you both think about the influences and images that your child is exposed to and what you think your role is in protecting your child. This situation is one about beliefs and values and could well be an example you can use for exploring your parenting roles in protecting your child."
"My boss took over some work I'd begun. Concerned that she had doubts about my work, i asked her for feedback. I assured her that I did my utmost for customer service, and asked if I was deficient. She then said this was me being co-dependent.","This interaction with your boss seems strange. It is tricky to know how to handle workplace conflicts, but there are typically resources in place to help employees and mangers communicate successful and feel confident that they are being treated fairly at work. Is there an HR department that you can use as a mediator?"
"I am in a high stress position for a tech company. I am being overworked and underpaid for my contributions and it is not only giving me anxiety, but also demoralizing.
   What can I do to manage my stress?","I think it's important to tease more of this situation out to figure out what is at the root of the stress. It is emotionally dangerous to be at a job for a lengthy duration in which you feel overworked and underpaid. You will not perform well as you mention, and thus your self-esteem will continually take a hit without really any effort. So, I don't know that simply coping with your stress would be advisable as a first step.You don't speak about a lot of what the office dynamics are like, which can be a big indicator for me of what can be done to help you feel better (because we exist as a part of a relationship with everything, including people at our job.) I would encourage you to speak up about your contributions to your boss. Often, ""overworked and underpaid"" also includes the ""my boss never notices me,"" and that can demoralizing. If we feel appreciated, that can go a long way. I've found that it is quite common for bosses to require some instruction for how to show each of their employees ""appreciation"" (and it goes deeper than ""thank you"" or taking you out to lunch - it's almost something felt as opposed to made explicit.)But sometimes appreciation isn't going to do the trick either. Because that overworked and underpaid actually has led you to feel ""burnout."" You have zero interest in doing the job in the way it is designed, so some real changes need to be implemented. The bottom line? Try not to just ""suck it up"" and do all of the ""self care"" work on your own. If your company isn't helping you to take care of yourself (I'm talking to you, boss that handles employee pay and/or work conditions!) then you also have to question if this is a company worth working for. While I don't know exactly what you do, it sounds like you have confidence in your contributions! So take that confidence to a tech company that will support you (and there are tech companies out there!)"
"I am in a high stress position for a tech company. I am being overworked and underpaid for my contributions and it is not only giving me anxiety, but also demoralizing.
   What can I do to manage my stress?","Being in this position is tough. If seeking another career opportunity isn't viable, there are a couple of things you can do to manage stress on the job.  1. Have a ritual to begin the day:  Consider setting a one sentence intention and plan tasks for the day2. Take the breaks you are offered. I know it can be difficult to step away from your desk to eat lunch or take 10-minute breaks during the day, but prioritize this if you can. Sometimes 30 minutes of downtime and fresh air can help you feel better. 3.  Have a ritual to end the day:  If you commute by car consider an end of the day playlist.  Take a walk. Light a candle.  Clear your desk and write tasks for the next day. Whatever it is, send a signal to your brain that it is time to end the day.4. If you do work from home or are expected to be available after hours, set boundaries where you can.  Set a timer for answering emails and stick to that.  Have phone free meals.    Try to engage in activities that are rejuvenating like spending time the friends and family.  5. Try to limit alcohol/ drugs.  Move as much as you can.  Get outside in natural sunlight.  These are just ideas/ suggestions.  Even doing one of these things could be a step in the right direction.  Best of luck!"
"I am in a high stress position for a tech company. I am being overworked and underpaid for my contributions and it is not only giving me anxiety, but also demoralizing.
   What can I do to manage my stress?","Hello. Workplace stress is one of those areas of living that troubles many people who need an income to survive. The interactions between you and coworkers is a mixed bag, and sorting that out can be difficult. Also, if you are feeling under appreciated and not well paid, this can add bitterness to your lot of emotions. A few questions can be kept in mind as you work through your situation. Do you have the option of talking to your employer about your experiences and feelings with regard to your current work? Do you have local resources that you can use to find different jobs in your field? Do you have connections with employment counselors or agencies that can support you with strategies in dealing with workplace stress? These questions might cause others to bubble up, and could begin a new journey into a new field.While still at your job, what can you do to take care of yourself? Are you taking breaks? Do you eat lunch at the office, or do you go somewhere away from the office to eat? What do you do when you have a few moments to breathe? Understanding that you can indeed find even the smallest strategies useful for self-care, can help bolster your energy and give you some support as you move through the day. Seeking the support of family and friends can be helpful as well. Knowing your personal limits and when to pull back and take a break will give you a chance to recharge your mental and physical energy, thus helping you face the demands of your job."
"I am in a high stress position for a tech company. I am being overworked and underpaid for my contributions and it is not only giving me anxiety, but also demoralizing.
   What can I do to manage my stress?","Ugh!  We spend so many hours at work, so if it's a tough environment it can really drag you down.  Is this your ""dream job"" gone sour or a ""just pay the bills"" deal that has gotten stale?  It makes a big difference in terms of next steps.For example, if this job is a step on the way to a bigger goal, it might be time to assess whether you need to be moving along to then next phase.  Have you learned what you needed to learn to make this a helpful experience?  Or do you sense there is more to learn, but you feel stuck in some way? If this current job is part of a bigger plan, then you need to practice some good self care, set up ways to remind yourself why you are doing what you are doing, and make sure you are including some ""carrots"" along the way.  That might mean spending some time each week networking (preferably live but online works well too) with peers in similar situations (entrepreneur groups, skill building trainings, etc).  Big dreams require small steps, but we all need support along the way.If , however, this is ""just a job"", then you really have to reassess your situation.  If you are burned out and not getting paid your worth then  look around for other opportunities.  You are employed, not owned.  You mentioned anxiety, and while I don't want to minimize the very real issues anxiety presents, is it possible that some of your anxiety can be seen as ""revving your engine""  and readying you to move on?  Or is it that pervasive feeling  of never being able to finish your work, feeling like you will be ""in trouble"", or dreading every single moment of your workday?  The first is a potentially positive motivator, the second is just bad for you.   See the difference?In order to feel any satisfaction with your job, it needs to be financially rewarding (to a level that makes sense), be a good atmosphere to learn, be supportive and/or be a step on the way to a bigger plan you have.  If your job isn't fulfilling any of those criteria, you need to move on.  And finally, if the only reason you have this job is to pay the bills, and you truly see no way around keeping your current position for now, remember why you are there - this is a job, not a family.  You rent your brain and body to your employer, not your heart and soul.  Those belong to you and you are responsible for feeding them.  That means good self-care, making sure you have social engagement (face-to-face, not just online), move your body, feel the sun on your face daily, creating ways to refresh your body and mind and generally taking care of your whole being.Discomfort exists for a reason - it primes us for change, gives us the necessary motivation to take reasonable risks, and pesters us until we do so.  The first step is to figure out what change is realistic, and take action."
"I am in a high stress position for a tech company. I am being overworked and underpaid for my contributions and it is not only giving me anxiety, but also demoralizing.
   What can I do to manage my stress?","It sounds like you are experiencing burnout and have very little, if no job satisfaction.  There are some aspects of this that are in your control and others that are not.  What type of work do you typically enjoy?  Do you enjoy high stress work? What keeps you in this job? Is there a reason you have stayed?  Is your boss reasonable to have a conversation with?  I recommend a few things.  For one, you may want to have a discussion with your boss about your job duties and see if there is a way to either eliminate some responsibilities or get higher pay.  Another option, if you are unable to have an open conversation, you can start to look at an ideal work situation, what would you like/ be OK with/ absolutely hate about a job. Then possibly try to look for a new job that fits these qualifications. If you are unable to leave your job, you may want to attempt to balance your work life with more activities that create joy outside of work.  Sometimes that balance can help you tolerate work more.  I recommend that you find a supportive person to talk with and process these frustrations as burnout can lead us to do things we may regret."
"I am in a high stress position for a tech company. I am being overworked and underpaid for my contributions and it is not only giving me anxiety, but also demoralizing.
   What can I do to manage my stress?","Recognize your reason for continuing to work for this place.Sometimes ""overworked and underpaid"" is tolerable bc of the valuable learning which the person will take with them when they've decided the time has come for these lessons to end.Or, are you in this place bc it is an easy commute to your home or fits well with other parts of your life such as education or some health related program?As long as you have a good reason to be there, you will feel there is good purpose.If there is no good purpose and every day you wake up to work for a place you can't stand, then its time to look for a new position."
"I've been suppressing it for quite some time, but there are days when I can't make eye contact with her. I think she knows, and we both admitted there was some type of vibe, but the overall discussion was vague. I think she could possibly be dating someone that works with us. It's driving me crazy. As an act of expression, I have purchased a gift for her that's personalized. I haven't given it to her yet.",There are many possible ways dating your boss could go awry and jeopardize your occupational well-being so my recommendation is to hold off on presenting your boss with a personalized gift and instead focus on building attraction and romantic interest with someone who is not at the workplace.  Sometimes the element of power and unavailability can heighten our sexual interest but that doesn't mean it's a healthy idea to pursue someone who is in a position of power over you at your workplace.
"I've been suppressing it for quite some time, but there are days when I can't make eye contact with her. I think she knows, and we both admitted there was some type of vibe, but the overall discussion was vague. I think she could possibly be dating someone that works with us. It's driving me crazy. As an act of expression, I have purchased a gift for her that's personalized. I haven't given it to her yet.","Human attractions can be tricky things, and in this case - a power dynamic. In the workplace, a boss usually has the power to hire, fire, set schedules, approve vacations, and evaluate performance. Because of this power dynamic, most employee handbooks expressly forbid supervisors and their direct employees being in a romantic relationship. Perhaps you should check your employee handbook.  It is possible that if you or your supervisor act on your feelings, one of you might have to be reassigned, or if no reassignment is available, asked to resign. While you may be attracted to your boss, and your feelings may be strong, it might be in your best interests to resist acting upon them."
"My wife is always accusing me of cheating and telling me that I'm doing things she finds disrespectful even when I don't mean it like that. For example, she gets offended when I call someone at work ""sweetheart."" I wish I had a penny for every time she accused me of cheating on her. She doesn't, and never will say she was wrong. How do I get her to understand?","Hello. That must be very frustrating for you to feel that you to be reminded of constant wrongdoing in your relationship, especially when you feel that your wife does not admit to any fault. This could lead you to feel inadequate in the relationship that can harm your relationship in the long-term. Based on what you are reporting and without knowing your wife's side of the story, I would say that you are raising 3 different concerns. One is that there seems to be some concern of infidelity from your wife that you feel is not justified. It may bear clarifying how each of you define ""infidelity"". Currently, there is no uniform definition of infidelity because it can emcompass a hook-up, chatroom texting, extensive phone calls to a female friend, viewing pornography, a massage with happy ending, physical intercourse, or intimate emotional sharing. Depending on whether any of these circumstances have occured, you may need to reflect whether there is any truth to what she may be accusing you of and for you to share with her your reasons for engaging in these activities. If there is no truth to it, then my clinical intuition is that she may be accusing you of infidelity as a way of saying, ""I feel you distancing from me."" In other words, it's not so much about whether you are actually unfaithful but a statement of how she feels as she witnesses your distancing from her. Often times, accusing a partner of cheating is likened to a cry or a yearning for closeness. If so, what you want to do is to reflect to her that perhaps she is saying that you are unfaithful because she senses that you are moving away from her emotionally. If this is true, you may wish to share with her why you are pulling away and then discuss the kind of support you may need to feel closer to her again. Otherwise, if the focus becomes about who is right and who is wrong, the conversation will never touch at both of your core emotional needs. The second issue touches upon how to interpret calling someone a ""sweetheart."" The term has been loosely used in a variety of contexts to mean ""you're so sweet and kind"", ""my dear"", or in a flirtatious manner to mean ""sweetie."" The intention behind the use is known only to the speaker. You may want to reflect in what context you meant to use the term and share it with your wife. If your wife overheard the comment not knowing your intentions or context, it is possible that she may have misinterpreted what you have said.  If she finds the term disrespectful, it may be her way of expressing, ""I want to be the important person in your life and if you call someone else a sweetheart it means that I am not valued as much."" Therefore, arguing about who has the right or wrong interpretation may be missing the mark. Rather, the issue is about how do you wish to treat or show consideration of each others feelings? You may wish to explore how do you show her that you value her and that she is important to you? Is saying ""sweetheart"" to another woman conducive to that or is it sending mixed messages to your wife? That said, if you have expressed and shown her that she is important to you on many occasions with open discussions and by understanding, accomodating and prioritizing her needs, then her actions may be a reflection of her personal insecurities. She may need to speak to a therapist about her feelings and her fears.The last issue you raised concerns your wife never admitting she's wrong. Indeed that must be frustrating for you to hear often that you are doing something wrong. In the absence of her admitting to any faults, it could seem like you are the one with the problem. Unfortunately, blaming invites defensiveness and a withdrawn behavior because most people who feel blamed do not feel good about themselves and wishes to distance themselves from the person who is making them feel unhappy. This pattern can also trigger the partners' insecurity as they witnesses the distancing, which could make them angrier and more accusatory - creating a vicious cycle. Finding a healthy way of reaching out when your partner is in turmoil to help calm her emotions and being able to speak about your own feelings and needs is at the heart of a very secure attachment. This kind of conversation can be guided by an experienced professional to help both of you to express your feelings and needs in a safe and secure way to foster a secure bonding. We sometimes take for granted the simple expression of, ""I'm sorry."" However, it requires a certain comfort with being vulnerable to express that. In my practice, when a client tells me that his or her partner never says ""I'm sorry"", I am often observing the first partner to see if they are able to express vulnerability. If neither of them express it, then it makes sense to me because why would one risk being vulnerable and then getting hurt if they open up if the other partner doesn't do it.? These insights in therapy can sometimes lead to a different relationship building conversation, which can help couples to to feel safer with each other rather than blaming and alientating. For more information about these services, you are welcome to read my materials on my website at www.PsychologyResource.ca or to contact me at (514) 690-2469."
"My wife is always accusing me of cheating and telling me that I'm doing things she finds disrespectful even when I don't mean it like that. For example, she gets offended when I call someone at work ""sweetheart."" I wish I had a penny for every time she accused me of cheating on her. She doesn't, and never will say she was wrong. How do I get her to understand?","You may not get her to understand your point of view with any more success than your wife is having with you to do the same.It is possible you are a balanced couple in the sense of neither one of you understanding the other.The deeper question to ponder is whether each of you can accept the other person even though you each have very different terms for defining ""cheating"".You will find either there are enough strong similarities to keep the two of you happy as a couple, or there aren't these similarities.Then, the new question would be whether either of you want to address your findings or not."
"My wife is always accusing me of cheating and telling me that I'm doing things she finds disrespectful even when I don't mean it like that. For example, she gets offended when I call someone at work ""sweetheart."" I wish I had a penny for every time she accused me of cheating on her. She doesn't, and never will say she was wrong. How do I get her to understand?",Here is the truth: You will never get her to understand! because that would mean changing her and we can't change other people we can only change ourselves. I would recommend to take the time to self reflect on what exactly it is that you are doing that is contributing to the mixup. You both have very valid feelings and those won't magically go away until you address the root problem (which could be many factors). I am curious to know more about past relationships the both of you have had and how that plays a role in your current relationship. Many times we don't realize how past relationships truly impact our current behaviors.
"I was having a sexual relationship with a coworker. He decided he was going to get a hotel room for the weekend. Before I got paid, I told him I would have $25.00, which I thought I would. But when I saw my paycheck, I could not pay the $25.00. He says I lied to him about it. He wants me to reimburse him $25.00 for the hotel room he decided to get. He stayed at the hotel, and I left. I don't think it's right that he want me to reimburse him $25.00 for a hotel room he wanted to get in the first place. He is out of town right now and texted me yesterday telling me I am a liar and that I should never said I was going to have $25.00 when I knew I wasn't. I told him I had to pay rent and my rent was late. He texted me saying I need to get two or three jobs.","Hello, and thank you for your question. It really is up to you to decide if you owe him the $25.00. If you feel like it is the right thing to do based on your discussion with him, then pay when you can. I am actually much more concerned with how he is treating you over $25.00. I know that it can be a lot of money if you don't have much, but that doesn't give someone the right to call you names and harass you through texts. You may want to take some time and think about your relationship and make sure that these are the qualities and behaviors you want in a sexual partner. Be well,Robin J. Landwehr, DBH, LPCC, NCC"
"I'm a teenager, and I just got my first job. I am a month and a half in. Yesterday, my boss pushed me to the point where I had to go to the restroom and cry. She didn't see me, and I'm glad, but when I went to talk to her about it today, I let a tear or two come out. I hate it. I feel like they're not going to keep me anymore.","Getting your first job is an exciting, terrifying, and challenging experience. It is something you will remember for a long time and it shapes how you begin to think about yourself as a worker. You are literally ""learning as you go"" in this completely new environment. You are going to make mistakes. You are not going to get it right the first time. It can be even more challenging if you are having a difficult time building relationships that are supportive at work. A couple of things to remember here: 1) You are there to do a job and you are getting paid to do it, 2) There is a reason or reasons for you wanting to be there and do that work, 3) you know best what you need in order to be successful. These three items can be helpful to remember, especially when we feel our emotions are taking over in a place where we do not feel safe to express them fully. If you feel like your supervisor is approachable, meaning someone you could talk to because they express confidence in you, let them know you are nervous about doing a good job. Also let them know how you learn new tasks, information, or expectations so they can deliver the message in a way that you understand. Becoming a successful worker doesn't happen overnight, but each day you can identify what works for you and what doesn't by communicating with your work team, the easier it will be for you. We all had a first job once, and were all worried about doing well. Hang in there, and call a counselor if you need more help."
"I'm a teenager, and I just got my first job. I am a month and a half in. Yesterday, my boss pushed me to the point where I had to go to the restroom and cry. She didn't see me, and I'm glad, but when I went to talk to her about it today, I let a tear or two come out. I hate it. I feel like they're not going to keep me anymore.","How sad for you!I'm sorry your first job is turning into a place of tension.Did the matter between you and your boss get resolved?Do you feel respected by your boss and does she listen to your point of view, even if afterwards, she disagrees?Keep an open mind over the next several weeks or few months on how you feel in your new work situation.Expect to be treated fairly and reasonably.If this is not the way you feel most of the time, then consider finding a new place to work."
"My coworkers are making false statements about me to the boss, saying I have mood swings. They have no proof to back it up. Can my employer make me see a therapist of their choice?","If this is a concern of a few coworkers, make sure it is not something they see but you don't admit to.  Employers can ""suggest"" or something ""stipulate"" in continued employment with them  for you to go to their Employment Assistance Provider (EAP) if they have noticed the same behavior and concerned of how it is effecting productivity or employee relationships.  No one wants to work in a environment which they consider hostile.  Employers can be held responsible if they do not take action.Couple of things you can do...Ask a coworker in which you trust and respect if what others are saying is true?Seek professional help from your primary care provider or counselor if mood swings do exist."
"My coworkers are making false statements about me to the boss, saying I have mood swings. They have no proof to back it up. Can my employer make me see a therapist of their choice?","I can’t give you legal advice, but employers can suggest you see someone if your behavior is affecting your job. I believe most government agencies have an Employee Assistance Program (EAP) where employees can talk to a therapist about any issue, not just work-related, for free (up to a certain amount of sessions).I’m wondering, though, why your coworkers would tell your boss this if it’s not true. Is it possible that you're not aware of how your interactions are affecting others? Maybe this “forced counseling” can be an opportunity for some introspection on your part."
"I've worked with this guy for about three years now, and I knew the first time I saw him that I was attracted. Over time, he became a very dear friend, and we talked about our relationship problems, family, dreams, and so on. There was always flirtation with us, and one day pretty recently, it progressed to making out. We agreed to keep it quiet, and we did, but in the back of my mind, I hoped it would become something more. It didn't, and three months later, I'm still not over it.
   I'm trying so hard to maintain the friendship because that's what he wants. We're no longer in the same office, which I thought would help me get over these feelings, but we still talk about work, and he's constantly touching me, so I'm still very drawn to him. He's a hugger and such a sweet guy, so I find myself fantasizing all the time about what could have been and what could still be, but he's clearly not interested. He's younger than me and prefers model types, but I see him checking me out a lot, which gives me hope. How do I get him out of my system and still maintain the friendship?","It sounds like you have mixed feelings and motivations - which is understandable. On the one hand you want to get over him, on the other you are still holding out hope for something more. It will be really hard to let go of him and create friend boundaries so long as there is a part of you holding on to the idea of something more. If you are being really honest with yourself you might need to acknowledge that you are not really striving to get him out of your system - that you have not really given up hope of having a relationship with him. If you are whole-heartedly committed to moving past the sexual and romantic parts of your relationship and just having a friendship than refraining from all the touching would be a good place to start. It is hard to ""just be friends"" when all your sex and bonding hormones are coursing through your veins."
"I've worked with this guy for about three years now, and I knew the first time I saw him that I was attracted. Over time, he became a very dear friend, and we talked about our relationship problems, family, dreams, and so on. There was always flirtation with us, and one day pretty recently, it progressed to making out. We agreed to keep it quiet, and we did, but in the back of my mind, I hoped it would become something more. It didn't, and three months later, I'm still not over it.
   I'm trying so hard to maintain the friendship because that's what he wants. We're no longer in the same office, which I thought would help me get over these feelings, but we still talk about work, and he's constantly touching me, so I'm still very drawn to him. He's a hugger and such a sweet guy, so I find myself fantasizing all the time about what could have been and what could still be, but he's clearly not interested. He's younger than me and prefers model types, but I see him checking me out a lot, which gives me hope. How do I get him out of my system and still maintain the friendship?","How frustrating to want a relationship with someone who does not feel similarly!The person who needs to be at the top of your list of those whose interest you consider, is yourself.Most often, staying engaged in dialogue, affection, sex, with someone who has different reasons than you have, for doing so, creates longing, frustration and sadness.Since the guy has told you he would like limiting his involvement with you, more than likely you will be protecting yourself from disappointed wishes, by taking his words seriously.Since you've made your interest in him clear, it sound like he's taking advantage of what you're willing to offer him.As long as he's not reciprocating with the involvement you'd like, why continue being available to him?The one area that is open to you in a positive way, is to understand which qualities of this guy you find attractive.By understanding more about your own interests about a potential partner, the stronger you will be able to step away from those who would like you for their reasons, which have nothing or very little in common  with yours.Good luck with defining the qualities of a partner with who you will feel fulfilled by sharing yourself."
"I've worked with this guy for about three years now, and I knew the first time I saw him that I was attracted. Over time, he became a very dear friend, and we talked about our relationship problems, family, dreams, and so on. There was always flirtation with us, and one day pretty recently, it progressed to making out. We agreed to keep it quiet, and we did, but in the back of my mind, I hoped it would become something more. It didn't, and three months later, I'm still not over it.
   I'm trying so hard to maintain the friendship because that's what he wants. We're no longer in the same office, which I thought would help me get over these feelings, but we still talk about work, and he's constantly touching me, so I'm still very drawn to him. He's a hugger and such a sweet guy, so I find myself fantasizing all the time about what could have been and what could still be, but he's clearly not interested. He's younger than me and prefers model types, but I see him checking me out a lot, which gives me hope. How do I get him out of my system and still maintain the friendship?","It sounds like a tricky situation. If you want to maintain your friendship and continue to have regular contact with him, getting over him may not be possible. What makes it even trickier is that his actions (hugs and touching) may be misleading and are allowing you to believe that a romantic relationship is possible. Some ways in which we naturally get over others are when we fall in love with someone else or when we suddenly see the person we like in a more negative or unattractive light. If you truly want to force yourself to get over him, cutting contact or setting strict boundaries may be necessary. If you don't see him, over time you can begin to forget about him. If you set boundaries by discontinuing to allow the hugs and touches, you will not feel mislead or have the idea in your mind that he is being flirtatious or interested. It would be difficult to continue the relationship as is and expect your feelings to change. Thus, being proactive by talking to him about boundaries or cutting contact with him are two things you can do that will likely help you to get over him. Good luck!"
Does this go against any ethical codes? Are there legal ramifications?,"Generally, the ethical codes only prohibit relationships with clients. There are however a few types of counselor-to-counselor relationships that are prohibited by the ethics codes. Such prohibited relationships include those between supervisors and supervisees; between professors and students; or any time the relationship might negatively impact your (or their) clients. Lastly, some workplaces have rules against dating coworkers. It would be a good idea to check if there is such a rule that applies to you."
I don't know what to say. I have never really known who I am.,"What exactly is it that you are looking for? Different people define themselves in different ways. For example, one person may define himself by his values and morals while another identifies herself by her personality and characteristics. Still, another person may define himself by his interests and hobbies. Learning who you are as a person can take time and life experience. At the same time, who you are may change according to what experiences you have had and how you have dealt with them or felt about them. Try viewing the journey of finding yourself as exciting and ongoing. Allow yourself to feel emotions and learn how they relate to the experiences you have. This may help you to know more about what you value, what you like and dislike, and what you want for yourself in life. Best of luck to you!"
I don't know what to say. I have never really known who I am.,"The older I get, the more I believe that our real task isn't to 'find' ourselves. We're already 100% ""there."" What we do have to do is become more mindful of the times when we feel the most alive, most happy, most creative, and most fully engaged with life. It is in those moments that we find ourselves.For example, I couldn't help loving the people or things I loved, no matter who tried to talk me out of them. All I needed to do was notice when my heart opened and I felt the most alive--not because I was afraid or addicted, but because in those moments, I was in contact with my highest self. On the flip side, I needed to recognize the people and activities that consistently brought out the worst in me--the ones that made me feel controlled, constricted, dishonest, resentful, or afraid--and be honest about them. Mindfulness of ""what already is"" is the key to finding yourself. Align yourself with the people and activities that matter most to you. Don't let old habits, crappy jobs, or mean-spirited people define you. Just stumble your way forward as best you can, with greater self-awareness followed by affirmative action.."
I don't know what to say. I have never really known who I am.,"Three years ago I attended a week long meditation retreat. By the fifth day I noticed I was light headed and felt very strange. I began to realize within my own being an experience of no separation. I would see others at the retreat and smile. I loved them all. I could feel the connection with this awareness I had read about but never truly understood until that moment. I remember understanding all the teachings I had learned throughout my life about a god who existed outside of me. I realized I had all these answeres within my own being and so did everyone else. I began to see everyone as not just capable but powerful loving beings. Since this experience it has been my desire for everyone to become conscious within whatever experience they wish. I do this in many ways. At our studio we combine Mental Health with yoga and meditation as well as nutrition counseling to help people come to their optimal selves. To truly come into a state of ""finding yourself,"" is to start to know and own who you are from a state of solid being. In this there is nothing new under the sun, and it is very simple. I would love to teach you and anyone interested in coming into a state of awake conciousness.  The more awake we are the more joyful we are. I live in this state of being and demonstrate it in my daily life."
I don't know what to say. I have never really known who I am.,Therapy may be an effective way for you to get a stronger sense of who you are. A competent therapist will work to create a safe and curious therapeutic relationship in which you can explore your identity. There are also many different exercises which you can do in and out of therapy which you may find helpful in this area as well.
I don't know what to say. I have never really known who I am.,"This quiet wonder that you have is something you can easily explore. There is a part of you that you can access anytime, anywhere. It is the part that has always been with you. Find a quiet place where you can be alone for a while and get comfortable. Settle in. Let your thoughts go by like a river. Stay with that connection for a while. What you find in the silence is yours alone, your ""you""."
I don't know what to say. I have never really known who I am.,"Start by giving yourself enough quiet and time to remember about yourself what feels steady and consistent in your nature and interactions with others.Give yourself the freedom to your interest in having interests.  Are you motivated because of competing with others or because an activity itself feels satisfying?If you are able to develop a sense of defining yourself without fear of judging yourself, you will start coming close to knowing who you are."
I don't know what to say. I have never really known who I am.,"Because you put this under the category of spirituality, I'm not sure whether you are asking how you find yourself as far as religious or spiritual beliefs or overall.If you are talking about learning more about religious or spirituality, consider either going to or speaking with someone who is involved with a nondenominational church service (the Salvation Army usually has something) so you can discuss questions or ideas that you may have.As far as finding yourself in general, I suggest considering what makes you happy and/or comfortable. I also wonder if looking at the list of values here may be helpful to you: http://www.therapistaid.com/therapy-worksheet/values-clarification"
I don't know what to say. I have never really known who I am.,"This is perhaps the deepest question that one can ask of themselves and the answer is as elusive as the deepest enigma. We are fluid beings, we are never the same from day to day, we learn or unlearn, we evolve or some of us even devolve, we are in a state of constant flux, changing and adapting, like a cloud in the sky that has its shape changed by the wind, life whittles us away and carves us constantly, trying to understand this question is like trying to bite your own teeth, however we can have a sense of what we would call our core and to understand the core, we need to live and to experience, but also to think deeply, analytically, and critically, by engaging with life we get a sense that we are like the Earth itself, inside of us there is a core, just as there is inside our planet but our continents shift and change over time, like those continents so does our own nature shift throughout our lives."
I don't know what to say. I have never really known who I am.,"I'm having the same issue... I think you need to consider your morals and what you really want out of life. If there's something you want to achieve, that's who you are. And you need to put yourself into that and immerse yourself in the purpose of whatever you want. It doesn't matter how small it may seem. If there's nothing you want badly then think about other things. What others want or what you need or what others need. Find something that feels important and commit to it."
"I was born a girl, but I want to be a boy. Because of my religion I can't tell my family. I know they won't accept me. What do I do?","I understand that this must be a difficult time for you with
many adjustments. If you feel comfortable enough to ask your parents to see a
Life Coach or a therapist, this may be an excellent place to start. You don’t
need to tell them the reason why maybe say that you simply need someone to talk
to for support with school or homework etc. The Life Coach or therapist would
be the optimal person to advise you on how to proceed with providing support
and guidance. There may be someone at your school whom you could talk to for
confidential support and guidance as well. Be confident in the fact that you
are not alone and there are always responsible adults available to guide you
through any difficult process you may experience in life. Talking to family
about personal issues can be difficult for anyone, even adults. I recommend
getting help from a trusted, professional adult before you decide what to do."
"I was born a girl, but I want to be a boy. Because of my religion I can't tell my family. I know they won't accept me. What do I do?","Desire to inhabit the opposite sex's body derives from too fast of a re-entry into a new (feminine) body, after being released in a previous life, from an old (masculine) body.You remember the previous life's connection with the masculine experience and body, and wish to find a way to be more comfortable.We will approach this matter, spiritually, and I reckon you'll feel a great deal better :)"
"I was born a girl, but I want to be a boy. Because of my religion I can't tell my family. I know they won't accept me. What do I do?","It is really important for you to be comfortable with your identity. With that said, it is also so important for you to be safe. It may be helpful for you to find supports (in your life, community, or online) that you can talk about how you feel and potentially gain supportive persons if your family does not accept you. It will be really important to connect with others and even a counselor to help you."
"I was born a girl, but I want to be a boy. Because of my religion I can't tell my family. I know they won't accept me. What do I do?","Chances are your family already knows, they are probably just waiting on confirmation from you to say it. A parent knows their child."
"I was born a girl, but I want to be a boy. Because of my religion I can't tell my family. I know they won't accept me. What do I do?","Spirituality for those in the LGBTQ community can be one of the more difficult roads. Unfortunately, many unjustly ostracize members of the LGBTQ community away from faith and spirituality. I believe that folks can embrace the identity that is genuine to them, and still maintain their spiritual beliefs! Briefly, the keys are to first monitor how we allow those in our life to influence our thoughts and emotions. We need to create standards and boundaries to protect ourselves. We also need to not project the judgment of other people onto our individual spiritual beliefs! There are many ways in which to tackle this effort!"
"I was born a girl, but I want to be a boy. Because of my religion I can't tell my family. I know they won't accept me. What do I do?","Ultimately, to suppress your natural identity will work against you.However difficult, painful, frightening, it is to tell your family about your discovery about who you are, trying to avoid your own truth will do you harm eventually.One way to make this conversation easier for yourself is to prepare yourself for the outcomes you expect and know will be difficult.Take as much time as you need to accept the potential rejection because this way iff and when it comes you will be better able to handle it."
"I was born a girl, but I want to be a boy. Because of my religion I can't tell my family. I know they won't accept me. What do I do?","First of all, I want to say, I am so sorry you are not feeling accepted by your family. I know how  isolating and lonely this can be. The most important step you can take right now is building a community of supportive people who do accept you. Creating your own sense of community is very powerful for helping you love yourself. If you can find a trans support or LGBTQ support group in your area, I recommend seeking that out right away through your local LGBTQ center or PFLAG. If you don’t have access to that, I recommend calling Trans Lifeline US: 877-565-8860 Canada: 877-330-6366 https://www.translifeline.org/. You can talk to other trans-identified people anonymously for support, calling them from wherever you feel safe. This is a great way to begin to connect with other people who have similar experiences to you. Next, think of this time in your life as your time to explore your gender identity, just for yourself. Make room to explore you gender identity in ways that are private and comfortable for you. Consider reading a book like: https://www.newharbinger.com/queer-and-transgender-resilience-workbook to explore who you are and build resilience. Also, consider learning about other religions that are accepting of LGBTQ folks for another perspective - there are many out there! Once you feel you have a strong support system outside of your family and a positive sense of self-love (which can take time, be patient, don’t rush it), then you can consider what action steps you want to take with your family. If you are still living with your family or financially depend on them, having other supports in place first is very important. It’s a very personal choice how you want to navigate your family relationships, talk it through in-depth with a trusted friend, other trans folks, or therapist to help you decide what’s right for you.And remember, there are tons of people out there who will love and accept you. We are rooting for you!In solidarity,-Lindsey"
"My fiancé and I come from a strong Christian background but both went off the ""straight and narrow"" once before. He is having a hard time accepting my past, especially that I'm not a virgin. He has a hard time in general accepting himself and others.    His insecurities are hurting our relationship. How can I help him let go of my past and decide to live in the present?","For you and your fiance to move past this, he needs to accept you just the way you are.  Being that you mentioned that you both come from a Christian background, maybe you could start there, he needs to forgive and trust your love for him.  His insecurities stem from something bigger than you not being a virgin.  Since this is the man, you are willing to spend the rest of your life with, be patient and help him find the help he needs.  Talk about your commitment to him and reassure him that your history does not have to affect your relationship.  Lastly, Pre-Marital Counseling can help you and him to open up about other things that might affect the marriage later.God Bless You Both, Mirella~"
"My fiancé and I come from a strong Christian background but both went off the ""straight and narrow"" once before. He is having a hard time accepting my past, especially that I'm not a virgin. He has a hard time in general accepting himself and others.    His insecurities are hurting our relationship. How can I help him let go of my past and decide to live in the present?","You might ask your fiance about people who have let him down in the past; past hurts from parents, friends, people he has dated. If you are speaking about jealousy he may come from a divorced parent upbringing, may have seen parents cheat on one or the other, may have had partners cheat on him in the past.  He may have fears that you may go off the ""straight and narrow"" once you get married. Listen to any concerns with patience and understanding, avoid being defensive. I would highly encourage pre-marital counseling to explore these things and individual counseling for himself to work on fears and anxieties. If he refuses and things do not improve I would consider postponing the wedding, things will not get better once you get married, only magnified.  Finally show him Bible passages about forgiveness and worry and leaning on God with faith and hope for the future.    God bless."
"My fiancé and I come from a strong Christian background but both went off the ""straight and narrow"" once before. He is having a hard time accepting my past, especially that I'm not a virgin. He has a hard time in general accepting himself and others.    His insecurities are hurting our relationship. How can I help him let go of my past and decide to live in the present?","You are right that his insecurities are at the root of the issue.  You cannot change that for him.  He will have to do the work to handle those emotions on his own.  What you can do is reassure him in whatever ways possible, but always recognizing that you can't ""fix"" this for him.  When I work with people who struggle with their partner's past experiences, I always frame it like this:  Everything that you've experienced has resulted in you being the person you are today.  The person they claim to love.  If you had not gone through some of those experiences, you would not be in the position you're in now, ready to commit to him and know that you're satisfied with that.  Just as when bad things happen to us, we have to find a way to appreciate the lessons learned your fiance has to accept that you're the person you are today because of what you have gone through.  Celebrate that you have moved through that and have landed in this perfect position with him!Hope that helps, Allison"
"My fiancé and I come from a strong Christian background but both went off the ""straight and narrow"" once before. He is having a hard time accepting my past, especially that I'm not a virgin. He has a hard time in general accepting himself and others.    His insecurities are hurting our relationship. How can I help him let go of my past and decide to live in the present?","This suffering and clinging to the past, especially a troubled past or a past that we dont like, may be  amplified due to the Christian framework that may be built into your life. I am not averse to religion, i just think that many times it puts unreasonable expectations on us and helps us to form a guilt complex or perhaps even insecurities, we are humans and humans make mistakes. you mention the straight and narrow, this is a notion that you must give up on and let go, humans can never travel the straight and narrow for their whole lives there are bounds to be mistakes, we are the most fallible species on the planet and please tell your fiance to have some mercy on himself, he is not perfect. Here is a story about clinging on to things you may find useful to mediate on:Once
there lived a village of creatures along the bottom of a great crystal
river. The current of the river swept silently over them all -- young and
old, rich and poor, good and evil -- the current going its own way, knowing
only its own crystal self.
Each creature in its own
manner clung tightly to the twigs and rocks of the river bottom, for clinging
was their way of life, and resisting the current was what each had learned
from birth.
But one creature said
at last, ""I am tired of clinging. Though I cannot see it with my eyes,
I trust that the current knows where it is going. I shall let go, and let
it take me where it will. Clinging, I shall die of boredom.""
The other creatures laughed
and said, ""Fool! Let go, and that current you worship will throw you tumbled
and smashed against the rocks, and you will die quicker than boredom!""
But the one heeded them
not, and taking a breath did let go, and at once was tumbled and smashed
by the current across the rocks.
Yet in time, as the creature
refused to cling again, the current lifted him free from the bottom, and
he was bruised and hurt no more.
And the creatures downstream,
to whom he was a stranger, cried, ""See a miracle! A creature like ourselves,
yet he flies! See the messiah, come to save us all!""
And the one carried in
the current said, ""I am no more messiah than you. The river delights to
lift us free, if only we dare let go. Our true work is this voyage, this
adventure.""
But they cried the more,
""Savior!"" all the while clinging to the rocks, and when they looked again
he was gone, and they were left alone making legends of a savior."
"My fiancé and I come from a strong Christian background but both went off the ""straight and narrow"" once before. He is having a hard time accepting my past, especially that I'm not a virgin. He has a hard time in general accepting himself and others.    His insecurities are hurting our relationship. How can I help him let go of my past and decide to live in the present?","Your patience with his pace of accepting your past, is the factor most in your control in this situation.Everyone accepts a new understanding at their own particular rate.  Yours may be faster than his pace.Since it is possible he may accelerate his pace of accepting your past if he knows that this is a priority for you, tell him about your own discomfort .Even if knowing how you feel does not motivate him to a quicker pace of accepting your past, you will have the peace of mind to know you gave him all the information you possibly had to give."
"My fiancé and I come from a strong Christian background but both went off the ""straight and narrow"" once before. He is having a hard time accepting my past, especially that I'm not a virgin. He has a hard time in general accepting himself and others.    His insecurities are hurting our relationship. How can I help him let go of my past and decide to live in the present?","Sometimes we have difficulty keeping the past in the past. The best way to build a great relationship and have a great future, believe it or not, is to be firmly placed in the present. That means that when we stay in the moment with our partner and can notice what we are experiencing in the here and now we reap the best benefits of that relationship. We notice the good things that are happening in the moment. We are reacting to what we are experiencing in the moment, not reacting to a worry about the past. We notice, especially, who the person is right now and not who they were in the past.  We can connect with the things we love about them, too.I think it is great that you want to help him and the choice to stay in the present and move forward in the relationship will mostly be up to him. We cannot change another person. It sounds like couples counseling might be a great step for you because you can both learn the skills you need to stay in the present and also learn some helpful ""active listening"" skills so that you can really listen to one another and understand each other. Communication skills can really be helpful. You can both have the opportunity to hear each other and support each other. We cannot change the past, but we can create the future we want.Best of luck to you both!"
"My fiancé and I come from a strong Christian background but both went off the ""straight and narrow"" once before. He is having a hard time accepting my past, especially that I'm not a virgin. He has a hard time in general accepting himself and others.    His insecurities are hurting our relationship. How can I help him let go of my past and decide to live in the present?","One of the sometimes difficult things about being in a relationship is the fact that you can make goals for yourself, but you can't make goals for your partner. If your fiancé wants to learn to live more in the present and learn to let go of the past or move in a different direction, you can certainly assist him, but you can't independently make it happen.I wonder if both of you would be willing to have a discussion where he is able to explain to you what he is experiencing and you are able to listen for five, 10, 15 minutes in a way that is not blaming or pointing fingers or asking him to change, but just listening (kind of like an investigative reporter) so you can have more details and ask questions that you may have about what certain things mean, when it feels like to to him when this is discussed, etc. At that point, maybe he would willing to listen to your thoughts on the subject as well.Also, if he wants to make a change, it may be helpful to see a therapist who specializes in working with couples. Sometimes changes such as these require a great deal of personal awareness and there can be quite a bit of emotions attached, so it is often helpful to have someone there to assist.It may also be nice to have a discussion where you consider what makes you feel valued, appreciated, special, or loved, and also consider what makes your fiancé feel that way."
"Maybe this is a stupid question, but I sometimes don't know what's real or not. If feel at times like everyone's lying. How do I know if God is one of those lies?","There are an infinite number of ways to look at this. Spirituality, religion, God, higher power, and many other parts of this discussion mean different things to different people. My question for you is what does ""real"" actually mean to you? Often, the concept of God has to do with what you believe in. If you ask 1000 different people, you'll probably get almost that many different answers.Consider talking with friends or family about this. I would suggest, though, that you have the discussion initially with people who you trust and who you feel are willing to listen to your questions and beliefs and perhaps offer an opinion without trying to make you believe as they do. You may also consider speaking with a pastor or another religious figure. The local Salvation Army may have a link to a religious or spiritual person that leads nondenominational church services. There may be able to help you to sort through this if your friends and family do not provide a comfortable environment for you related to this discussion.Just a word of caution. In my experience, ideas of religion and spirituality can be lead to very deep discussions with some people who are very strongly connected to what they believe. Some people do not easily separate their own beliefs from those of others. When initiating conversations about this, try first asking whether someone would be comfortable discussing religion or spirituality. A second question may be whether it is okay with this person you are talking to if you have different beliefs or opinions.As far as whether God is real or not, consider trusting yourself and what you learn, feel, and believe as you work through this process."
"Maybe this is a stupid question, but I sometimes don't know what's real or not. If feel at times like everyone's lying. How do I know if God is one of those lies?","Thanks for posting.  This is a significant issue for many people and can make us feel helpless; among other emotions due to the uncertainty.  You said that, at times, you feel like everyone is lying. Ask yourself some of these questions.  What is it that makes you feel so strongly that they are lying?  Where is the concrete evidence that they are lying? How could I test my thoughts about this? What if things are not what they seem on the surface? Am I any lesser of a person as a result of this person's behavior or opinion?  Our beliefs about ourselves and the people and our world  and how we interpret information and experiences have a significant effect on how we feel and how we behave.  It is important to objectively challenge the beliefs that contribute to negative emotions.  You can start this process by answering some of the above questions.  We are unfortunately influenced by what and who we associate with.  As it pertains to if God is a lie; be honest with yourself and question your beliefs that tell you that God is or is not real.  It may be helpful for you to speak to a preacher or chaplain of some sort and they can help you with a lot of that.  Hope this helps at least a little bit."
"Maybe this is a stupid question, but I sometimes don't know what's real or not. If feel at times like everyone's lying. How do I know if God is one of those lies?","The way that I see it is that Humans have always been afraid of life and death, historically we have always tried to understand life, we try to organize it, categorize it, explore it, and we've built up this system, our system and societies system around us to help us define what life and (death) is, this system or way is not real but only a perception of our own value judgements, it is, no matter how you try to argue it, a false system of conditioning, humans have a finite mind and a finite mind cannot ever hope to understand an infinite mind of which a god would be. God has been developed over time as a security blanket for our child-like selves, the world is a beautifully brutal place and what is more reassuring than a master that will take care of us and show us the way. On Earth alone there are thousands of gods and even many more systems of thought, economics, societal structures and so on, it is almost as though it were a supermarket with so many choices, we have more choices in gods than we do flavors of ice cream at Baskin-Robbins, so then I ask you, ""which one is real?, and ""what is real?"""
"Maybe this is a stupid question, but I sometimes don't know what's real or not. If feel at times like everyone's lying. How do I know if God is one of those lies?","It is not a stupid question, it is very basic. To help answer your question, let me begin with the premise that you will never have absolute proof. With that being said, one can look at different phenomena in nature and history and figure what is the statistical probability that they happened randomly. If one comes to the logical conclusion that many are quite improbable, then there must be a guiding force and plan.  May you be successful in your journey."
"Maybe this is a stupid question, but I sometimes don't know what's real or not. If feel at times like everyone's lying. How do I know if God is one of those lies?","Your question is actually thoughtful and reflects a true interest to know more about life.No one knows if god is a lie because ""god"" is a concept in which people either make up their own definition of this concept, or believe one of the concepts of what god is, handed down by religions.All the religions exclude the other god concepts, and expect loyalty to believing in their particular version of ""god"".Probably god is real in the sense that most people want to believe there is guided purpose to what goes on in life.This is as definite as what we can know about ""god"".""God"" is not a lie because it is not a fact.  Beliefs aren't provable."
"Maybe this is a stupid question, but I sometimes don't know what's real or not. If feel at times like everyone's lying. How do I know if God is one of those lies?","Believing in God is a matter of faith.  There are many opinions out there for and against God’s existence.  But the real question is not if God is real or not, but, do you want to have faith and decide that he exists?  This is a personal choice.  Reading scripture may help to learn more about those who struggle with believing, but again, you decide if you believe that scripture is true or not.   Praying and asking for a revelation or a confirmation may help as well, but again it is another act of faith. Estoy teniendo dificultad con la idea de: ¿Dios es real o no?Tal vez es una pregunta estúpida, pero algunas veces no sé que es real o no.  Siento que todo el mundo miente. ¿Cómo se si Dios es una de esas mentiras?Creer en Dios es una cuestión de fe.  Hay muchas opiniones en favor y en contra de la existencia de Dios.  Pero la verdadera pregunta no es si Dios existe, pero si tu quieres creer que existe.  Esto es una decisión muy individual.  Leer la Biblia te puede ayudar a conocer sobre algunas personas que han dudado, pero de nuevo, tu decides si las escrituras son reales para ti. Orar y pedir una revelación o confirmación es otro acto de fe, que te puede ayudar."
"I'm a Christian teenage girl, and I have lost my virginity. My boyfriend is a Christian teenager too, but things just got out of hand between us in a sexual manner. I planned to abstain from sex but I guess I wasn't clear about this because I was also tempted and led him on. We continued to have sex. Does it mean that he isn't the one God planned for me? We're so young, but that doesn't stop me from dreaming of a potential future together. I really do feel like he is in my life for an important reason. I'm incredibly happy for I was able to escape from several abusive relationships because of him. I love him very much.","Having sex with your boyfriend is and was a mistake. Mistakes can be forgiven and you can make amends.But it is not the end of your relationship or God's will for you.Have a serious talk with your guy and get back on track with where you want to be. Talk to a counselor or your priest/pastor. Get someone to be your guide and mentor. Check in with them regularly.Getting back to square one could actually strengthen your relationship.Have a plan for the future where you will not be put into a place of temptation. Group dates, public places and no alone time where temptations might arise.Forgive yourself and move on."
"I'm a Christian teenage girl, and I have lost my virginity. My boyfriend is a Christian teenager too, but things just got out of hand between us in a sexual manner. I planned to abstain from sex but I guess I wasn't clear about this because I was also tempted and led him on. We continued to have sex. Does it mean that he isn't the one God planned for me? We're so young, but that doesn't stop me from dreaming of a potential future together. I really do feel like he is in my life for an important reason. I'm incredibly happy for I was able to escape from several abusive relationships because of him. I love him very much.","I'm not a super religious person... But I can't imagine that if you love him that much and you want him that much, that he wouldn't be the one for you because of something small like that. Sex is an act of love and commitment. If you feel that you want to be with this person for the rest of your life, want to marry them, then why should you have to wait until marriage? If you truly feel that this is the person you want to be with, then why would you need to wait until marriage if you're just showing commitment to each other?"
"I'm a young adult woman, and I have trouble finding my true identity being at home. This all started when I had a boyfriend about 10 months ago. My boyfriend and I were dating for a couple months and decided to get in to sexual acts. At the time, I was pretty religious, but I let this happen. I don't know why. I felt kind of guilty but mostly because I know my parents wouldn't like it. My parents are very religious—they're Christians. We did things every time he'd come over to my house. We didn't have anything to do at our house, so we would get tempted to do things when we'd watch movies by ourselves.
   One day, my parents found out I did this stuff with him because my dad read my messages. As soon as my dad found this out, he told my mom. They were both aggravated. They told me he was just a boy that wanted to get inside my pants. They said he wanted me for sex and he's not a Christian. I took their advice and broke up with him. Once we broke up for about a month, I decided to get back together with him a little after school started. My parents found out eventually, and I decided to not listen this time. I would constantly talk to my boyfriend about what they say about him: how's he's not the right one for me, and God totally forbids him. I would kind of try to break up with him, and then eventually I would just never listen to my parents. They're always yelling at me about how I shouldn't date this boy. I felt too old to listen to them. Now I'm kind of just stuck. Is the real me religious? Have I been brainwashed by him? I don't talk to my parents anymore about him, and my parents think I'm deceiving because of it. They threatened me that if I'm still with him, I can't do track and they won't support me. They've also called me slut, and now they called me basically a devil worshipper. They say my boyfriend is taking me away from my parents. I'm actually very happy with him. They also say I'm living a separate life at home than I am at school. They say they want what's best for me and love me because they adopted me.","What a tough situation you must be in, feeling torn between your parents and someone who is very special to you. I would say the first thing you want to do is (if you haven't already), have a calm reciprocal conversation with your parents, telling them how you feel and letting them know what you need from them. If communication attempts are unsucessful then you will need to make a decision with how you would like to move forward. You, unfortunately, will not be able to change your parent's feelings or opinions but you can agree to disagree on certain matters by keeping them separate from the relationship you have with your parents. It always helps to try and see things from another angle. You might want to, for example, try and understand your parent's perspectives and let them know you understand that they are upset. Validating other's feelings can be very helpful with communicating effectively. Are you living with your parents and do they support you? If so, are you willing to give that up should you decide to not follow their rules? Know that there is nothing wrong with being happy with someone or loving somebody so deeply. Your feelings and actions certainly do not make you brainwashed or a devil worshipper. Not everyone will always approve of the choices we make and sometimes we need to be okay with that. Best of luck to you."
"In particular during family gatherings (such as funerals), where there are different customs.","I think the best thing you can do is be respectful of each family member's wishes. Although everyone may not agree with one another, the most important thing you can do for each other is to respect their faith and beliefs instead of trying to sway them in a certain direction. There are many families that are united despite their differences. For example, a mother may be Catholic and the father Jewish. By introducing the children to each faith until they are ready to decide for themselves can be beneficial. Also, it's not uncommon for views to change as one ages or faces different life experiences. So don't get too discouraged if your child wants to explore different avenues. Creating a loving and accepting environment is most essential."
"In particular during family gatherings (such as funerals), where there are different customs.","You have an opportunity, but you haven't described a problem.  (Are you creating one?)  Many families have various members who have different spiritual beliefs and religious practices.  Accepting the idea that those with whom we are close may be different from us is the only way to create a world of peace.   This may be a wonderful opportunity to practice tolerance and love.  If mutual decisions need to be made in religious contexts, you may also get to practice boundary setting, assertiveness (without aggression), communication skills, and loving kindness.  This is a great problem to work through!  It is indeed a very spiritual question.  Blessings to you all, ~Mark (www.MarkMorrisLCSW.com and www.LivingYes.org)"
"Every time my partner gets angry for anything, she takes it out on me. Nothing I do is right, and once she's mad, she calls me all kinds of names and is verbally abusive. She says it isn’t abuse, it’s just angry verbal bashing, and that it’s different. It gets worse each time. The names are very vulgar now.","I’m glad that you are reaching out for help. What you are going though sounds overwhelming and  exhausting. Here is a link that talks about the signs of an abuse relationship if you are questioning  whether or not you are experiencing an abusive relationship https://www.helpguide.org/articles/abuse/domestic-violence-and-abuse.htmThis maybe a lot of information to take in so if you feel overwhelmed I would encourage you to talk to a therapist.  Also every state has a domestic non-profit that can assist you with support or resources. If you are struggling to find one in your area I can help you. They can help you safety plan and give additional information that might be of assistance.  In abusive relationships, unfortunately there is nothing you can do to change your partners behavior. It is up to her to make that decision.  A lot of time in abusive relationships  asserting  your boundaries can put you at risk for more abuse. I would encourage you to use your gut in this situation because you know your relationship better then anyone else.  The best thing for you to do is to keep yourself emotionally and physically safe. I would encourage against couples counseling because it can also become unsafe in an abusive relationship. You are making a big step in looking for help."
"Every time my partner gets angry for anything, she takes it out on me. Nothing I do is right, and once she's mad, she calls me all kinds of names and is verbally abusive. She says it isn’t abuse, it’s just angry verbal bashing, and that it’s different. It gets worse each time. The names are very vulgar now.","Ultimately it is only your partner who can decide whether to stop name calling or not.I would take very seriously that she doesn't show any willingness to hear and understand your point of view.In a relationship in which one person claims the right to verbally abuse the other, there isn't much genuine care and trust going on at all.It is never safe to open your heart to her since you can't tell in advance if you'll be treated with kindness or bashing.Think seriously how possible it is for you to enjoy your relationship if your partner is unwilling to accommodate your feelings.If the two of you are unable to agree on terms or discuss the problem as a mutual one, not just your problem, then you may wish to withdraw from the relationship."
"Every time my partner gets angry for anything, she takes it out on me. Nothing I do is right, and once she's mad, she calls me all kinds of names and is verbally abusive. She says it isn’t abuse, it’s just angry verbal bashing, and that it’s different. It gets worse each time. The names are very vulgar now.","One thing you could try is to talk to your partner when she's not angry about the following:If she's angry, maybe she can talk with you about what she is angry about rather than calling you names.If she gets angry and then calms down a little while later, maybe one of you can take a timeout in the discussion and set a time when you will come back to it.Discuss what it is that you find acceptable for you to do during an argumentDiscuss what it is that you find unacceptable for you to do during an argumentDiscuss what is acceptable for her to do during an argumentDiscuss what is on acceptable for her to do during an argumentYour partner can answer the same questions related to herself and you.I can't emphasize enough how important it is to have this discussion when there is not an argument going on. Perhaps you could mention that you would like to talk about something that is really important and see if the current time is a good time. If not, consider when in the next 24 to 48 hours would be a good time.It may also be helpful to discuss these ideas with a local therapist. The therapist may also be able to help both of you figure out where the anger is coming from and where she has learned to react this way.If it is abuse, it may be even more difficult to have these important discussions. It may be helpful for you to see a local therapist by yourself to assess things like physical and emotional safety."
"My friend’s husband is bipolar and refuses to take medication for it. He has taken the wheels off her vehicle before to prevent her from leaving. He has held her a prisoner in her home. He has choked her, hit her, etc. She has almost divorced him a couple of times but always makes up with him, thinking that he is going to change. She and I went to a wedding out of town in September of 2014, and ever since she has been back, he is convinced that she cheated on him while we were gone. Now he is saying that I have also cheated on my boyfriend and has come to my house and told my boyfriend this.","I’m glad that you  are seeking help and that you are supporting your friend. I’m sure this is all overwhelming and frustrating for you. The biggest thing you can do for your friend is to be supportive as you are already doing. Unfortunately there isn’t much you can do for her outside of that because it is up to her husband to change and up to your friend if she wants to leave. There are things you can do to support more: it might be helpful for her to have some information on a domestic violence non profit in her area because they can assist her in many areas if she wants to leave. They can also provide you with support while you go through this with her. The nonprofit can also safety plan with her and it might be helpful for you to do it with her if you want to. Another thing you can do is support her in decision to stay with her husband or not despite what she decides. Many victims decide to stay with thier abusive partner for many reasons. It is important to support her decisions, even if you don’t agree with them, because she may have very little decision making in her relationship. I would also encourage you to make sure you are taking care of yourself while you support her so you are not becoming too overwhelmed. Here is some info that might be helpful to you. https://abuseintervention.org/sandbox77/wp-content/uploads/2012/03/How-to-Help-a-Loved-One.pdf"
"I have an emotionally abusive relationship. We have been together for a year and a half. He got out of prison exactly a year ago and a half ago, and we have a infant. I love my boyfriend, and I don't want to leave without fighting for this first. He's an emotionally disconnected person. We never say “I love you” to each other. Every fight is worse than the last one, and I don't know what to do. He doesn't let me speak because he's louder than me, and that makes me feel frustrated. I have another problem: English is my second language. I pay half of the bills, and every time I want to speak to him, he kicks me out of the house. He apologizes sometimes. I feel like I'm the only one fighting for this. He agreed to have counseling.","I’m glad that you are reaching out for help. All of this sounds overwhelming and confusing. All of what you discribed is common in an abusive relationship. Unfortunately, there isn’t anything you can do that will change his behavior. He has to make that decision for himself. It is difficult for abusers to do this because they have to admit that thier behavior is fully thier responsibility. Abusers, a lot of times, will say they’re sorry or make promises to change and then turn around and become abusive again. I would strongly discourage any couples counseling because in an abusive relationship this can become very dangerous for the victim. Individual therapy for both of you you be a safer rout. I would also encourage you to reach out to a domestic violence non profit near you because they can help you safety plan and provide counseling if you want it. Here is some information on the cycle of violence that might be helpful for you  http://www.bfwc.org/pdf/Cycle%20of%20Violence.pdfI hope you are safe and I wish you the best."
"I'm a teenager, and throughout my entire life, I've never really had good parents, or parents at all for that matter. I'm not exaggerating. I was living with my mom and grandparents until my father, in prison for most of my life, got out when I was in middle school. His mom, my grandma, only lived a mile down the road from my mom’s house, and I was so awe-stricken with my dad that I got to stay with him for a long time. Meanwhile, I did not realize that my mom was doing hardcore drugs. My mom went to prison for that and lost her café. We live in a very small town, so everyone knew about it, and I was bullied because of who my parents were. My dad ended up getting in with the wrong people and went back to prison.
   My mom and him had a mutual friend and often hung out at that person’s house. My parents did not get along at this point. We were driving him home one day from this house, and my mom stopped the car and kicked him out. He got out of the car, went to the driver’s side, and punched my mom in the face. I got out and told him not to hit my mom. At that point, I was really scared and mad that he did that, so I ran towards him to stop him. He literally picked me up and threw me on the back of a gravel road. I couldn't even walk. My mom tried to help me, but he started choking her. I hobbled over, and she barely got into the car, and we quickly drove away and called the police and ambulance. He was so badly strung out on drugs. He went to prison again and seems to be doing well. I met up with him once with my grandma, and we had coffee, but he's so hard to handle. I think a lot of it is that I can't bring myself to forgive him. My mom went back to prison again for drugs, and while she was in there, I moved in with my dad’s mom (the one who lived just down the road) because I trust her, her house is stable, and she's more nurturing, understanding, and loving then my other grandparents. I also stay at my boyfriend’s a lot. Now that my mom is out of prison, she's trying to control every aspect of my life. She’s trying to make me move back home out of Susan's house, and I don't want to. I don't like it there. They condone drug abuse and many other things, and I'm just not comfortable. She's even threatened to call the police and say I'm a runaway because she has custody of me. My boyfriend has always had this picture-perfect life, and his family are strict Christians. One time, his mom even went as far as to say that if he and I break up, if we were having sex, I would say that he raped me. I've got so many problems I don't even know what to do.","Thank you for reaching out and I can see that this is getting to the point that it is becoming overwhelming with all that is going on. To address your question, the best answer is that it will take time and from what I read you are still living through it , so your feelings are perfectly normal for the situation. I get the  impression that you really need someone to process through all that you have been through and unfortunately getting  adequate feedback would best be done meeting one on one with a therapist vs. through a question answer forum. If you are currently in school you could see about meeting with a school therapist or if you are over the age of 15, in most states you can consent to your own therapy. If you choose not to meet with a therapist I would encourage you to call a crisis hotline to help you safety plan to keep yourself safe around your parents 1-800-273-8255  If you chose to meet with a therapist keep in mind that a lot of what you experienced can be reported to Family protective services since you are a minor. You can also choose to make a report if you are feeling unsafe with your parents. I’m glad to hear that you have your grandmother for support. I’m sure this is a lot to take in and I wish you the best."
"He is verbally abusive. When he gets mad, he just yells at me. At times, I feel scared.",I’m sorry you are experiencing this and I’m glad that you are looking for help and support. I’m not sure of all the details so take from answer what you can. If you are feeling unsafe or scared in your relationship please know that there are non profit domestic violence services that can help and provide you some more support. They can also safely plan with you if you choose to leave. It seems that you might be feeling defeated and if that’s the case a lot of domestic violence non profits provide free counseling if you are needing to talk to someone. What you are going through can be overwhelming and your are taking the right steps toward healing
"He is verbally abusive. When he gets mad, he just yells at me. At times, I feel scared.","Good for you on recognizing your own feelings.  Often in an abusive relationship, the person who is being abused, starts doubting themselves and starts tolerating, then accepting abuse.Marriage is based in love and feeling taken care of by the partner.  Feeling scared is the opposite of this.If you feel ready, tell him the way you feel and pay attention to how willing your husband is to being aware that he yells and that you feel scared.If he has no idea of what you're talking about, doesn't want to understand what you feel, then slowly take steps to understand within yourself whether or not tolerating your husband's behavior is acceptable to live with on an everyday basis."
"My kid’s dad and I broke up two years ago. He still wants me back, and I just started to fall for him again. But our kids are with Child Protective Services: that’s why we broke up. He started to talk to other women, and he put his hands on me.",What you are experiencing is common with survivors of abusive relationships. Even abusive relationships have positive moments in them and typically for survivors those are things they still love and care about of the abuser. A lot of it could also be grief over the loss of the relationship and also your children. A lot of time people return to thier abuser because that’s the only support that they have. If this is something you are going through I would encourage you to seek out a domestic violence non profit in your area because they can provide you with additional support.  I don’t know the whole situation but keep in mind that abusers will make promises and say what they think the other person wants to hear to get them to return. Attached is an example of what I am talking about: http://www.bfwc.org/pdf/Cycle%20of%20Violence.pdfBased on what you decide I would encourage you to keep  caution and boundaries. It might be helpful to safety plan with a domestic violence non profit.
"I'm in college currently, so I am not a direct victim anymore. My father is very abusive with his words and actions, and my siblings are getting treated horribly.","Yes you can help!  Emotional and verbal abuse can cause a negative impact in your family.  It is important that you encourage your siblings to seek assistance with a therapist, and maybe help them find one, they should have school counselors available and if not our college counselor may help you to get referrals.  It’s also a good idea to talk to your mom about the issue and ask her if she would like help as well.  If you are concerned about your siblings' safety, contact Family Protective Services in your state, they will investigate and refer your father to classes or therapy as needed. It takes courage to do the right thing, you can do this!¿Hay algo que pueda hacer para ayudar a mis hermanos a escapar de nuestro emocionalmente abusivo padre?Actualmente estoy en la universidad, así que no soy victima directamente.  Mi padre es muy abusivo con sus palabras y acciones, y trata a mis hermanos horriblemente.¡Tu si puedes ayudar!  El abuso emocional y verbal puede causar daños graves en la familia.  Es importante que motives a tus hermanos a visitar e incluso encontrar a un terapista, la escuela debe tener uno disponible, y también puedes pedirle referidos a tu Consejero universitario.  También es buena idea que hables con tu mama al respecto y le preguntes si a ella le gustaría buscar ayuda.  Si te preocupa la seguridad de tus hermanos, contacta a el Departamento de Protección a la Familia en tu estado para reportar el abuso.  Ellos investigaran y determinaran si el hogar es un ambiente seguro par tus hermanos y recomendaran terapia o clases para tu papa.  Hay que ser valiente para hacer lo correcto, ¡tú puedes hacerlo!"
"I am a survivor of domestic violence from a past relationship. Even after seven years, I still have horrible nightmares. I wake up in sweat, and the dreams feel so real.","Nightmare are actually very common for survivors of domestic violence. If they are affecting you the the point where you feel like you need to do something, you may want to consider processing your memories of the events with a trained trauma therapist. Another good option, may be to attend a support group for survivors where you could process your memories in a safe space where others will be able to provide support and understanding for what you went through as well as encouragement for the strength it took you to get out of that relationship. You may also want to consider completing a screening or assessment to rule out post-traumatic stress disorder as well."
"I am a survivor of domestic violence from a past relationship. Even after seven years, I still have horrible nightmares. I wake up in sweat, and the dreams feel so real.","Hello, and thank you for your question. First things first, I am so glad that you are alive and very sorry that you had to endure such a terrible experience. Now, let's talk about these nightmares. The first thing I want to tell you is that you are NOT losing your mind. Many people start to think that may be the case if they are still suffering from the affects of something that happened a long time ago. That's not the case. There is no time set time for which we should be ""over"" something like this. I am not sure if you received counseling after what happened to you, but that may be something to consider. Bad nightmares could be the sign of something like Post Traumatic Stress Disorder (PTSD), which would include other symptoms like being startled easily, re-experiencing the event, or avoiding places that remind you of it. There are other symptoms, as well, so if you believe this may be something you have you may want to seek counseling. There are good treatments for PTSD. If you cannot seek counseling at this time, there are some things you can do to try to manage the dreams on your own. I would encourage you to look up ""sleepy hygiene"" and try to make your bedtime rituals as relaxing as possible. You can also Google search ""Nightmare re-scripting"" or ""Nightmare Exposure"" and get some ideas on how you may be able to change your dreams. It may be a good idea to attend a domestic violence support group and get ideas from other survivors who no doubt have had sleep problems related to their experiences, too. Hope this was helpful. Be well. Robin J. Landwehr, DBH, LPC, NCC"
"After a domestic abuse situation, I went to a therapist, and then my husband went. The therapist discussed her assessment of borderline personality disorder with me. She then told my abuser the results of my tests.","It sounds like it may have been a violation of confidentiality for your therapist to disclose information about you without your permission.  There are some exceptions to the general rule of confidentiality however.  For example, when a therapist has a reasonable concern that a client (or someone else) is in imminent danger, he or she is generally allowed to disclose confidential information to protect that person.If you believe your counselor has violated your confidentiality, you can always contact your states' counseling regulatiory board.  The board will then investigate the allegations and can take appropriate action."
"My husband and I have been together for seven years now. I will be honest: I have a problem lying to him about stupid stuff. I recently stupidly lied to my husband about an accident because I was afraid to tell him what happened. Ever since then, he gives me the cold shoulder. He gets so mad and ignores me for days. He's really verbally and emotionally abusive. He tells me all the bad things about me and calls me awful names. Should we call it quits? I'm tired of crying, but we have a toddler together.","Hi Texas, Thanks for your honesty; it helps me know where to go in answering you. What strikes me in your question is that you describe several ways in which your husband is hurtful/abusive/controlling with you, and then you ask ""Should we call it quits?"". We? I wonder if maybe the first step is for you to start seeing this decision as yours, rather than yours together. The way your husband treats you is not your fault, Texas. Your lies are a natural and normal way of you avoiding situations and encounters that feel unsafe for you. The problem is not your lying. The problem is that you don't feel safe enough to be honest with a person you're supposed to be able to trust.There's an analogy that I sometimes use; I don't know if this is scientifically true or simply a useful story, but it's powerful either way, so I will tell it to you.If you take a frog and drop it into a pot of boiling water, the frog will jump out immediately, knowing instinctively that if it stays in the pot, it will die. If you take a frog, however, and put it in a pot of cold water, and slowly, slowly, heat it to boiling, the frog will boil to death because it will fail to recognise the moment when it no longer has the energy to jump out of the pot; by the time it realises it's dying, it has lost its strength. It's called ""learned helplessness"". When your power or your voice has been taken away for a long time, you get used to that, and you fail to see the options that are available to you. You have a toddler, and you may be under the impression that staying in the marriage is best for the child. In my experience, and what research backs up, is that children first and foremost need a safe environment and parents who are happy. You are likely underestimating the effects on your child of living in a home with woman abuse. This is a complex picture, and if you were my client, I would want to get you to a stronger place emotionally where you're seeing the situation clearly and gathering resources and supports before you make any big decisions, but I do see that there are decisions that are there for you to make that can lead to a happy life for you and your child. I sincerely hope you seek professional help, with either a shelter for abused women or a therapist. I wish you the best."
"My boyfriend and I have been together for five years now. Throughout the entire first day that we met, he and I had the opportunity to interact quite a lot and instantly sparked a deep connection with one another. That same night, he and a friend stayed over at my house (without my mom's acknowledgment) and we kissed. The next two days were a repetition of the first day. On the third night, my mother finally caught us, and I was kicked out of my house. I left with him of course, and we went from meeting each other to being like a married couple. It was very hard for us. His stepdad also kicked him out of his home, and we were staying at cheap hotels and friend's houses with the little money we had. I quit my job and dropped out of school because it was hard to do anything without a stable home. There were times when we had nowhere else to go but sleep in the car outside a Walmart parking lot. Our honeymoon stage, as they call it, probably only lasted one month. After that, it was a downward spiral. We were constantly arguing about money, food, and our families. We kept having the famous ""you're doing it wrong—do it this way"" argument. After six months, we moved across the country only to live the same thing, and that's when the violence started. One afternoon, after a serious argument, he got into his truck and threatened to leave me. I was frightened that he would actually go through with his word, given that we had just moved to a place where we knew no one. He told me to let him leave or he would hit me. He had once promised he would never touch me, so I challenged him to do it. He slapped me, and ever since that time, when we have serious fights, he loses control and hurts me. I haven't had the courage to leave him, and there's really nothing stopping me now. I don't live with him, I don't depend on him, and we don't have children. We both haven't been able to let go of that deep connection that we still have and that has been damaged so badly. He always apologizes, and at the beginning, he was more willing to change. Now he just wants me to understand why he does it and how I don't ever make the effort to try to be okay. I've read enough about domestic violence to know that it's not my fault that he loses control, so that's not even an issue for me. I know he has to change that on his own. I just want to know if there's people who have gone through this and had the tables turned? Is there hope for a better future together?","Hi Winters, I learned a long time ago that I can't ever predict who will change and who won't. I meet couples who seem to have all the ingredients but can't make it work, and others who have severe issues and they decide to make better decisions and things change. But in reading your story, the image of a slot machine came to mind. You're gambling your life away on the chance that this guy will change. Only you can decide how many years to give it. I see him giving you clear signs that he doesn't even believe in himself or want to change though. What are you waiting for?Although you say you know his behaviours aren't your fault, something tells me that you're hoping your love for him will turn the key that unlocks something and makes him want to change. It doesn't work that way. Just like the slot machine, you have no power to change him or make this work. You can only decide when you've paid too much. I bet there's someone out there who loves and misses you. He's not your only support."
"I have anger issues that have worsened over the years because I’ve never dealt with my emotions. My anger has never been expressed physically until the past year. My girlfriend has had to endure these episodes. I love her, and I think I’m about to lose her, if I already haven’t. I throw things at her when I’m angry, and sometimes I hit her. I may not hit her enough to cause harm, but I still physically lash out at her. I don’t want to lose her, and I don’t want the situation to worsen. I am a lesbian in my early 30s, and I have been dealing with anger since my childhood. I'm ready to change. I need help now. I'm about to explode.","Hi Baton Rouge,I'm glad you're reaching out. The first step here is that you are taking some responsibility for your behaviours. I do hear you minimizing your actions (you say you don't ""hit her enough to cause harm""?), but you're headed in the right direction. I hope that in your pursuit of treatment you learn that the harm you're causing isn't just superficial bruising. The effects of using aggression and anger to control a person are deep and lasting wounds. Please seek treatment for yourself immediately.You say you love your girlfriend? Do you love her enough to leave the relationship while you address your issues? Are you brave enough to not lean on this relationship while you learn how to create a safe place for a partner?You have dangerous habits because you don't know how to manage your own emotional pain. You can unlearn this; and it doesn't mean you're a bad person. Sometimes, however, the relationship in which you have done the hurting is best ended, for both of your sakes, because too much damage has been done.I know you don't want to lose her, but you don't own her, and you don't have the right to trap her in this because you're afraid of being alone. Right now, she needs some space to figure out what's best for her and the freedom to make whatever decision she wants. This is potentially the first step to learning real respect; honouring her need for safety above your need for comfort. I wish you well."
"I have anger issues that have worsened over the years because I’ve never dealt with my emotions. My anger has never been expressed physically until the past year. My girlfriend has had to endure these episodes. I love her, and I think I’m about to lose her, if I already haven’t. I throw things at her when I’m angry, and sometimes I hit her. I may not hit her enough to cause harm, but I still physically lash out at her. I don’t want to lose her, and I don’t want the situation to worsen. I am a lesbian in my early 30s, and I have been dealing with anger since my childhood. I'm ready to change. I need help now. I'm about to explode.","Good for you for recognizing that a change has to be made quickly. Regardless of whether or not your girlfriend leaves your relationship, taking control of your anger needs to happen sooner than later. If left unresolved, it will follow you into any relationship you have. Have you talked to a therapist? I would suggest you take that step first. A therapist will help you explore the source of your anger and teach you new, adaptive ways of dealing with your anger. Until you're able to get some professional help, I would advise that you start recognizing when your emotions are becoming escalated and take a time out before the anger turns into aggression. If you feel yourself becoming heated, excuse yourself from the situation, go to a quiet place or on a walk, and practice some deep breathing. Clear your mind of the problem and focus only on your breathing as you inhale slowly counting to four and exhale slowly counting to six. Don't get discouraged if it doesn't work right away. Deep breathing takes practice! Return to the situation or your girlfriend only once you have calmed down and are confident that you are not going to hurt anyone. You might also want to ask your girlfriend to remind you to take a break when she recognizes that your emotions are escalating. Know that with help and support, especially from a therapist, the issues you have can be resolved and new ways of coping can be learned. Good luck!"
"I've been with my boyfriend over 3 years. He cheated on me and the woman is now pregnant. He is physically and mentally abusive towards me. I have attempted to talk with him in order to resolve our issues; however, he never wants to talk and often blames me for everything. I’m always there when he needs my help. He tells me although I help him doesn’t mean that I am a good person. He always discredits me as a woman and it’s hurtful. I spend most day crying and feeling lonely. I am unhappy and unsure of what I need to do.","That sounds like a very hurtful situation. Unfortunately, without a batterers intervention course or a desire to change, the abuse cycle is unlikely to stop. I do not recommend that you try to leave on your own due that being the most dangerous time when in an abusive relationship. As an abuser, his goal is to control you whether it's through mental or verbal means. I recommend that you contact a domestic violence shelter in your area. I have worked closely with Harbor House of Central Florida and know they provide housing, transportation, and any other needed resources to women leaving an abusive relationship. There is help out there and you are not alone. If you need any additional resources in your area, please don't hesitate to contact me."
"I have a child with my baby mother. She works I take care of our young son. She says she is not cheating I have not found anything but she always putting me down, telling me to get out and telling me she doesn't love me, but then the next day after our fight she says she does. I'm having a hard time because before our child she said she was raped by a family member but she never went to the hospital or the cops. Now me and my family don't talk. She's always telling me I'm annoying and just belittles me. Nothing I do is right. She says I work you watch the baby. On her days off she never cooks or cleans. I have no friends or family and a couple months ago she was confiding to some guy, but says he's not any thing to her. What do I do? I don't want to leave.","It sounds like you are in a tough situation. You have to ask yourself why you don't want to leave her. Is it because of the child? Or is it because you want the relationship to work? You must consider that being in an abusive relationship is not healthy for you or your child. So if the abuse continues, it would be more beneficial for you and your child to move out.On the other hand, if you are just wanting the relationship to work out despite its current state, you need to evaluate whether the relationship is worth salvaging. It seems as though you are very unhappy and undervalued in this relationship. Although your question revealed just a short bit of information, I didn't read about any positives in the relationship. Sometimes it's extremely hard to leave a relationship even though you know that the relationship itself is harmful for you. However, with time and focus you can do it. Each day will get a little easier and you have to trust yourself that you are making the right situation for you and your child.However, if you really feel that you want to stay in the relationship, you have to be upfront with her. You need to tell her exactly how you feel and give her specific examples of how she is hurting you. This gives her a chance to render the situation. If after this there is no improvement, I suggest that you start reconsidering your decision to stay.I also think it would be valuable for you to start engaging in things outside of the home that make you happy. Are there any hobbies you enjoy? Are there any groups in the area that you can join such as playgroups that will allow you to engage with other parents? Start looking into these options and finding an avenue for you to do something for your own benefit.It is certainly not healthy for you to isolate yourself from friends and family. You need to have additional support networks besides the one with your girlfriend, especially since this has not been a healthy environment lately.Thank you for reaching out. I wish you the best of luck with your relationship."
"I’ve known my boyfriend for several years. We were friends for a long time. In 2013 we started a relationship, and he even asked me to move in with him since I lived out of state. I planned to move in with him in 2014 after I finished school and he found a job. However, during this time we had a few arguments and broke up with each other for a short period of time. We decided later to make it work. Shortly after, I found out that I was pregnant. I wanted to tell him during his next visit. However, he never came to see me and instead asked me for money. After I gave him money, he quit answering my phone calls and texts.    Soon after, I experienced a miscarriage. I texted him about what had happened, and he didn’t seem to care. I was extremely hurt by this. I still decided to move back as I had originally planned. He helped me with the move and replaced the money I had lent him. During this time, I asked if he wanted to be in this relationship because I needed to know. Although he says he did, I hardly ever see him. He never got a job, which was in the original plan.    After that, we both started seeing other people for a short amount of time but once again got back together. Once we got back together, I cut all ties with the former relationship I had been in. I thought he had too. But I found out that he did not attempt to do as I did and was still talking with another woman. In fact, he had even sent inappropriate pictures to her. When I confronted him about this, he wasn’t apologetic. He said that he only did it to get even with me and was actually mad at me for looking through his phone. He even closed his car window on my finger and tried to throw me out of his car. I don’t know what to do.","There are plenty of red flags that you have been presented with:Several breakups Not holding up his end of the bargain regarding workLack of empathy for your miscarriageLying about his involvement with another womanPhysical violence, which is of most concern. This seems to be a very unhealthy relationship. In my experience, relationships such as these rarely become positive ones. Violence is never okay and regardless of his reasoning (you looking through his phone), it is indefensible. You have to look at these red flags and ask yourself, “Is this really someone I want to marry? Is he an asset to my life?” I think you’ll realize he is not.Best of luck to you and please know that you deserve someone who treats you with kindness, dignity and respect."
Now I have anger and trust issues. How can I treat this and fix myself?,"I will assume that for whatever reason, you either do not want to or are not able to seek counseling for this. However, I highly urge you to do so because long-term childhood abuse does have negative consequences for your life as an adult, as it seems you are already aware. There are confidential and free crisis hotlines that you can call that deal with sexual abuse. Some/most also offer free counseling services in local areas. That would be a good place to start looking, especially if cost of counseling is an issue.The important thing to know is that what happened was not your fault and that you deserve to live a happy life free of the past. Having anger and trust issues after something like this is a perfectly normal reaction to what happened to you. Angry? Yes! At your brother for what he did, at your parents for not protecting you. Having trouble trusting? Of course! The very people who were supposed to love and protect you hurt you instead. Two books that might help you are Codependent No More and Boundaries: Where You End and I Begin."
I snap easy and push people away. I need help before I push my boyfriend away.,"Death of someone with whom we had fond involvement, is sad.   Accepting that a person is permanently gone from this earth, is unsettling and can feel painful.That you had no current contact with this person doesn't exclude the meaning or feelings from within your relationship with this person.     Relationships don't require a time measurement in order to affect us.   Your question acknowledges the process of adjusting to life without the chance to see or hear from this person again.It is normal to grieve so be gentle and not critical of yourself when you feel yourself missing this person."
I snap easy and push people away. I need help before I push my boyfriend away.,"Meditation may be able to assist you in dealing and looking at your anger differently. Anger is not usually just anger. Behind our anger may lie rejection, grief, loneliness, a longing to reconnect, etc. When we ignore or repress our anger, we are always ignoring these other emotions as well.Meditation is the midpoint between expressing and repressing anger. It allows us a space to stay present with it as it arises and recognize the many faces of anger. By doing this, we are able to become aware of our feelings to learn more about them and not be swept away by them. Learn more here: https://www.therapybyshannon.com/blog-2/2019/4/26/meditate-to-manage-anger"
I snap easy and push people away. I need help before I push my boyfriend away.,"Awareness is the first step.  Now that you know that you snap and push people away, you can look into ways to control your anger.  If you give yourself the time to analyze why you experience anger, you will discover that there are other feelings underneath;  shame, frustration, disappointment, and fear are some of the feelings that we cover with anger when we are not ready to deal with them or don’t know how to express them.  So next time you feel angry, even if you snap (with practice you will be able to identify them ahead of time), identify why you are angry, and try to express it out loud.  A therapist can help you to learn assertive communication skill using examples drawn from your daily experiences.If you would like to engage in therapy, I am licensed in Texas and Puerto Rico, you can contact me at 787-466-5478.¿Cómo puedo controlarme y a mi coraje?Exploto fácilmente y alejo a las personas.  Necesito ayudo antes de hacer que mi novio se aleje.Tener conciencia de la situación es el primer paso.  Ahora que sabes que explotas y alejas a las personas, puedes buscar maneras de controlar tu enojo.  Si te das tiempo para analizar porque te da coraje, descubrirás que hay otras emociones escondidas, la vergüenza, la frustración, la decepción y el miedo son algunas de las emociones que cubrimos con coraje cuando no estamos listos para revelarlas, procesarlas o expresarlas.  Así que la próxima vez que estés a punto de explotar, o cuando ya hayas explotado (con la practica uno aprende a identificarlas de antemano), identifica por que estas enojada e intenta expresarlo en voz alta. Un consejero te puede ayudar aprender técnicas de comunicación asertiva usando ejemplos de tu vida cotidiana.Si te gustaría hacer terapia, soy Consejera Profesional Licenciada en Texas y en Puerto Rico, llama al 787-466-5478."
My roommate is a unapologetic person who doesn't care who she hurts. She never apologizes to me or my family. She made me lose my temper today to the point where I was using swear words in front of my mom and brother.,"You must be feeling frustrated about how to resolve this. Some people seem to really provoke emotional responses in us. One thing to learn for a quick review of yourself when you are provoked is to pay attention to your body. Notice your heart rate, fists clenched, some warmth going through your body and these are signs that the interaction is toxic for you. Move out of the room, say something calling to both of you and let things simmer down before responding. When you are able to calm your body, think of ways to bring the issue to her attention using positive words but holding your ground. If she doesn't listen ask someone to come with you to talk to her about it, If she still won't listen, reassess your expectations of her.Finally if you need to , you may have to consider changing the status of your rooming together."
My roommate is a unapologetic person who doesn't care who she hurts. She never apologizes to me or my family. She made me lose my temper today to the point where I was using swear words in front of my mom and brother.,"Must you keep this roommate in your life?If you've tried speaking with the person about your unhappiness to feel angry ""all the time"" , the problem has been going on for an extended amount of time and nothing changes, then the next step would be for both of you to part ways.It is possible each of you triggers the other in very deep and irrational ways on occasion.If the choice is to tolerate being triggered or to dissolve the relationship, then your decision is which of these two choices is better for you.Since you already know you don't like to be triggered, parting ways as soon as reasonably possible, seems the choice you prefer.Either choice is fine.  Let the decision depend on which way makes you feel life is livable and happy!"
I get angry and act out. It scares my wife and child.,"Anger is a normal emotion, no different than joy, elation, or sadness. It's not anger that gets us in trouble it's the overtness of the emotion or how we allow it to manifest that gets us in trouble. Being able to control your temper depends on several variables: how you saw anger acted out as a child in terms of your primary caregivers and what you internalized as being normal in terms of managing conflict, and your communication style regarding how you confront problematic situations. There are some whose anger takes on a volcano effect whereby they don't readily address problematic situations but rather they continue to stuff their emotion until the right trigger causes them them to explode, and then there are those who are very impulsive in terms of how they react to stressful situations, they don't take time to think out situations or to make sense of them, they just impulsively respond. I would encourage you to seek anger management from a therapist who utilizes a Cognitive Behavioral approach in order that you may explore how your irrational thinking related to certain situations may be influencing your problematic behavior. In addition, I would encourage you to engage in activities that promote stress reduction if your blowups are indeed related to being overly stressed. The first step is recognizing that you have a problem that you need help in understanding and addressing, which you have, now take the next step in finding a therapist in order that you may learn to control your temper and undo some faulty wiring that may be related to how you process emotion, and communicate that you're angry. Remember, anger is the overt expression of some other emotion (i.e., disappointment, hurt, frustration, etc..) Hope this helps..."
I get angry and act out. It scares my wife and child.,"Well, yes, of course it scares them.  They see someone they love behaving is frightening ways.  That's a good reason to want to manage your emotions differently...but  what are your thoughts on your anger?  Do you think your angry feelings justify lashing out?  The thing is that feeling angry is just that...feeling.  Acting out is behavior and that affects everyone around you.  Do you need to manage your behavior, as well as your feelings?  My guess is that you do.First you need to pay better attention to your feelings ""thermostat"".  If you are always near ""boiling"" you don't have much margin for error.  It's in  your best interest, and  that of your family, to bring that temperature down.  That may mean more physical activity, meditation, journaling or some other outlet.The next, and bigger, question is what are you so mad about?  Or are you really sad, scared, confused?  Anger is a secondary emotion, much like pneumonia is a secondary infection.  Anger, which sets us up to defend ourselves against a perceived danger, is often a cover for feelings that leave us more vulnerable.  That means people who are grieving may exhibit rage; people who are scared may lash out.That doesn't excuse bad behavior, but it might explain it. Get in t o see a therapist ASAP.  You need a bit of help to identify both anger triggers and underlying feelings that get played out as anger.  You are not a bad person for exhibiting emotions, but anger can quickly become destructive - get help now!"
I get angry and act out. It scares my wife and child.,"Yes you can..  If you cannot control your temper, who can?  You have more power of your emotions, thoughts and feeling than you are giving yourself credit for.  If this is scaring your wife and child, you need to get control of it immediately.  Try going to an anger management class.  It will help to discover what is the root cause of your anger, what triggers it and how you can control/manage it.  If you can't go to a class, try self help books or even better yet counseling and support of a professional counselor."
"Sometime when small thing happen, like losing a comb, I get furious. I even start throwing things. Do I have a problem?","Anger does have its place.  When anger is experienced often or the magnitude of it does not fit the scenario, such as your losing comb, the question becomes, what does losing that comb mean to you?  In the very split second that you have realized the comb is missing, there is a reaction that occurs within you, accompanied by an image or thought that like lightening flashes so quickly that you may not be aware what it is.  As Sherry noted below, awareness.  Awareness is fundamental.  Becoming aware of ourselves and what is happening internal that sparks it off.  The next time you feel angry from a ""small thing"", stop and ask yourself, why am I angry that this is lost?  Find out what you are thinking or how you are speaking to yourself.  You will become aware and once you are aware, steps can be taken to alter the experience for the better. A professional can assist with that!"
"Sometime when small thing happen, like losing a comb, I get furious. I even start throwing things. Do I have a problem?","I don't like the word ""problem"".  It is such a strong word.  However I would say that you have an issue that needs to be addressed and controlled before it directed at the wrong person and gets totally out of control.  I have found that anger management classes has been helpful for my clients.  Try and see if it will help.  You will be surprised at what you learn about your self."
"Sometime when small thing happen, like losing a comb, I get furious. I even start throwing things. Do I have a problem?","Anyone who asks whether or not they have a problem, usually feels at least partly, that they do have a problem.Your answer to the question is what matters.Since you already understand that your reaction is overstated to the events which trigger them, the reactions you're having are more than likely anger that is leftover from past events, either in the near or distant past.Be aware, consider, reflect on  how you usually handle feeling angry.  Based on your description here, it is quite likely that the anger you show toward what you call ""little things"" reflect anger at much bigger matters that are uncomfortable and not easy to understand.Knowing more about the more significant matters causing frustration for you, may very likely decrease reacting angrily toward smaller matters."
We're in an eight year relationship. My boyfriend drinks a lot. He experienced childhood trauma. I don't know how to deal with violent outbursts.,"You shouldn't need to educate yourself on violent outbursts.  He is the one in the position to change his violent outbursts.   They are his behavior, not yours.  All you're trying to do is have a relationship with this guy.The one task to do is during a quiet time to tell your boyfriend the way you feel about his outbursts.His answer, whether he denies having a problem, blames you for his problem, tells you the problem isn't so bad, why are you complaining, tells you a lot about his willingness to change.Whether or not he considers himself to have a problem and wants to change himself, is very good for you to know.This tells you what to expect from him in future.   You can reflect and plan ahead for your own life depending on your tolerance and willingness to live with what he answers you."
We're in an eight year relationship. My boyfriend drinks a lot. He experienced childhood trauma. I don't know how to deal with violent outbursts.,"First, let me extend my compassion to both of you -- it sounds like you have a lot on your plates. Childhood trauma carries its negative effects into our adulthood and affects everyone who loves us. Your question is brief, so I'll just try to give general answers as best I can. From my experiences treating many people with your boyfriend's experiences, the short, healthy answer is that you can't fix the situation and maybe not even be able to help. He needs a professional. Period. What you can do, is take care of yourself. With his background, it is not likely that he will be able to help you or take care of you in a healthy way. Your task needs to prioritize your own safety and well-being. Trauma and substance abuse are the definition of being out of control, unable to set and manage appropriate boundaries, manage his own emotions and behaviors. So your boyfriend is unlikely to be able to change in the near-term, certainly not without professional help. You might also benefit from help and support, to understand your own role in your relationship and how you can make changes in your life. I am NOT blaming you for any aspect of your boyfriend's behavior, only acknowledging that there are two people in every relationship. If you have accepted your boyfriend's drinking and violent outbursts in the past (by staying in the relationship), that is likely to perpetuate his behavior. And there isn't any way to ""handle violent outbursts."" They shouldn't be handled at all, and if you have to be away from your boyfriend during his outbursts in order to be emotionally and physically safe, then that may be what you will have to do. We can never really change anyone else. The only person we can change is ourselves. Sometimes our behavior changes the odds of another person's behaviors, but it doesn't control it. I would recommend that you work with a professional to first, ensure your own safety above all. Then make decisions about what behavior you are willing to accept or be connected to, and which you want to separate from. Whatever your boyfriend does in his life, you will be happier if you manage your own feelings, set boundaries, etc. Let me say again that you also would benefit from some good insight and support as you continue your journey. Wishing you and your boyfriend healing and recovery."
"Any time things get heated, the past gets brought up. I raise my voice at her to try to get a point across. She asks open-ended questions but always has to turn my own answer against me. She's seven months pregnant. I have drank in the past, but I'm not dependent on alcohol—I only drink at social events.","Have you tried to talk about the subjects of the past, in the present at a time in which there is no heat between the two of you?Since your gf would like to resolve situations from the past the best way to do so would be to talk about them.  The more you try to avoid certain subjects the more likely they will come up between you at worse possible moments.If you can get ahead of the pattern of old topics coming up without your control, then try scheduling a discussion about them.  This by itself will show your gf you care about what she cares about and this may be one quality she would feel good about."
"When I got home, my boyfriend and I got into an argument. He got upset and he started hitting his face. That is the first time he has ever done that, but I would be lying if I said that didn't scare me. I locked myself in the room.","Sounds scary to watch.  I agree with you!Maybe he felt so overwhelmed by anger, hurt and frustration that he went back to an old behavior from his past in which someone hit him for having strong emotions.Now that the incident is past, bring up the topic to him so the two of you can discuss it.Just the fact of you having empathy and caring what he was feeling at the time, may be restorative to him.At the very least, you may find out exactly what the answer is to your question as to why he did this in the first place!"
Everything just makes me upset.,"Anger often comes with a lot of other emotions. Consider what else you may be feeling at the same time and keep track of your different mood changes. You may be able to notice patterns, such as being more frustrated when you don't sleep well. If you do feel as though you are mad all the time, can you think of any exceptions so you can see what is different in those times?"
I get really mad easily at my parents and family.,"Anger is not necessarily a bad thing. If you are angry and you can talk about your feelings, that would be very helpful. Anger usually comes along with something else, like feeling sad, worried, overwhelmed, confused, and many others. Consider looking at what you notice in addition to anger and you may have a different starting point. If you get along well with friends and don't get angry with them, look at the differences. Do you feel criticized by your parents or family? Misunderstood? There could be any number of things.I wonder if you start getting angry very slowly and it builds or if it happens quickly. Try to keep an eye on the patterns and see if you can stop and look at what else is going on as you start to get angry. Anger is a real emotion in itself. It almost always connects to something else as well."
My long-term girlfriend broke up with me recently. She says it's because of my anger.,"I need help controlling my anger.Anger is like a blanket that contains other emotion from bursting out and serves as a shield to protect us when we are not able to manage external issues.   Anger also helps us understand that there’s something wrong that needs to change.  Once we understand that something else caused us to feel angry, then we can explore the source of anger. Ask yourself: Why am angry, Am I hurt, disappointed, confused, embarrassed etc.?  Once you find the answer, explore how often that happens and what’s your reaction.  Then explore how else you could respond or react.  You could use I-statements as a way to communicate your true feelings to your girlfriend or whoever is involved in the scenario.  This is a good exercise to practice with your Counselor or mental health provider because many unresolved issues may arise during this exploration, especially if you have been angry for a long timeAlso, it is important to understand the difference between anger and aggression and learn to manage our anger before we act on it.  Anger is a feeling; aggression is when you act out your anger physically, verbally and psychologically.  Find ways to vent: crying or sweating will help to release your anger, and balance the chemical response that our body creates when you become angry.  Physical activity and meditation exercises can also provide a break when you manage strong emotions.Necesito ayuda para controlar mi coraje.El coraje es como una manta que cubre otras emociones evitando que se desborden y sirve como un escudo que nos protege cuando no podemos manejar problemas externos.  El coraje también nos ayudo a entender que hay algo mal que debemos cambiar.  Cuando entendemos que algo mas causo el coraje entonces podemos explorar la fuente.Pregúntate a ti mismo: ¿Por qué tengo coraje, estoy herido, decepcionado, confundido, avergonzado, etc.?  Ya que encuentres la respuesta, explora cuan frecuente tienes esa reacción.  Luego explora como puedes reaccionar en otra ocasión.  Puedes usar expresiones del Yo para comunicar tus verdaderos sentimientos a la persona envuelta en la situación.  Esto es un buen ejercicio para practicar con tu Consejero o profesional de la salud mental ya que otros conflictos sin resolver pueden surgir durante este proceso de exploración.También es importante entender la diferencia entre el coraje y la agresión, y aprender a manejar el coraje antes que actuemos.  El coraje es un sentimiento y la agresión es cuando expresas tu coraje agrediendo a alguien, física, emocional o sicológicamente.  Encuentra maneras de desagotare, llorar o sudar te pueden ayudar en este proceso al balancear la respuesta química que crea el cuerpo cuando estamos molestos.  El la actividad física y la meditación también pueden ayudarte a relajarte y tomar un descanso cuando manejas emociones fuertes."
"My son claims that hes been having extremely violent thoughts and dreams. Not violent like he's hurting someone, but violent thoughts like horrible things happening to his loved ones. He explained one of his dreams the other day and it was so violent it was sickening. It was far beyond anything in a horror movie, he says he can't help these thoughts they just pop up. Please help!","If your son is reporting ""extremely violent thoughts and dreams"" please have an psychological evaluation done by a psychiatrist now before it gets even worse for him to bare.  Don't take his reports lightly.  For him  to tell you, he knows that something is not right.  He is seeking and needing help.  Get it immediately.  Best to be safe than sorry."
"My son claims that hes been having extremely violent thoughts and dreams. Not violent like he's hurting someone, but violent thoughts like horrible things happening to his loved ones. He explained one of his dreams the other day and it was so violent it was sickening. It was far beyond anything in a horror movie, he says he can't help these thoughts they just pop up. Please help!","Let me start my stating this is important to take seriously - taking to his PCP, getting a referral to a pediatric specialist, and getting him to a relational psychotherapist would be my first tasks. I wont label this occurrences as ""normal"" yet it is important to note these things do occur. My first observation is to say that it is a tremendous advantage that your son is communicating what he is experiencing. I'd encourage him to continue to do so, no matter the extent of his thoughts - his trust of you being able the handle his experience is of utmost importance. His containment and sense of security is also dependent on your reaction to what he shares. Seek professional help, communicating your support, including a plan of action, and reassuring him you will figure this out together will help you as you begin."
"I been having anger problems a lot lately. It only takes one word wrongly said to set me off. I use to not be like this until I got with my soon-to-be husband. I think his mood and rage/anger problems have rubbed off on me a lot. I don't get nearly as bad as he does, but I yell almost constantly and I can't seem to just stop. I have two young babies that have to hear this, and I don't want my girls growing up with a mommy like I have been lately. I just don't know how to get back to my old self.","With me knowing that a healthy relationship usually includes respect, trust, appreciation, companionship, spiritual solidarity, domestic support, feeling of being cherished, and  sensuous affection, I am wondering if you are lacking in several if not all of these needs in your present relationship.  Before he becomes your husband, you should examine these areas and see if they are high in rating.  Otherwise, yes this relationship will affect your girls and you negatively.  I would suggest relationship counseling, specifically pre-marital.  Not be surprised if through the process you realize that this relationship is not the best choice for you and your children."
"I been having anger problems a lot lately. It only takes one word wrongly said to set me off. I use to not be like this until I got with my soon-to-be husband. I think his mood and rage/anger problems have rubbed off on me a lot. I don't get nearly as bad as he does, but I yell almost constantly and I can't seem to just stop. I have two young babies that have to hear this, and I don't want my girls growing up with a mommy like I have been lately. I just don't know how to get back to my old self.","My gut says that your own rage is being triggered partly because you feel trapped or shutdown by your fiance's moody/angry/rage responses and powerless to stop it. You can start by accepting that this is who he is and you won't change him. You can only change your own behaviours, and I see you taking responsibility for those, which is great. You want to protect your girls, and that's appropriate; children are greatly affected by this type of home environment. I urge you to see a therapist so you can understand your own emotions and sort out the choices you have to make, knowing that your fiance has to make his own choices about his behaviours."
"I have not been able to really sleep. I stay up all times of the night not even knowing why. Every day, I feel like I have anger inside of me. I have a little family, but I can't open up to them like I want to. I have a son, and I feel that I take my anger out on him by screaming at him.","Best question is....what are you so angry about?  You can't stop being so angry until you figure out what is the root of your anger.  If you feel like you have anger inside, while I am sure you do.  Taking it out on your son is only passing on the hurt and anger.  This will be inside him too.  Get some professional help so that you can be happy and have a happy child."
"My issue isn't resisting angry urges; it's the anger itself. My rage is extreme and vastly disproportionate to the direct stressor. It causes violent thoughts, but I never act. I stay lucid enough to know the rage is violent, not me. I don't want to drown myself in anger and resentment.","Knowing how you feel and also being able to stabilize yourself to act upon the tremendous anger you feel, are fine qualities.Anger, whatever the magnitude, generally reflects emotional pain that has not yet been placed into words.Try thinking over your growing up years because maybe you will discover certain repeated dynamics which upset you and that no one helped you feel secure through such times.Also, if either of your parents drank too much and raged when they were drunk, you may be repeating their patterns of how to respond to situations.   Even without drinking, the response patterns of yelling and throwing things are frightening enough to leave a permanent memory.If this describes part of your childhood, then it is possible you are becoming angry because it was the only emotion that either of your parents was able to express."
"Whenever I run into a situation that makes me upset or angry, I tend to start cursing and badly offending the person I am confronting. I say mean things to let my anger out. Whenever people tell me stuff about my relationship (like starting rumors or saying negative things about me or my relationship) I lash out not just them but at my boyfriend. I feel like I keep causing drama due to my personality. I want to be a better person and learn to let things not get to me and be happy and graceful. I hurt the ones I love with my words. I want to be better for myself and them.","Congratulations on making your way to Step One, self-observation and deciding to change a feature about how you understand and relate to others.There is extraordinary strength in being willing to notice your effect on others and consider what changes are possible.Start on the inside track of your own heart and mind.  Once you're able to understand what is driving your emotions to the point where the only reasonable way of handling them is to curse and offend people, you'd have gotten a long way in knowing your own expectations of others and how far off the mark from this in your mind, they are.For example, if you expect others to always be accepting, tolerant and happy about situations with your boyfriend, and you're hearing otherwise from people, then you can prepare yourself for possible, less than positive comments about your relationship, or you can ask people to not comment to you about your relationship at all.Basically, the more you know about yourself and are willing to accept your right to ask others to respect your views, the easier and calmer time you'll have in handling comments from others that you're not glad hearing.Also, this is a long process because you'd be trying to change long time and deep patterns of interacting.Be patient with your own learning curve and certainly consider therapy for yourself in order to have some outside guidance and support for the process you're placing yourself."
"Whenever I run into a situation that makes me upset or angry, I tend to start cursing and badly offending the person I am confronting. I say mean things to let my anger out. Whenever people tell me stuff about my relationship (like starting rumors or saying negative things about me or my relationship) I lash out not just them but at my boyfriend. I feel like I keep causing drama due to my personality. I want to be a better person and learn to let things not get to me and be happy and graceful. I hurt the ones I love with my words. I want to be better for myself and them.","Taking accountability for your actions and seeking help is an excellent first step. I wonder where the anger is coming from. Learning what is at
the root of it can shed some light on what the problem is and can provide some
relief in itself. I would also suggest doing some self-exploration and see a
therapist for individual sessions in order to gain a clearer insight as to what
the cause is. There are also several actions you can take on your own to help
control your anger and communicate more effectively. Here is what I would recommend
you try:
Take time outs: When you feel yourself becoming upset, excuse yourself and
take a time out to either think about the most appropriate course of
action or redirect your thoughts all together. Often when we become
angry, it is difficult to see the issue clearly, as our emotions get in
the way. 
Do deep breathing exercises: Close your eyes. Breathe in slowly to the
count of 4. Breathe out even slower to the count of 6. Practice this for about
5 minutes, 3 times a day and focus on nothing except your breathing during this
time. Once it becomes routine for you, it will be easier to apply during
situations in which you are angry or upset.
Change negative thought patterns: Try and recall or be aware of your
thoughts, particularly when you are feeling angry. What are these thoughts
telling you? Are they valid or logical? Is there factual evidence to support
the negative thoughts? Often the answer is ""no."" Learn to stop the
negative thoughts and replace them with logical and more positive
ones. 
Communicate effectively: As a speaker, you want to use ""I""
statements by telling the other person how you feel instead of blaming him/her
by using ""you"" statements. For example, you might say something such
as, ""I feel sad when you don't come home at a decent hour and I don't get
to spend time with you"" versus ""You always stay out late and don't
even care about me."" The speaker should also avoid using black and white
language such as always, never, etc. As the listener, you want to validate what
you hear so that the other person knows that you are listening. You will also want
to be responsive and offer fair solutions.
I wish you luck in using these tools and learning about where your anger comes
from."
"Whenever I run into a situation that makes me upset or angry, I tend to start cursing and badly offending the person I am confronting. I say mean things to let my anger out. Whenever people tell me stuff about my relationship (like starting rumors or saying negative things about me or my relationship) I lash out not just them but at my boyfriend. I feel like I keep causing drama due to my personality. I want to be a better person and learn to let things not get to me and be happy and graceful. I hurt the ones I love with my words. I want to be better for myself and them.","Hi California,I'm happy to hear you want to get a hold of this problem. Relationships don't tend to last when we treat people poorly. It is very possible for you to learn different ways of relating, with some strong effort. I would highly suggest working with a therapist, and I will give you a few things to think about in the interim.Sometimes anger is there because we feel something is unjust or unfair, but many times, anger is a ""secondary emotion"", and it's simply there to protect us from other, more vulnerable emotions that we would rather not feel and will do anything to avoid. Discovering what vulnerable emotions you are protecting yourself from is important. Perhaps you feel powerless, or unloved, or unimportant. It may take some time before you recognise this emotion. Once you do, you can ask yourself about the other times in your life when you have felt that emotion. Where did it originate? At what age did you feel ""too much"" of that feeling...so much so that you can't stand it even in tiny amounts?You will learn in therapy to identify the thoughts you have that are connected to that feeling. They are typically incorrect thoughts, like ""No one lifes me"", or ""People will always hurt me"". Fear tends to generalize and predict bad things that aren't likely.Your habit is so strong that you likely have a poor sense of self-worth and you don't believe people will love you...so you hurt them to keep them at a distance. This happens in a subconscious level. Do you see how that would help you to keep people off balance or afraid or a distance away if you didn't believe in your worth? So, it's backwards really, because you think you're getting mad at people who ""piss you off"", but you're really just not wanting to face how mad you are at yourself.In addition to this work, you can start to purposely treat people more kindly. Find out what respect is, make amends and  resolve to spreading peace. It might sound too simple, but if you act as though you're a person of peace, you will start to feel more peaceful.But I hope you do contact a therapist. It will take time and support to reach your goal."
I don't know how to notice or express my feelings besides anger. That's really the only one i feel.,"Well, then give yourself some credit for noticing that you recognize at least one feeling that you have!What is your own theory as to what is difficult to know your feelings?  Your answer will give you clues as to unearthing your willingness to be aware of the way you feel.Sometimes the family in which someone grew up, did all they could to stop the kids from knowing who they were.In some families there were very severe consequences if a child spoke up with an independent mind.  By knowing where your difficulties started, you may very well be able to release the situation in which you learned to suppress your feelings.Also, spend some time with yourself just enjoying who you are.  Often, people who have difficulty in expressing themselves, suffered shame and humiliation as a child.  They have a chronic sense of worthlessness, and feeling worthless certainly works against self-expression.  By having a good time being with yourself, you may increase your self-appreciation and this will go a long way to believing that your feelings are worth knowing and stating."
"The sounds of eating and breathing gives me headaches—mostly mouth breathing and snoring. It makes me angry, and I want to solve it myself.","Probably good to know in what type of situations you are, in which you are hearing mouth breathing and snoring.If you're sleeping beside your partner who does these actions, would have a different response than if you overhear mouth breathing and snoring from a family member who is napping on the couch and you are walking past them on your way to take a snack in the kitchen.Basically, if the person who does these actions which bother you, start by telling them.Depending on whether they are empathetic to how distressed you are from their sounds, or not, willing to change, or not, has a good deal to do with next steps.I don't really see any step you're able to take to solve that you are sensitive to human sounds from the head.One path I don't recommend is expecting yourself to ignore the fact of being feeling bothered, or dismissing your own sensitivity someone.Your needs matter."
"I need answers to my anger, possessiveness, and urges.
 I am angry all the time. I push people away so much that I actually blow up on people now because they ask me how my day is or was. I have a possessiveness to someone who is not even mine. I have these urges to hurt someone really bad. I want to see them beg for me to stop hurting. I want to hear their agonizing pained-filled voices. What is wrong with me?","What result are you hoping to get from the behaviors you describe?Maybe start by comparing the results you see yourself receiving from your current interactions, with how you would wish to feel from relating to others.Since you ask, ""what is wrong with me?"", there is a disconnect between what you are doing and what you'd like in return.This is true even with imagining doing harm to others.What are you really trying to accomplish for yourself by hurting others?Besides the unethicalness and criminality of this and legal consequences of arrest for such behaviors, what gain which is not evil, do you expect from overpowering and imagining you control another human being?"
"I have a really bad temper. I get mad very easily then stay like that the whole day. I don't mean to be that way, but I can't help it.","A lot of times the anger someone expresses is from feeling a deep level hurt within themselves.   A surface situation, like, a store told you they'd have delivery of a certain item by Tuesday, and when that particular Tuesday comes, the store doesn't have what they told you they would, and you are furious.The fury may have more with many times before in your life, having been deeply let down by someone who mattered to your life at the time, who similarly promised something and failed to deliver whatever it.If at the time of feeling let down by someone important in your life, the relationship didn't allow for honest expression of all your emotions, you'd have learned to hold in what you realized would not be tolerated if you expressed it clearly.Without practice of being heard when feeling hurt by someone, eventually the person, possibly you, learned to contain and contain your emotions.It is possible that the anger you feel at a variety of situations lately, are muting hurt feelings that you've understood from relating to meaningful people in your personal history, to not talk about.As a way to find out if you feel other emotions in addition to anger, take some time to reflect on what triggered your anger and whether its possible that hurt emotions which nobody whom you know wants to hear,  are really the underlying source of your upset.I hope you will enjoy some new discoveries about yourself and your emotions!"
"I am so angry. I feel like the arguments with my parents have caused me so much anxiety and stress, and I don't know what to do. I want to sit down with a psychologist, but I cannot afford one, nor do I have my own health insurance. I can feel myself starting to get violent. I throw things of value when I start to get mad. I have punched holes in my wall. I can feel my aggression getting worse.","First off, it is great that you recognize that some changes need to be made. It is also really good that you understand where the source of your anxiety and stress comes from. Fortunately there are many self help books and internet sources that provide free tools to help you cope with life's obstacles, including anger management. There are several strategies that you can try to help control your anger, but the ones that I would recomend first are the following:1. Try a different way of communicating with your parents. Since arguing with them is a great source of anger for you, learning more effective ways of communicating with them will likely be of great benefit. Choose a time to talk with them about ""heated issues"" when everyone is calm and emotions are not heightened. Use ""I phrases"" by telling them how the arguments effect you, as opposed to placing blame on them. Validate what you hear your parents say in order to allow them to know that you understand their point of view.2. When you feel yourself becoming angry, take a break. Simply excuse yourself from the situation, find a quiet place to be by yourself, and do some deep breathing. Close your eyes, slowly count to four as you inhale, and exhale even slower, counting to 6. Focus on nothing except for your breathing and do this for 5 minutes.3. Stop any negative thoughts in their tracks. Often times when we get upset, we catastrophize and do not see things clearly. When you catch yourself thinking negatively stop the thoughts and ask yourself if your thinking is logical and rational. If you cannot find much or any evidence that your thoughts are valid, then let them go and replace them with realistic, logical thoughts.4. Finally, find a friend or someone to talk to and/or keep a journal. Keeping your emotions to yourself will not help you. Being able to express your feelings and problem solve will allow for some relief when feeling sad or angry.I wish you all the best!"
"I am so angry. I feel like the arguments with my parents have caused me so much anxiety and stress, and I don't know what to do. I want to sit down with a psychologist, but I cannot afford one, nor do I have my own health insurance. I can feel myself starting to get violent. I throw things of value when I start to get mad. I have punched holes in my wall. I can feel my aggression getting worse.","I'm sorry you have so many arguments with your parents.  Ideally parents are people who tolerate that their kids are people with their own unique characteristics.Everyone likes feeling loved by their parent.   Do you feel loved even though you and them have clashes?Anger is a symptom of a problem.The real question is knowing what feels like its being hurt inside of you.I agree with your idea of talking with a psychologist or some other type of licensed professional therapist.See if your area has a family service agency in it.  Generally the non-profit sectors offer sliding scale fees, and if you qualify, your cost per session would be financially comfortable for you.One possibility is to tell your parents that you'd like starting therapy because of feeling so much stress from the family arguing.They may very well be surprised to learn of your maturity in assessing your level of stress and be willing to make a positive contribution to this by offering to authorize therapy through their health insurance. They may even decide on family counseling so all of you work together to relate in more loving ways.Last, if you aren't ready to speak with your parents about wanting counseling, think about speaking to your school guidance counselor.  This person may have some recommendations for your specific geographic location."
"I don't know what's with me. I'm almost constantly angry. Even when I'm happy, I still feel anger inside me. When I acknowledge it, it ruins my mood and takes over. I get angry at the littlest things. Even if I think someone said something they didn't, it infuriates me. Something perfectly normal can make me go off. When my anger flares up, I get a terrible pain in my chest that lasts for a while. It's like there is a fire constantly burning in my body, and anger is gasoline.","Hi Nashville, I'm glad you want this to be different. It doesn't feel good to be angry all the time, and it's stealing your energy as well as affecting relationships, I'm sure.Working with a therapist, you can learn to recognise the deep emotions that lie underneath the anger. It's likely to be either powerlessness or worthlessness, and what happens is this... a small moment in the present touches on an old, tender, bruised emotion that we've simply felt too much of or too strongly in the past. We develop ways of avoiding these vulnerable emotions, and anger is one way of doing that. So, when someone looks at you in a certain way, or says something, you'd rather be angry than feel powerless, or unimportant (or whatever your kryptonite feeling is). In that moment, your instinct is to blame whatever happened, no matter how small, because that's the thing that happened just before you got mad. You fail to recognise that the problem is not the look on that person's face, or the shoe that someone left in front of the door...it's that you can't stand feeling something and you want to avoid it like you want to stamp your foot out if it's on fire.I suggest finding a therapist to work with. You can learn to take responsibility for your old emotions and find new ways to manage them. :)"
"When I see something I don’t like, I go off like a ticking time bomb. I go from “0 to 100” really quickly.","Sometimes we react to situations immediately, without thinking of the consequences of our actions. Typically by not reacting right away, we are better able to gather our thoughts, see the situation more clearly and from other perspectives, and respond more calmly. One of the strategies that almost always helps is deep breathing. When faced with a stressful situation, you can give yourself a time out by removing yourself from the stress and spend 5 minutes taking deep breaths (breathe in slowly counting to 4 and breathe out even slower counting to 6), while focusing and thinking only about your breathing. After doing so, think of the various ways you can respond to the situation and choose the one most appropriate. Good luck!"
"Every time I speak, he says I anger him. Also, when he’s mad at something, like work, he gets angry at me. I feel like we’re so distant from each other now. We used to laugh all the time, and I feel like he lets too much negativity in. What should I do? We've been married for two years but together for seven.","Hi, Newark. It sounds to me like your husband is going through something, and I think you understand that. You might feel very helpless, sad, and disrespected at the same time. He's changed. It's unfair for him to blame you for his emotions. His mood issues are about him, not you, and he's either not recognising that or not taking responsibility for it. Are you respecting yourself here by drawing appropriate boundaries? You can let him know when you feel disrespected, and what's not okay with you.He may be experiencing depression, which often shows up as irritability in men. It could be that he's not telling you something, or he's unaware of his emotional processes. You can try a ""I'm really worried about you. You don't seem happy and I don't know how to help you. Some things are happening that aren't okay with me. Will you see a therapist?"" approach. Perhaps you could go with him the first time?  It's about a combination of compassion, self-respect and seeking professional help, I believe. I wish you well."
"I'm a teenager. I get random spurts of anger, like complete, pure rage. I figured it was hormones, but others notice it too. I get self-destructive. I used to cut but stopped. Now when I get mad, I bite my arms and fingers, pull my hair, scratch my face, or punch my thighs. Basically, I do things I can hide instead of breaking anything in my room and having to explain it to my mom. I don't live in a bad household. I have a great family, a great relationship with my boyfriend, and a good job. I have no idea what this is and I don't know how to control it. It's over any little thing. Tonight, it was because I couldn't get my earrings out. This happens maybe two to three times on a good week, and it's always over stupid, petty things.","Hi. I'm glad you wrote. In general, when a small thing bothers us (and this happens to all of us), it's because the small thing triggers an emotion in us that we have felt ""too much"" or ""too intensely"" in the past, and we don't know how to manage that emotion effectively...we just want to avoid it as quickly as possible. Cognitive Behavioural Therapy with a qualified therapist can help you to understand what is being triggered in you and learn how to manage emotions productively. You say that your behaviours are self destructive, and I agree. It sounds like you have developed a habit of channelling your distress towards self-harm, and this is a separate and potentially more serious problem. This is a choice you make that points to shame being an issue for you. Again, a good therapist can help you learn what's behind your shame and self-harm. Your feelings are normal, and you can learn more healthy ways to deal with them with qualified help."
I easily recognize this but have no control over it and need suggestions for managing my anger.,"I suggest that you work on emotional awareness. Emotional awareness basically means knowing what you are feeling and why.Emotional awareness also means that you can identify the link between the way you are feeling and your actions. In other words knowing that your feelings dictate what you do.Often feelings of hurt or insecurity can come out as anger if we cannot properly identify and express the feelings.Being emotionally aware also means that you are able to express your feelings to others. Being unable to do so leads to feelings of frustration and being misunderstood.Many people for many different reasons are not in touch with their emotions. For example, men traditionally have been brought up taught to not express sadness or weakness. Therefore, many men learned to turn feelings of sadness, insecurities, or fears into anger and express these feelings as anger. Being taught not to feel a certain emotion does not make that emotion disappear. Instead it makes us learn how to express it in other, incorrect, ways. If a man never learns to say “I am sad” or “that really hurt my feelings” and instead lashes out in anger, then the response they get from those around them will be to the anger and not a response to the underlying true feeling, which will leave the man feeling alone and misunderstood.You can control yourself and not explode. Walk away, remove yourself from the situation, do whatever you have to do to not lash out. Instead of reacting the way you normally would, go somewhere by yourself and think about what just happened and try to understand why such a “simple” thing upset you. What is the real feeling driving these outbursts? Maybe you can begin to recognize an underlying pattern. It might help to keep an anger journal. Write down everything that gets you upset. That might help you see a pattern and pinpoint what may be setting you off. Talking with a therapist about this would be beneficial in helping pinpoint the underlying cause of the outbursts you are experience."
I have been having horrendous nightmares this whole month.,"There's a narrative approach that we call nightmare ""rescripting"" that may be helpful.Since we can't really control the nature of our dreams while they're happening, we try to alter them while we are in a waking state.  In a nutshell, this refers to first writing out in detail the events of a recurring nightmare you have. Typically, there is an element of fear, danger or helplessness.Second, we rescript the nightmare by changing what happens in the dream in a way that engenders feelings of empowerment, control, competence, and/or safety. In other words, if the nightmare involved being pursued or assaulted, we might change the events of the story so that you call the police, get to a place of safety, or even fight back and protect yourself.Third, you can reread this new version of the dream over and over again, so that it becomes a well rehearsed story. The effect of this can make it so that the next time your mind goes towards the nightmare while sleeping, this new, more hopeful and empowering story competes with the old one and reduces the level of distress associated with the dream. Best of luck!"
I have been having horrendous nightmares this whole month.,"Are you facing any type of overwhelming situation in your waking life?Dreams and nightmares are the non-logical ways in which we make emotional sense of what goes on in our everyday waking world.Besides having some type of relaxing bedtime routine to set a peaceful mood for your sleep, and avoiding viewing violent films and video games as entertainment, maybe even avoiding news stories which sometimes have similar themes of violence, the content of our dreams and nightmares is out of our direct control.Your nightmares may offer useful clues as to what you're trying to resolve in your life.  Pay attention to the story of your nightmare because it reflects how you feel in waking life.If you feel helpless and silenced in your nightmare, or taken advantage of, or whatever dreadful situation goes on during your nightmare, then look for where in waking life, you may feel similar.In this way, you'll become clearer about stressors in your life that you may not have realized existed were it not for the stress of nightmares."
"I get an uncontrollable swallowing that is repetitive and then somewhat out of body feeling that lasts no more than a minute or two. It usually happens in bed at night, but I occasionally experience this during the day. I have a benign brain tumor, but the doctor said it is not associated with this.","I'm not entirely sure whether this relates to something in the mental health realm or if there is something else happening. I know you said that your doctor said it is not related to your physical condition, but have you tried speaking with your primary care physician? I've seen people with many different symptoms that end up being related to acid reflux or something of that nature. As far as the out of body experience, there are different stages of sleep, so if this is happening in the middle of the night and you are waking up from a dream, you may not be fully awake when it's going on. These are just some thoughts, but I think talking to your primary care physician would be a great place to start."
"I'm a teenage girl, and my dad is an alcoholic. I hate being at home with him because he just stresses me out. He can be picking me up from basketball practice or piano lessons, and half of the time, I don't even know if he's sober or not. I refuse to get into the vehicle with him and walk home sometimes. I've either been barely sleeping or I over sleep, so I'm always tired. I live in a small town, so there's no one I can really talk to because I'm not really that close with my family.","Hello, and thank you for your question. You are clearly a
resourceful young person to reach out like this to find help. Good for you. I
have a few ideas and perhaps some other counselors will add some thoughts, too.

First, good for you for taking care of yourself and making
really good decisions – such as not getting into the car with dad when he is
intoxicated. It is really important that you consider your safety above all
else. 
To answer your heading question, yes, it is quite common for
people to blame themselves for other people’s actions. There are various
reasons why we do this. For one thing, someone may tell us that their behaviors are our fault. And depending on things like our relationship to that
person, past experiences, and our self-esteem, we may actually start to believe
it. What is important to remember is that your parents have the responsibility
to be sure that you are safe and
cared for, not the other way around. 
As for the other things you mentioned, I am concerned about both
your physical and emotional safety and well-being. It sounds like your father
has an alcohol abuse problem, and living with someone who is struggling with
addiction can be hard for anyone, let alone a teenager who is also trying to
deal with things like school. 
You may want to see if your school has a counselor or
someone you can talk to about what is going on. I will tell you that in some
states, what you have told me may be something that a counselor would have to
report to child protection services, but not necessarily. If you are concerned
about that, ask the counselor what they are obligated to report. 
If you don’t know a counselor, think about any other adult
that you would feel comfortable talking to. They may have some ideas. 
Sometimes individual states have non-profit chat lines or
hotlines for teens to call if they are struggling with things. You may be able
to find something like that in your state. I do warn your about doing random
searches, not every website is good, so be careful. 
This is clearly a tough spot for you to be in, so one of the
things that I encourage you to do while searching for support is to focus on
taking care of yourself. Sometimes things like this can really bring us down and
we stop doing the things we enjoy. Try really hard not to let that happen. If
you have interests, do them. If you catch yourself thinking too hard about
things, try to find something fun to do to distract yourself. Try to take care
of yourself in other ways, such as eating well. Exercise can really help when
we get stressed. 
I hope some of this was helpful. Good luck.
 
Robin J. Landwehr, DBH, LPC, NCC"
"It takes me a long time to fall asleep; I’d estimate about two hours. I often have nightmares, starting with being eaten by a monster, and I often wake up frightened and unable to breathe. I believe I started losing sleep after breaking up with a girlfriend of 8 years. Also, my father’s business went bankrupt and my mother has a chronic condition. I was under a lot of stress, and life lost meaning. After improving my life and developing a habit of running and exercise to release stress, my symptoms improved. However in the past couple months, I started losing sleep again and having nightmares without warning. How can I solve this issue?","You’re noticing that as you lie down to go to sleep, there
is quite a bit going on, which may be anxiety related. It sounds like the
dreams and difficulty sleeping are reminiscent of previous experiences you had
around the time of your break up, the difficulty with your father’s business,
and your mother’s health issues. These connections to past events may be
important insights to continue exploring in addition to finding out more about
what your dreams may be trying to tell you. There is no exact science to
dreams, but many people find it fruitful to explore the content as it relates to
significant themes in their lives. I think that exploring these issues further with
a therapist could help you resolve whatever is causing you the stress, trouble sleeping, and frightening dreams."
"It takes me a long time to fall asleep; I’d estimate about two hours. I often have nightmares, starting with being eaten by a monster, and I often wake up frightened and unable to breathe. I believe I started losing sleep after breaking up with a girlfriend of 8 years. Also, my father’s business went bankrupt and my mother has a chronic condition. I was under a lot of stress, and life lost meaning. After improving my life and developing a habit of running and exercise to release stress, my symptoms improved. However in the past couple months, I started losing sleep again and having nightmares without warning. How can I solve this issue?","First of all, exercise is always beneficial for your physical and emotional health. That's great that you have added this in your routine. Have you also considered altering your diet? Certain foods are linked with poor sleep. For example, alcohol, caffeine, nicotine and high fat content foods do not bode well with quality sleep, especially right before bed time.  On the other hand, warm milk and foods high in carbohydrates have actually shown to positively impact sleep.Additionally, at bed time it's important to keep your room dim, cool and without distractions (i.e. TV, IPad, Phone). Stick to a sleep routine and avoid any activities close to bed time that demand a lot of attention and energy.As far as your nightmares, there could be many causes contributing to them. Certain foods (many of the ones mentioned) or medications could be the culprit. Doing a bit of research into the ones you are consuming may help you eliminate the offender. You may also benefit from talk therapy with a qualified therapist to discuss any underlying issues you are experiencing. Oftentimes, depression and anxiety can manifest themselves during sleep, causing nightmares. Finally, Yoga has shown to be very beneficial for quality sleep. There are many instructional videos available that can introduce you to the practice if you'd rather not join a class right away. Best of luck to you and I sincerely hope you are able to catch up on some well deserved Z's!"
Sometimes 3 times a night.,"Perhaps more dreaming means that you are making use of your mind to solve problems.  I find that change states, while sometimes difficult, are very exciting.  They give you opportunity to grow more rapidly.  So I say: ""congratulations!""  ~Mark (www.MarkMorrisLCSW.com and www.LivingYes.org)"
Sometimes 3 times a night.,Dreams are our chance to make sense of our waking lives.If you've got a lot going on in your life then your dreams are your assistants in understanding these happenings and dynamics.
Sometimes 3 times a night.,"As a depth therapist (aka ""psychodynamic practitioner""), I do a lot of dream work with clients; and they gain great insights from our explorations.We remember dreams, I believe, because dreams are messages (always in code) from the unconscious, communicating the crux of unresolved conflict between who we are and who we think we are supposed to be. You might be remembering so many dreams because your conscious mind is ready to hear these messages...and make some internal changes in response.Write them down! You'll be glad you did. A broad cross-section of these these messages will help your therapist help you interpret the meanings of these communications from you to you, and possibly chart your best path forward toward to resolve the cause of psychological symptoms you might be experiencing."
Sometimes 3 times a night.,"That's a difficult question to answer. Dreaming is a normal (and healthy) part of the sleep cycle. The current thought is that we all generally
experience roughly the same number of dreams - the difference often is just
whether we remember the dreams or not.An increase in the number or frequency of distressing dreams
(or nightmares) can be a symptom of stress, anxiety, or PTSD.  If the dreams are disturbing to you, talking to a local
counselor could help. If the dreams themselves
are not troubling, you may just be remembering them more than most people do."
"I just lost my grandpa and i'm having a rough time with it.    I need some help to deal with the loss, but I don’t think I can pay for counseling. Where Can I get help?","If you connect with your therapist and can say whatever you want to say and not be judged. If you feel like things, situations, your outlook are shifting for you."
"I just lost my grandpa and i'm having a rough time with it.    I need some help to deal with the loss, but I don’t think I can pay for counseling. Where Can I get help?","Y'know, to see a man you've loved and care for pass on must make ya' want to cry and weep a bunch, don't it?And, may I say to you that... (as I've long since said)... if you need to mourn, take about a week or so and mourn like your life depended on it.  I mean, get to weeping, gnashing, moaning, crying, solemnness, and reflection.And then, after about a week or so, reflect on the man as if he were a well-beloved traveler... sent off on a wondrous journey that will consume and encapsulate his entire awareness... and...Rather than expression vibrations of fatigue, sadness, and anger, send him the finest recollections and images you have of him, and regard him fondly...For, I think you will realize that the dead are not gone forever, but are actually extraordinarily active... and when he sees what you express out from within yourself, he experiences it himself (probably more than you know); so, why not send the very best you have out to him :)"
"I just lost my grandpa and i'm having a rough time with it.    I need some help to deal with the loss, but I don’t think I can pay for counseling. Where Can I get help?","I am sorry for your loss. I understand the difficulty of needing help and not having financial resources. In some areas, you can dial 211 and find resources in the area that may be free of cost or low cost. In addition, often hospitals and community centers, churches, etc. have support groups. These are often free and many include grief and loss issues. Finally, there are some therapists who work on sliding scales and even sometimes offer pro bono sessions for clients. Hopefully some of these leads work out for you so that you can get the support that you need."
"I just lost my grandpa and i'm having a rough time with it.    I need some help to deal with the loss, but I don’t think I can pay for counseling. Where Can I get help?","Losing someone you love, someone who has been there from your very first days, is really hard.  Look for a local hospice support organization in your community - grief groups and counseling are often available through these centers.  Don't just tough it out and wait for your sadness to fade.  Your grandfather would not want that for you.  Take extra good care of yourself and get some support"
"I just lost my grandpa and i'm having a rough time with it.    I need some help to deal with the loss, but I don’t think I can pay for counseling. Where Can I get help?",Your local hospice will have grief support groups and free community counseling available with bereavement counselors who are expects with grief and loss.
"I just lost my grandpa and i'm having a rough time with it.    I need some help to deal with the loss, but I don’t think I can pay for counseling. Where Can I get help?","Hello,I'm very sorry to hear about the loss of your grandpa. My suggestion would be to look into community mental health agencies in your area. Sometimes they can offer low-fee counseling. You can also check the hospitals in your area because they may offer free or low-fee bereavement support groups, which can be very helpful. Lastly, you may want to look into reading some books about grief as they can help you understand the general effects of grief and feel comforted that you are not alone. Lastly, some therapists offer sliding scale, or reduced fee so it doesn't hurt to call some local therapists to see if they offer could offer a very low-fee. I hope this helps! Please take good care of yourself. Grief is so difficult but please know the pain will ease up over time. Warmly,Angela Topcu, MFT"
"I just lost my grandpa and i'm having a rough time with it.    I need some help to deal with the loss, but I don’t think I can pay for counseling. Where Can I get help?",I am so sorry to hear about your loss. He must have been very special to you and it definitely makes sense that you are having a hard time with it. Counseling may be an option if you have a university near you with a graduate marriage and family therapist program. Graduate students provide counseling at a very low cost as part of their traineeship.  Here is an example... http://www.clucounseling.org/.  Another possibility is a support group for bereavement and loss. Many are free. I wish you the best towards healing your heart.
"I just lost my grandpa and i'm having a rough time with it.    I need some help to deal with the loss, but I don’t think I can pay for counseling. Where Can I get help?","I'm sorry you lost your grandpa.  Some things that may help you through this tough time are to journal or write about special memories you have of your grandpa.  You could also journal about your feelings of loss and how you miss him.  Another thing that might help is to talk with a friend or family member.  Sharing special memories of the person you lost can help you to grieve.If you would like to pursue counseling I would suggest doing an internet search for grief groups in your area.  Sometimes hospitals or hospice centers will offer them for free or low cost.  You can also do an internet search for non-profit counseling clinics in your area.  Many cities and towns will have a non-profit clinic that can provide low cost counseling, it might be worth checking into."
"I just lost my grandpa and i'm having a rough time with it.    I need some help to deal with the loss, but I don’t think I can pay for counseling. Where Can I get help?","I'm sorry your grandpa died.Good for you to write on this site about wanting help to know how best to live with this new loss.Have you looked online for blogs and forums about adjusting to a recent death?  That you know you'd like another person to help you adjust, is a good sign of your own mental health stability.It is possible that reading online blogs and discussion forums, writing on these if you feel like doing so, and possibly joining a local free support group, will be all you need to feel better.There is no set timeline in grief.   Let yourself take as much time as you feel is best for you."
My grandma and brother both passed away 11 years ago and sometimes at night I just can't stop crying while thinking about the good memories we had but won't have ever again. I can't sleep at night when the memories and tears come I'll be fine all day then at night...boom! it's like waterfalls from my eyes. Why can't I stop crying?,"It's good to know you are reminiscing about good memories.  The sadness and crying is normal when you are missing a loved one.  You are noticing that grief changes, it doesn't just stop.  You have recognized that there will be moments in life that you will want to have shared with your brother and grandma and it just seems unfair that you cannot.  I often find that when someone is stuck in the place you are, it is a result of unfinished business and in your case, it appears, unfinished futures.  A professional versed in grieving and it's intricacies, can guide you to navigate through this and lessen the intensity that you experience.  As life goes on, there will be many moments that you will have wished they were present, but those moments do not have to bring you such intense emotion.  Seek some help, you won't regret it."
My grandma and brother both passed away 11 years ago and sometimes at night I just can't stop crying while thinking about the good memories we had but won't have ever again. I can't sleep at night when the memories and tears come I'll be fine all day then at night...boom! it's like waterfalls from my eyes. Why can't I stop crying?,"Because you're sad and miss the relationship you had w grandma and your brother.The academic point that grief takes a different length of time to lift for each person, is true.Also, from a spiritual perspective, your grandma and brother are still here in loving relation to you, just not in physical body.  Pay attention if you have a sense of talking to them within your mind.  This may lessen your feeling of loss.When you're done crying about missing them, your grief will simply disappear on its own!  It cannot be forced to leave."
"Last year, I just always felt hopeless. I don't have a great relationship with my sister. I lost my mother recently, and that really added to my sadness. My sister always brings up how I was never close to my mother.","I am so sorry about your loss.  Losing someone you love is always difficult, however, losing a mother is a significant loss in a daughters life.  What makes this loss complicated is that it appears you have also had a loss in your relationship with your sister.  It is difficult to know what happened with your sister with the limited information you have provided, but what I suspect is that there are some unresolved issues between the two of you and that she may be projecting her pain on to you.  It is important to remember that your sister is also grieving the loss of your mother and may not be dealing with it in a very healthy way.  By her bringing up your relationship with your mother and suggesting that you were ""never close"" to her is her opinion.  Only you can define and determine what your relationship was like with your mother.  If there is truth to this, then it may be something you may need to talk about with a counselor.   There could be an added layer of ambiguous loss in that you are not only grieving her physical absence, but could be grieving the loss of a relationship you wish you could have had with her and the realization that you never will.  You and your sister are both in the heart of the grieving cycle.  When two people are grieving the same loss at the same time, it is difficult to provide support to each other because of their own struggle, even if they both were on good terms with each other.  Depression is part of the cycle of grief.  It is absolutely normal to feel sad, as well as experiencing other depressive symptoms (i.e., feelings of isolation, lack of motivation, low energy, sleep or appetite changes, etc.).  Anger is another phase of the grief cycle.  Your sister may be stuck in the anger phase, not wanting to connect with her own feelings of sadness, so this may be why she is being hurtful towards you, in projecting her anger onto you in order to avoid the vulnerability of experiencing her own grief.Finally, it appears that your depression proceeded the loss of your mother and is making your experience with grief more complicated.  Were you officially diagnosed and treated for depression prior to your loss?  Depression in grief is different than a depressive mood disorder.  Depression can be situational (i.e., triggered by an event) or related to genetics, undiagnosed health issues, stress, trauma or other potential risk factors.  If you have a family history of depression, you are more susceptible to have depression.  It would be wise for you to discuss this with a mental health provider, and if necessary, get treatment through counseling and medical interventions."
"Last year, I just always felt hopeless. I don't have a great relationship with my sister. I lost my mother recently, and that really added to my sadness. My sister always brings up how I was never close to my mother.","Wow what a painful journey you have been in for a long time. Death and grief bring up so many painful reminders of relationships--what they could have been, never were, and what was lost. With death of a family member the family often falls apart for a while... or longer. I hope you can find some support for you and your pain that was occurring before your mom's passing. I also hope you can find someone to help you set boundaries with your sister so you can have your time (as long as you need) to heal from losing your mom and then later figure out how to interact with your sister."
The past always feels much brighter and more beautiful than my present. Everything about what's gone feels so amazing; almost like I'm high off nostalgia. But in the end it just makes me feel sadder knowing that all of the memories (and a close friend that left me) are gone forever. How do I move past that and live more in the present?,Do some self-reflecting as to what areas of your life you'd currently like to develop.The good news is you know how happiness feels.That you were able to create situations and dynamics which produced happiness in your life is good motivation to believe happiness is possible and to try new ways to create this in your life.
"I spent my whole life taking care of my dad, but left because of his verbally abusive behavior. I was the only one that helped with his health issues. I feel if I hadn't left he might still be alive. I need help dealing with my grief and guilty conscience.","I see such a sharp contrast between your question and your first sentence. Do you see it? ""I feel guilty about my father's death"", and ""I spent my WHOLE LIFE taking care of my dad."" Wow. After everyone else had left him to his misery, you hung in there. He is so lucky to have had you there. You didn't have to do that. I have a hunch that your dad blamed you for a lot of things. Abusive people do that a lot; they make you believe things are your fault when they're not. You did the opposite of what you fear you did. You didn't contribute to your dad's death; your selfless care gave him a longer life...better health. In the end, no one's love and care could save him. No one could fault you for deciding you had had enough at some point. I would never expect anyone to keep putting themselves in a hurting place over and over again. But this is what you did. You did it for him, and you did it so you wouldn't feel guilty. But you feel guilty anyway, right?...so putting yourself in that position was only worth it if you allow your loving acts to melt away the guilt. Can you tell yourself ""It's okay that I had to take care of myself too.""... ""I gave up a lot for my dad; I have nothing to feel guilty about"".Putting yourself last for your dad was a loving thing to do. And... my hope is that you can also find different ways to help yourself feel ""good enough"" in this world, and a balance between caring for others and caring for yourself.  :)"
"My wife is trying to leave. She agreed to come back and give me a little time. Even said she hopes I can do it. We buried our first born in Jan 13 years ago. She never got past it. So every year around this time, she gets emotional and says she doesn't think she loves me, but then we go back to normal. This time, another guy came in and showed her attention. I'll forgive the cheating if she'll come home.","I'm sorry that you lost your first born child.  Death of a child always leaves a permanent reminder to the parents of a very painful time in their lives.The good news is your awareness that you and your wife are not connected in a satisfying way.There are many possible areas to examine in your relationship as partners and as parents.If what you write here are your observations and theories about your wife's outlook and conclusions, then the first step is to directly have conversations together on the topics you write here.What needs clarifying is what her reasons are for wanting to leave the marriage.Often, a crisis such as a child's death, motivates someone to look deeply into other intimate relationships.  Keep in mind that looking deeply doesn't necessarily mean leaving the marriage.Also, be aware of your own frustrations and marital discontent.  Be ready to talk about your feelings and uncertainties.There is no such thing as one happy partner in a marriage and one unhappy partner.   Each person is part of a system and can only be as satisfied as their partner.The conversations that open relationship hurts and disappointments, hold a lot of emotion.  They are difficult to keep on track.Best recommendation is to find a couples therapist who will be neutral to each of you as individuals, and help both of you examine the true health of the relationship."
I loved him more than anything. He passed away on our anniversary which was also the day I was going to apply for our apartment. I'm not handling it well. I moved to a new town and started a new life but nothing helps.,"I am so sorry to hear of your boyfriend's passing. Grief is something that can take a long time to recover from. Have you considered speaking with a grief counselor? Being able to speak with someone that specializes in grief would be very beneficial. Do not get down on yourself for not recovering quickly. This is one of the hardest aspects to deal with in life but eventually you will be able to move forward. In the mean time, immerse yourself with positivity (i.e. Good friends, hobbies, exercise) and try to schedule a time with a counselor. Perhaps there will be a support group you could also join. Oftentimes, it is comforting to meet others who share the same experience as you.Good luck to you. I hope you will find peace and comfort soon."
What can I do to stop grieving my mother’s death? When I am awake I just cry every day. I don't have anyone to talk to. I need help; I am still cry over her. Will I ever stop crying? It’s been 3 years.,"I am sorry that you lost your mother. That is a really hard thing for someone to go through.There is really no set time for grief to be over, but I agree that if it has been three years and you are still crying every day then this is past the time for normal grief. I do not know how old you are and if you are in school or have a job, but I would imagine that if by now you literally were doing nothing but crying every day all day, someone would have noticed and would have gotten you some help. For one thing, bills have to be paid.There are typically five stages of grief and they can come in any order. You can go back to another stage that you previously experienced. Denial, anger, bargaining, depression, and acceptance are the stages. At first, people are usually in denial over the fact that they lose someone or are losing someone. This may mean that you deny they are ill or deny that they have actually died.Then comes bargaining, in which you may beg God that if you can only have this person back then you will do whatever. Depression is when the reality has settled in and when we cry and really feel the loss. It sounds like you are stuck in this phase.Finally, acceptance is when we accept that it has happened and we pick up the pieces of our life and move on.When we lose someone we never forget them. We may always have certain days that are tough, such as holidays or any special remembrance of your loved one. But we do get to the place where we accept that death is part of life and that it is inevitable, and that life goes on.A therapist can help you explore the reasons for your extended grief and can help you with coping skills to better deal with it. One suggestion I have is not to try to run from the sad feelings, don’t try to not feel them. Embrace the feelings. Let the feelings wash over you and accept them. Trying not to feel something is not going to help. Sadness is a part of life and needs to be felt just like happiness does. Unpleasant feelings are not to be avoided.I am sincerely sorry that you lost your mother and that you have had such a hard time of it for three years now. You deserve to be happy and to live a full life. I am sure your mother would not want you being sad for so long. I wish you all the best as you continue to try to heal from this loss and deal with your grief."
"I'm a female in my mid 20s. Lately I tend to over drink and I've become a very angry drunk.    In the past, I have even cheated on my boyfriend while I was under the influence of alcohol.    But now, even if I don't do anything wrong and don't embarrass myself, I still feel really guilty after a night of drinking. I don't understand why I'm feeling this way. Does this mean I have a problem?","Hello, I commend you for your courage in taking a look at the role alcohol has in your life. It sounds like you're concerned about what happens when you drink too much and I suspect you already know the answer to your question about whether you have a problem or not. I imagine you would like to stop feeling guilty and would like to avoid cheating on your boyfriend or other negative consequences and maybe have a fear of being or becoming an ""addict"" or ""alcoholic."" You might have a ""problem"" but that does not necessarily mean that you are an addict. I don't have information to know if ""addiction"" or ""dependence"" or other words would best describe where you are with drinking, but it sounds like it's begun to have some negatives, so forgive me using words like addict, dependence and so on. I mean it more as a road map than a diagnosis. The feedback I'm writing here is very general and doesn't address physical dependence and many other factors that might apply to your situation.  One of the ways to think about substance (mis)use is to think of addiction as a disease of avoidance. Let me repeat that: it is a disease of avoidance. Your ultimate task in living a balanced life is to figure out what you're avoiding and develop other ways to manage those feelings, experiences, and so on. And of course, along the way, you may want to look at triggers, situations, biological vulnerability, social pressures, coping skills, relapse prevention planning and so on. Depending on where you are in your drinking, you might very well benefit from expertise and support. Remember also that alcohol depresses our central nervous system and disinhibits us. That means that alcohol is often a substance of choice to relax, destress, calm down, etc. Also, it allows feelings, thoughts, and behaviors that we usually inhibit to be expressed. If you were unfaithful and often angry, that's your first signpost. For angry drinkers, it is often true that you don't drink and then get angry, you drink in order to express anger. I recommend you find someone you can speak frankly with, who is knowledgeable about addiction. Wishing you the best health and wellness."
"I'm a female in my mid 20s. Lately I tend to over drink and I've become a very angry drunk.    In the past, I have even cheated on my boyfriend while I was under the influence of alcohol.    But now, even if I don't do anything wrong and don't embarrass myself, I still feel really guilty after a night of drinking. I don't understand why I'm feeling this way. Does this mean I have a problem?","The short answer is yes - if you feel 'really guilty after a night of drinking', then you probably have a problem. What you could do is visit this website by the National Institutes of Health: http://rethinkingdrinking.niaaa.nih.gov/How-much-is-too-much/  There you will find information on how many drinks is too much, and the general answer for women is more than seven drinks in a week. There is also a quiz you can take anonymously that will help you determine if your drinking is a problem. The good news is that you can get help for substance abuse through counseling, self-help programs, or alcoholics anonymous."
"I'm a female in my mid 20s. Lately I tend to over drink and I've become a very angry drunk.    In the past, I have even cheated on my boyfriend while I was under the influence of alcohol.    But now, even if I don't do anything wrong and don't embarrass myself, I still feel really guilty after a night of drinking. I don't understand why I'm feeling this way. Does this mean I have a problem?","Guilt is a narcissistic, self-indulgent focus on me, me, me; it's best not to keep it in negative light;What does that mean?  Well, it stems from mankind having an animal nature, and a spiritual nature;In most societies today, the animal nature is looked down upon, seen as egregious and something to be put away;If I may say to you, it is necessary and important (if you wish to end an experience called ""guilt"") to NOT regard your animal nature as negative, but to accept that you have it, and acknowledge it;The more openly a man or woman acknowledges they're animal-side, the quicker one may subdue it;Try giving your animal nature a name, and talk to it like a cute pet... ""Oh, hey, there, Snorky!  Oh, what's that?  You want to be a wealthy, famous Hollywood idol?  Oh, really!  Agaiiiiiiin, Snorky!  Geez, you're impossible!  Ain't you just the cutest thing!"""
"I'm a female in my mid 20s. Lately I tend to over drink and I've become a very angry drunk.    In the past, I have even cheated on my boyfriend while I was under the influence of alcohol.    But now, even if I don't do anything wrong and don't embarrass myself, I still feel really guilty after a night of drinking. I don't understand why I'm feeling this way. Does this mean I have a problem?",I offer that getting a professional assessment is in order to look at your relationship with alcohol.
"I'm a female in my mid 20s. Lately I tend to over drink and I've become a very angry drunk.    In the past, I have even cheated on my boyfriend while I was under the influence of alcohol.    But now, even if I don't do anything wrong and don't embarrass myself, I still feel really guilty after a night of drinking. I don't understand why I'm feeling this way. Does this mean I have a problem?",Speaking with a licensed therapist will help you figure out if indeed you have a problem or not.  I would say the first question you should ask yourself is why you are drinking? The second would be why you feel the need to drink in excess? It may be due to a life event or the crowd you are running with.  Either way a therapist will be able to help you through this as you already made the first step in admitting you are having a difficult time.
"I'm a female in my mid 20s. Lately I tend to over drink and I've become a very angry drunk.    In the past, I have even cheated on my boyfriend while I was under the influence of alcohol.    But now, even if I don't do anything wrong and don't embarrass myself, I still feel really guilty after a night of drinking. I don't understand why I'm feeling this way. Does this mean I have a problem?","Usually when someone asks if they have a problem, they believe they do have a problem!The first step is to understand your own theory and definition as to what problem you feel you have.  Some possibilities are feeling unhappy in the relationship to your boyfriend, not having enough discussion between the two of you, not feeling cared about by your boyfriend, not liking your boyfriend.Did you grow up in a family in which the grownups drank to the point of excess at the times they felt stressed?Family modeling of how to handle problems may have left you no knowing how to handle stress except to drink to excess.Ask yourself what it is you feel guilty of doing?The guilt may point you in a good direction if it is your sense of self-esteem telling you to find better ways of managing your life.Do you drink alone or together with friends?Try defining your specific reasons for drinking because this is the first step to know how to handle the situation differently."
"Or how to send him somewhere that can help him, something like The Baker Act.","More information would be needed for me to accurately answer this question, such as your age, whether you live with your dad or not, and what other family members live in the household. Something like this, alcoholism, is a whole family disease. In other words, family members often unknowingly contribute to the alcoholism and enable the alcoholic to continue the destructive behavior.First of all, you can’t make your dad do anything, and constantly nagging him or begging him to stop is just going to make him defensive and make this worse. Nobody can change another person. What you can do is change how you react to him and the things that you and other family members do for him. Research codependency. There’s a great book called Codependent No More. There are a lot of articles on the internet that you can read. In short, you have to stop enabling him. Like I said, you cannot control him, but you can control yourself. This means do not buy his alcohol. Do not make it easy for him to get. Don’t loan him the car keys or pay any household bills for him. Don’t call in sick to work for him or make excuses for him in any way. Do not bail him out of jail when he gets arrested. He needs to be responsible for himself. This may mean losing his job or losing his driver’s license. This may mean that he loses his family if he doesn’t stop. What you and your family can do is set boundaries about what you will put up with. It is his choice to drink, but it is your choice to put up with the behaviors of his drinking. A lot of people go into rehab because their spouse said if they don’t then they are getting a divorce.If you are an adult and you don’t live with your dad, then the best thing you can do for him is STOP doing things for him. If you are a child who lives at home with him, then this could be a case for child protective services. In my state this is called DHS. A report is made to this organization for child abuse or neglect. Substance abuse in the home qualifies. Of course, alcohol is legal and when consumed in moderation, there is no problems. The problem will be the result of his alcohol consumption. Does he drive with children in the car while intoxicated? Is he left to care for minors while in an intoxicated state? Are there any domestic violence issues due to his drinking? This could be a reason for the authorities to step in. You can look for a local meeting for family members of alcoholics. They are similar to the AA meetings that an alcoholic should go to, but are for the family members. They can help you."
"Or how to send him somewhere that can help him, something like The Baker Act.",Your dad needs to be aware that he has a problem and be willing to make some changes in order for him to be motivated to stop.  Often times individuals will be forced to stop when they were not ready.  Remember we can not ever make someone do something they do not want to do.  There needs to be at least a little willingness on the other party to make some changes.  I would encourage you to reach out to your family or other loved ones and have a conversation with your dad regarding your concerns.
"I'm planning to have baby, so I have to quit smoking - but it's hard. Sometimes it's not a physical need, it's mental.
   I cannot help myself from thinking about smoking. What can I do to get rid of this addiction?","Hi. Good for you in planning ahead to do what's healthiest for your baby (and yourself). That's a great first step! It's also good that you are able to identify that it's not always a physical need that's driving the addiction.For the next steps, I would suggest trying to figure out when the psychological cravings for a cigarette occur. The psychological (or mental) cravings are usually based out of habit, such as having a cigarette after a meal. And if you're consciously trying to quit, you'll find the craving starts with simply thinking about having a cigarette, then usually moves on to thinking about how good it made you feel, etc., etc. Well, if I'm on a diet and I continue to let myself think about the ice cream sitting in the freezer, eventually I'll give in and eat it.You're going to have thoughts about smoking a cigarette. That's normal and, for the most part, out of your control. But you choose whether or not to CONTINUE thinking and dwelling about it after that initial thought. That's what you would have to work on changing. When you have that initial thought, acknowledge it (""Ok, I kind of want a cigarette now.""), but then change the thoughts that typically follow. Distract yourself, think about something else, do something else, whatever it takes to get your mind off of that cigarette.I've suggested to clients before that they should plan these scenarios out ahead of time so they already know what they're going to do when the time comes. Write down when you usually have the craving for a cigarette and then write down new thoughts or things to do to get your mind off of it. Eventually, it will become easier and easier to brush off that initial thought until you no longer have it.Best of luck, and you have a really great motivator to quit - your baby!"
"I'm planning to have baby, so I have to quit smoking - but it's hard. Sometimes it's not a physical need, it's mental.
   I cannot help myself from thinking about smoking. What can I do to get rid of this addiction?","First off, I would like to congratulate you on making the decision to stop smoking.  The next thing I want to share is that there are so many different ways to kick the habit. Some people find solace in groups, while others prefer to see a counselor about this individually. Remember, that the crux of addiction is feeling one way and using a substance or thing to feel a different way.  My suggestion is to find an addiction counselor and create an individualized plan together to help you stop smoking . Your chances of stopping smoking are much higher when you have professional support and a plan to work on outside of your sessions."
"I'm planning to have baby, so I have to quit smoking - but it's hard. Sometimes it's not a physical need, it's mental.
   I cannot help myself from thinking about smoking. What can I do to get rid of this addiction?","While smoking can be incredibly difficult to quit doing, it's not impossible, so the first thing to NOT lose is hope. And certainly planning to have a baby can be exactly the catalyst that one needs to motivate to complete this sort of task. But, as I said, it still won't be easy, even with the motivation there.There is a definite physical component, but it's great that you can acknowledge the psychological addiction that exists. It would be helpful to dive into what that psychological need actually is, as it can vary from person to person (whereas the physical addiction doesn't as much, and therefor can be helped through gums and patches and inhalers, etc.) Exploring and getting to the root of the psychological need can help you to determine what is going on for you psychologically, and how else you can meet those needs of yours, perhaps in much healthier and more adaptive ways, that also help you to feel really good about yourself. While replacement is not always advocated, having psychological needs is not something to be ashamed of, but rather nurtured."
"I'm planning to have baby, so I have to quit smoking - but it's hard. Sometimes it's not a physical need, it's mental.
   I cannot help myself from thinking about smoking. What can I do to get rid of this addiction?","It's very admirable that you are trying to stop smoking for the sake of your health and your child's health.  The mental aspect of quitting a drug can and usually is the hardest part.  First, it can be helpful to change the focus of your thinking so you are focusing on the healthy behaviors you will start/improve rather than only focusing on the behavior that you are trying to stop.  The reason for this is that our brains hear the main topic of our thoughts.  That is, when you tell yourself ""quit smoking, quit smoking, quit smoking"", your brain hears ""smoking, smoking, smoking"".  So we need to put together a self-care plan that addresses your thinking, emotions, and behaviors (nutrition, physical activity, and other stress reducing activities).  The idea is to have an effective plan in place to both prevent yourself from feeling intense stress (which increases cravings) and to have a well-placed plan for when the intense cravings inevitably present themselves.  And lastly, and possibly the most important; You have to believe you deserve to be the healthiest version of yourself.  Think about the times when you are most vulnerable to smoke (stressful situations, after meals, when drinking, social situations, etc.).  The use of affirmations is also an important resource as what we say to ourselves effects our mood.  Repeatedly telling yourself ""i am healthy, ""i am getting healthier, ""my lungs are becoming clear and healthy"" or other affirmations like this.  Even if you don't believe them at first, continue saying them.  This step is important to improve cognitive flexibility which trains your brain to be open to change.  Think about activities that you like to do or that you would like to try and replace smoking with those activities.  Any activity that can make you laugh (time with friends, watching comedies, etc.) will evoke a calming response because when we feel happy, we typically don't feel stressed out simultaneously."
"I'm planning to have baby, so I have to quit smoking - but it's hard. Sometimes it's not a physical need, it's mental.
   I cannot help myself from thinking about smoking. What can I do to get rid of this addiction?","Breaking any habit is no easy feat.   Cutting down or cutting out cigarettes is very challenging, and there aren't any one size fits all solutions.  Fortunately, there are a lot of tricks and tools that you can use to stop smoking.  1. Many habits that we have are paired habits. If we do one thing, then we will do the other thing.  Think about the activities that you do when smoking and try to pair those activities with another activity other than smoking.  For instance, many people smoke while they drive.  Consider planning another activity to do while driving. (It might not be driving for you, but you get the idea! :)).  It might be taking a walk instead of smoking on your break at work.  2.  Create distance between you and the habit you are trying to break.  This approach could be used in a variety of different ways.  If you smoke first thing in the morning, consider leaving your cigarettes in a different room in your home.  Walking the extra couple of feet could help you decide not to smoke.   Leave your credit or debit cards at home and carry less emergency cash than a pack of cigarettes.  With this strategy, you are trying to create some distance between you the cigarettes so that you have to jump through extra hoops to get them.  3.  Consider cutting back before cutting out.  If you are smoking 10 cigarettes a day, try smoking 9. Then cut back to 8 and so on.  Having a plan to reduce harm may be more sustainable than cutting things out altogether. 4.  You could also talk to your doctor about the safety of nicotine patches. If you aren't already pregnant, this could be a great resource to help boost your success.  5. Focus on what you are gaining instead of what you are loosing. You may be losing cigarettes, but you are gaining money, health, taste buds, an increased sense of smell, lung capacity, a healthy baby etc.  You could plan small rewards/ treats with the money you save from decreasing cigarette purchases.  I recommend making these purchases small and frequent to keep up the momentum rather than waiting for a big payout a couple of months down the road.  Good luck! Cutting out cigarettes will be good for you and your baby."
"I'm planning to have baby, so I have to quit smoking - but it's hard. Sometimes it's not a physical need, it's mental.
   I cannot help myself from thinking about smoking. What can I do to get rid of this addiction?","Hopefully you feel you have the time to follow this procedure.1. For a week - log when you smoke - time, place and activity2. Plan on cutting back 10% for a week.Cut out the easiest times.3.Next change the times and and activities for 3 days - consider water or candy or gum if it is very tough. 4. Cut another 10% each week until you are done."
"I'm planning to have baby, so I have to quit smoking - but it's hard. Sometimes it's not a physical need, it's mental.
   I cannot help myself from thinking about smoking. What can I do to get rid of this addiction?","It is very good news that you realize the risks of smoking cigarettes while pregnant and are willing to stop.Thinking about smoking is a typical and frequent reaction to being without the substance.Be creative with what you know about yourself to distract you when this psychological urge comes up.  My suggestions are to imagine smoking if you find this would relieve the sense of wanting to smoke.Or, do the opposite and remind yourself of all the good reasons to not smoke.Also, since you're planning pregnancy then ask your partner for ideas on how to make the psychological feeling to want to smoke, feel less intense.Another suggestion is that your partner is your texting buddy to stop smoking.   With AA groups, a sponsor is always available for the alcoholic who feels distress about the urge to drink.   Having a trusted and caring person to tell about your problem helps in many situations.  Maybe it will help you to stop smoking.Good luck!"
"I'm planning to have baby, so I have to quit smoking - but it's hard. Sometimes it's not a physical need, it's mental.
   I cannot help myself from thinking about smoking. What can I do to get rid of this addiction?","Quitting smoking can be difficult. It's also true that there is part that is sometimes a physical need and a part that is often connected to emotions in some way. From the way that you wrote this, it sounds like you may have been able to stop smoking physically, but still have cravings.One thing you can do is talk with your primary care physician or OB/GYN about whether there is anything that you can take to help with the cravings. Sometimes that can very helpful.As far as the more emotional or mental piece, these things come to mind:Sometimes a crucial part is looking at the habit of smoking and seeing what else you can do to keep your mind and hands busy. There are sometimes toys, like those available at Office Playground, that may help to keep you physically occupied.There can also be changes or additions to your routine because I imagine that smoking took up a great deal of your time. Maybe when you have the temptation to get up and go to have a cigarette, you could have several other things that you can get up and do instead. The list is endless, but a few examples could be doing some physical exercise (with the permission of your doctor) just for a couple minutes because that could help with the craving as well, completing a puzzle, learning a new activity that requires using your hands (painting or knitting, perhaps).Another piece of quitting smoking is often linked to anxiety or other emotional changes, perhaps irritability. Depending on what it is that you may be feeling,  learning other strategies to use can be helpful as well.This can all be quite overwhelming and a very big life change. I would recommend that if things do not become easier for you, consider talking with a therapist. Then you could not only have some more strategies or ideas directly related to you, but you could have very direct support for what you are trying to do.I give you a lot of credit!"
"I'm planning to have baby, so I have to quit smoking - but it's hard. Sometimes it's not a physical need, it's mental.
   I cannot help myself from thinking about smoking. What can I do to get rid of this addiction?","It can be challenging to quite anything once we set our mind to it.  We often crave the things more that we know we can not or should not have.  With that being said I would encourage you to become aware of the chemical dependency part that cigarettes have on your brain and your body.  Then make yourself aware of the mental part the habit part.  Often times people will engage in smoking again just from the mere social aspect of it.  Make yourself aware of these and devise a plan of the things you will do instead of going out on smoke breaks, or the ritual of smoking in the car on on the back porch.  There are plenty of support groups out there to help with this as well.  Smoking cessation is a good resource."
"My boyfriend and I recently broke up. One week, we were fine, and the next, he told me he needed space. He completely deleted me out of his life. He does have an opiate addiction. He claimed he was sober, but since we've split, I've heard many lies from him. Could he be using again, and does this addiction affect the mind?","Studies have proven that addiction affects the brain, there are many coping skills that addicts use to enable their addiction as well.  I would recommend that you speak with someone abut your relationship and your concerns.  Not only so you can have more clarity in the situation but we often tend to gravitate around or toward the same types of individuals.  Being more aware of your relationship will help you in the future when re-engaging in personal relationships."
"My friend is abusing her prescription medicine. Even though she told me she didn't have any more pills, I found she has prescriptions for anxiety medications.",Your friend needs to admit they have a problem.  If not no matter how many pills you take they will find a way to get more.  It is also a federal offense to take someone else's medication so if you did take it she could have you arrested.  In other instances it can be more dangerous to take medication away than slowly tapering off of them.  Like anything we put into our system our tolerance builds up and can effect us in different ways.  I would listen to her and discuss why she feels that she needs to be on the medications rather than playing bad cop in this situation.  Encourage her to get help and let her know you re there for her.
"My friend is abusing her prescription medicine. Even though she told me she didn't have any more pills, I found she has prescriptions for anxiety medications.","Your good intentions to help your friend stay clean, are very caring about her.Unless your friend feels like stopping pills,  taking them away will mean she finds them some place else.The problem that anyone who is addicted to pills has, is that the person is psychologically and at least with xanax, physically addicted.Taking pills has basically become a standard part of your friend's life.Her problem is bigger than your ability to care.If you haven't already done so, tell your friend directly about your opinion on the way she is using pills.This is not a guarantee that she'll stop.It isa way of you showing that you care about her.Offering love and advice are the only things you can do for her.Meanwhile, knowing she is hurting herself is probably hurting you.Be sure to keep a sense of balance within yourself.  Offer your concern and know she is the one who must decide to stop using."
"My friend is abusing her prescription medicine. Even though she told me she didn't have any more pills, I found she has prescriptions for anxiety medications.","Hello! Thank you for your question. I have a worked with many people who have become addicted to benzodiazepines, like Clonazepam. It is a difficult road for people who are trying to become clean. It is also a very difficult road for those who love the person and are trying to be supportive. During those times, it is important to remember to take care of yourself, too. As for taking your friend's pills, my concern would be the legal ramifications that you could face should you ever be caught with someone else's prescription medication, and especially these types of medications. Our laws have become much more strict surrounding prescription drug sales and possession due to the increase in prescription drug abuse. In addition, people who are in active addiction are likely to find some other means to get their drug, so it would do little to help the overall problem. I don't know about your friend's family situation, but they may be a better route to take if you are concerned about your friend. They may already be involved, but with your help you may be able to convince your friend to go to treatment willingly. That is usually better. In many states, there are also involuntary committal processes where a person's family may be able to convince a court to force the person into treatment. This varies from state to state. If your friend's family is not aware of this option, it may be something to look into. It usually does take a relative, or a medical provider, to begin this process if it is available. I hope this was helpful, and I wish you and your friend well. Robin J. Landwehr, DBH, LPC, NCC"
She's my stepmom. I'm pretty sure she's illegally buying the drugs and hiding them from my dad.,I would suggest having a conversation with your dad and then having a conversation as a family with your stepmom.  Usually there are other signs of use that can often be missed.  Be aware of behavior changes and mood swings.  Be supportive and ready to listen often times individuals suffering from addiction will deny use until they are ready for help.
"My brother has been a heroin addict for years, and he’s now in his mid-30s. He has taken from me my mom and my grandparents. He's sick in the head. Now he moved his girlfriend into the house because they both manipulated us. Today, my mom and my brother went toe-to-toe over his girlfriend not helping around the house and always being high. I ended up hitting my brother for getting so close to my mom's face. I feel terrible, but he's always picking his girlfriend over us. Mind you, he tells other girls that he hates his girlfriend, he's single, and she's only living here because he feels bad. We tried kicking them out and everything, but nothing is working. They do nothing to try and help.",I think the best thing for you is to speak with someone on how you can best cope with the situation.  It can be challenging living in a household with someone who is currently addicted.  It is also important that you realize that you can only work on yourself.  Other individuals need to take the same accountability.  Enabling often happens in households with addiction. It can be a challenging environment to live in.
"My brother has been diagnosed with paranoid schizophrenia and has not been taking his medication. He's been using methamphetamine and alcohol and was found sleeping naked in my step mom driveway in 12 degree weather.
   I was adopted in by his dad (who just passed) and his mother will not Get involved because she's afraid of financial responsibility.    Do I have the rights to be able to sign my brother into mentalhealth facility?","I'm sorry to hear that your brother has been having such a rough time. He's lucky to have you on his side (although he may not always see it that way).As far as whether you can sign him in, that depends on a lot of different things.I would suggest that you Google the state and county that you live in as well as some phrase similar to ""crisis hotline."" They can tell you how it works in that county. My guess is that you could sign him in as long as he met the criteria for admission at that moment, but I can't  be entirely sure. You could also ask the person on the phone about financial responsibility. I have not heard of that being a problem, but I guess it would depend on insurance.If you have trouble finding a local  hotline, consider calling the national crisis number (800-273-8255) and ask them to help you find someone local."
"My brother has been diagnosed with paranoid schizophrenia and has not been taking his medication. He's been using methamphetamine and alcohol and was found sleeping naked in my step mom driveway in 12 degree weather.
   I was adopted in by his dad (who just passed) and his mother will not Get involved because she's afraid of financial responsibility.    Do I have the rights to be able to sign my brother into mentalhealth facility?","Thanks for asking this question. I know it can be really difficult to deal with issues like this.To answer your question, you might be able to get you brother some mental health help, even if he doesn't recognize that he needs it. In most states, an individual can request a mental health evaluation of a family member if that family member poses a danger to themselves or someone else, or if they are unable to take care of their own basic needs.You can always call 911 if you are concerned about his immediate safety (for example if you find him sleeping outside in below freezing weather.  As an alternative to calling 911, you might also be able to request an evaluation from an authorized mental health provider.  The deatsils of who you would contact vary from state to state. Here's a link with some additional resources:http://www.treatmentadvocacycenter.org/someone-i-know-is-in-crisisHe's lucky to have a brother who cares for his wellbeing as much as you do."
"My brother has been diagnosed with paranoid schizophrenia and has not been taking his medication. He's been using methamphetamine and alcohol and was found sleeping naked in my step mom driveway in 12 degree weather.
   I was adopted in by his dad (who just passed) and his mother will not Get involved because she's afraid of financial responsibility.    Do I have the rights to be able to sign my brother into mentalhealth facility?","The answer depends on what State you live.Since the description you write here is that your brother may be a serious risk to himself and others, it is worth contacting a mental health hotline or one of your local area hospitals and talk to a social worker or other professional level person in their psychiatry department.  Ask the same question you posted here.   Your question is a good one and merits serious follow through."
"My brother has been diagnosed with paranoid schizophrenia and has not been taking his medication. He's been using methamphetamine and alcohol and was found sleeping naked in my step mom driveway in 12 degree weather.
   I was adopted in by his dad (who just passed) and his mother will not Get involved because she's afraid of financial responsibility.    Do I have the rights to be able to sign my brother into mentalhealth facility?","Hello, My heart goes out to you, your brother, and your family, dealing with a very painful and difficult situation. In New York, you can't institutionalize someone else directly. You can, however, call the police or EMS. If they agree that he would benefit from hospitalization (and it sounds like they would), he can be held in the hospital for up to 72 hours, whether he agrees or not. Some hospitals will not hold a person that long, in spite of what we might want. I have seen many patients in and out of hospitals countless times, and it has been my experience that it can be extremely difficult to hold a person long enough to achieve good stability and an appropriate after-care plan. Hospitals in NYC tend to take a ""patch and release"" approach more often than I would like. It's been my experience that family makes a difference. Assertive, knowledgeable, persistent family can improve the quality of your loved one's care. Hospitals are highly pressured to discharge people quickly but they can not discharge a homeless person without someplace to go. If your family is willing to accept your brother, that will be the path of least resistance for the hospital. If the family refuses, they will be forced to find another path for him. You can also pressure the hospital to refer to rehab after psychiatrically stablized (which may only take a few days) and that may give your brother more time to begin making clear-headed decisions. If your brother has a psychiatrist, that person should be actively involved. I had a patient patched-and-released three times, in spite of my advocacy and him literally begging to remain and stop his voices. We finally got a 90 day hospitalization because I strong-armed his psychiatrist into demanding that the hospital stabilize his patient.  If your brother has a history of non--compliance with oral medications, you can push the hospital for injection, which again will help your brother stay stable for longer. Best wishes to you and your family."
"My brother has been diagnosed with paranoid schizophrenia and has not been taking his medication. He's been using methamphetamine and alcohol and was found sleeping naked in my step mom driveway in 12 degree weather.
   I was adopted in by his dad (who just passed) and his mother will not Get involved because she's afraid of financial responsibility.    Do I have the rights to be able to sign my brother into mentalhealth facility?","Family members sometimes get Power of Attorney over vulnerable adults. If you had this, you could do something like that. I'm assuming that you don't, though. There are steps family members can take through the court system to get someone involuntarily committed, but it is a long process. I deal with situations like this everyday on the job. The only time an adult can be committed against their will is if they are deemed by the doctor (such as at an emergency room) to be a threat to self or others. For instance, if he had suicidal thoughts and a plan to carry out the action, or if he had homicidal thoughts against someone else and a plan to carry it out, he could be placed on a short hold, but these holds only last for a few days. This still isn't a long-term solution. An adult has the right to refuse treatment and the right to make their own choices, no matter how bad those choices are. If you have a way to get him to an ER whenever things like that happen, such as being found sleeping outside in 12 degree weather, it will help a lot. They may or may not do a short term commitment for treatment based on the situation that brings him to the ER, but it's a start. They can help set him up with appointments for psych and he can get on medications. You can help by taking him to appointments and making sure his medications get filled. However, you can't force him to take the meds, so this may be something that happens a lot. With enough of a paper trail of many ER visits and that sort of thing, you'll stand a better chance of getting a court appointed psych ward stay. Some tips about ER visits: Don't send him alone. Always go with him or have someone go with him, because you will be able to give the treatment team better insight into what's going on than he will. He may say everything's fine and he wants to leave, so they won't have any reason to keep him if that is the case. Go with him. If you do get Power of Attorney, take the paperwork with you when you go to the ER and to doctor's appointments because they aren't just going to take your word. They need to see the actual paperwork. Having it on file in their system isn't good enough because paperwork expires, etc. Take it with you at all times. You can also compile his medical records and that sort of thing to take with you so they can see a full history of what's going on.Keep in mind that if you do get Power of Attorney, this makes you his guardian and you have to take care of him. Otherwise, you can get reported for vulnerable adult abuse and neglect. In fact, your mom ignoring and not helping may already put her at risk of that because she is willingly doing nothing to help someone who clearly needs the help. She won't be financially responsible for the hospital or doctor bills, but should be held responsible for his safety. Someone should. There are group homes for people with schizophrenia. "" Being responsible"" for someone doesn't mean you have to pay their bills, it just means you are going to make sure they get the care they need. That care may be placement in a long-term care facility like a group home or a nursing home. Psych inpatient hospitals aren't long-term, so you do need to look into other long-term options. Psych inpatient stays are temporary and are to stabilize him, they're not where someone stays forever.Good luck, and keep up the good attitude! Work with his treatment team. Ask for a social worker. If they see family that is wanting to do the right thing and wanting to help, they'll help you even if it does take a while to get things sorted out. The worst thing any of you can do is NOT go to appointments and that sort of thing."
"I have bipolar II disorder, I'm addicted to alcohol and weed, and I'm hopeless. I keep drinking even though it's harming myself and others.","What an important question. I'm hearing your hopelessness and fear about the damage of your substance use and it sounds like you have reason for concern. While there can be negative stigma about using substances, for the most part substance use is an attempt to cope with emotional distress in the absence of sufficient coping strategies. We all look for comfort when we are in pain and this may be the way that you are getting comfort - even though it is also hurting you. In order to stop using alcohol and weed you will need a lot of support and you will need to learn other ways of getting comfort when you are in pain or struggling with bipolar related symptoms. There is nothing to be ashamed of and we all need help when we are struggling. I would encourage you to reach out for support in any way that you can. Have you talked with your health care providers about your concerns or friends or family members? Here are some links of resources in Whistler that may be helpful:http://www.vch.ca/locations-and-services/find-health-services/?program_id=11035http://redbookonline.bc211.ca/service/9509054_9509054/whistler_mental_health_and_addictionshttp://mywcss.org/programs/counselling-assistance/http://redbookonline.bc211.ca/organization/9489472/alcoholics_anonymous_aa___squamishwhistler"
"I have bipolar II disorder, I'm addicted to alcohol and weed, and I'm hopeless. I keep drinking even though it's harming myself and others.","You may feel hopeless but YOU are not hopeless. Addictions of any sort are difficult to overcome, especially when they serve to bury pain and suffering that one is experiencing. It is not impossible to overcome alcohol or drug use/abuse/dependence on your own, but you will likely find much greater success with the help of a therapist or other support system such as rehabilitation or Alcoholics Anonymous. I suggest doing a bit of research to see what type of help is available and feasible for you in your area and go from there. Know that recovery takes time, willingness, and effort. Don't give up and remember that you are not hopeless. You can make the choice to change your habits and learn new ways of healthy coping. Best of luck to you!"
"I have bipolar II disorder, I'm addicted to alcohol and weed, and I'm hopeless. I keep drinking even though it's harming myself and others.","Anyone who wants to change their life path, eventually will be successful in this.  How to stop abusing alcohol involves a few steps, most of them time consuming, with slow progress and very often with tremendous emotional pain.The basic path is to figure out what motivates you to drink too much and be addicted to weed.  Almost always, addictions are rooted in the person having suffered feeling deeply ignored, humiliated, shamed, invisible, nothing very pleasant, since a very young age, usually starting around 18 months.Most often addicts are sensitive people who have been emotionally overburdened by the grownups in their family.With no outlet for emotional expression or nurturing, the frustration goes inward until the emotional pain feels very big and without an outlet.So, people mask and numb by substances, whether this is food, chocolate, work, alcohol, weed.Therapy that is humanistic based, is a better fit than one which is drug oriented and diagnosis oriented.If you'd like getting serious about knowing who you are, including any unfair treatment of you during your growing up years, you can do this.Once you have a stronger self-respect and awareness, you would naturally avoid substances because they harm people.  Harming oneself is the opposite of self-respect.Also, about your diagnosis, it may not be true at all.  the US healthcare system loves selling drugs to people and clinicians in agencies and clinics are encouraged to find something wrong with people in order to find a new customer who will take drugs.See if you can find a therapist who is independent minded, and therefore free to interact therapeutically with you as a human being, not as a potential customer if they are able to label you as having something ""wrong"".This simply continues the long line of being shamed by others that created the addiction problem in the first place.Good luck!"
"I have bipolar II disorder, I'm addicted to alcohol and weed, and I'm hopeless. I keep drinking even though it's harming myself and others.","This relationship with your step dad sounds very challenging. It is hard to to be told over and over again how not good enough we are. Let me offer you this, frequently when we say harsh, mean, nasty things to others, we are simply projecting our own thoughts about ourself. I am not advocating that this is ok, it seems like your stepdad could also use some support. You get to make your own empowered choice around this, this is your life and if you find yourself in a situation that does not suit you make a change."
"I have bipolar II disorder, I'm addicted to alcohol and weed, and I'm hopeless. I keep drinking even though it's harming myself and others.","The first step to change is to admit that you have a problem that is in need of change.  Frequently our problems keep us in denial.  Although feeling hopeless is an uncomfortable feeling, it suggests to me that you know that you can not do this alone.  The best course of treatment for you is to treat all of these problems together.  Alcohol detox can be very dangerous so it is important that you do this under the supervision of a medical provider; preferably someone who specializes in addiction.  Know also that although marijuana may not appear to be as big as a problem as alcohol is, it will cause you to have an increase in alcohol cravings so complete abstinence from drugs and alcohol is needed. I really recommend an inpatient stay for at least 30 days for anyone who is dealing with addiction, whether combined with mental health issues or not.  If this is not a possibility, then the next best thing would be an Intensive outpatient program that treats both addiction and mental health issues.  Know that there is hope for what you are experiencing.  You can get control over these issues.  The next step is finding the team and/or facility that is going to help you do it."
"I have bipolar II disorder, I'm addicted to alcohol and weed, and I'm hopeless. I keep drinking even though it's harming myself and others.","You are not hopeless, as you can see there are many people who care about your well being and believe you can overcome this.  I would suggest that you first get evaluated for your alcohol consumption.  Alcohol is one of the addictions that you may need to seek inpatient treatment for.  If not inpatient then be monitored by a doctor.  Once you are evaluated and or complete inpatient treatment I would suggest you participate in a form of outpatient therapy on a consistent basis."
"My new daughter-in-law just informed me that she is smoking marijuana while pregnant because of her morning sickness. I’m in shock and I don’t know how to respond. I just lost my mom, and she was good with advice.","Have you reached your own conclusions and reasons for these, regarding the topic?   When you feel confident in your own reasons for your conclusions, then obviously ask your daughter in law for some time together and tell her what you think and your reasons for opinions.Plan for this meeting according to the type of relationship you have with your daughter in law.Since your son will also be affected by the prenatal conditions of his child, he may also be interested in being part of this conversation.Also, during your discussion, find out the exact ways the morning sickness affects your daughter in law.It is possible that scheduling adjustments in routines can be made so your daughter has more time to rest or fewer responsibilities for a while until she feels better.Maybe you and other family members can lighten her daily routines so she has more time for herself to manage her morning sickness in a less risky way.Sending Good luck!"
All we do is argue. We never agree on anything.,"For how long has the arguing been occurring and does it relate to a specific incident or circumstance in your relationship?Arguing due to temporary stress and feeling lost or uncertain, is different than the two of you rarely agree on what foods to buy at the grocery store.In both temporary or longer term arguing, ask yourself if the points being argued are core principles of yours or matters which you can accept in service to the benefits you feel from the marriage.If your core principles are rejected, you’ve been arguing for an extended amount of time, and the value of the marriage doesn’t outweigh this, then seriously consider if ending the relationship is a better option than to stay in it."
What makes a healthy marriage last?,"This is a fantastic question. In one sentence, I would say the following:Recognize that while you and your partner probably have common interests and areas of commonality, you are separate people, each with different wants, wishes, and desires – if you consider a diagram of two overlapping circles, they may share perhaps a third of the circle with overlap to indicate commonality (could be more or less) and then there are parts of the circles that are not overlapping, indicating separate interestsAs for ways that may strengthen any relationship, even the great ones, this is what came to mind. There are certainly more specific unique answers or elements for different people as far as the details, but here are some general ideas:Try to have at least 15 minutes a week where you are spending time together and not problem-solvingRealize that listening to your partner does not mean that you are agreeing with them, it just means that you are saying that you hear where they are coming fromLearn to hold on to your own wants, wishes, and desires while also recognizing those of your partnerSet boundaries for what is and isn't acceptable behavior during an argument or difficult discussionDiscuss how having important discussions can be anxiety-producing and consider having an understanding that if one of you (or both of you) feels overwhelmed, you can take a timeout for a certain amount of time. For example, you may say ""okay, I'm feeling really stressed about this right now. Let's discuss it in an hour."" And at that time, go back to the discussionConsider what your partner's top three or four complaints about you may be. Check in with them and see how accurate you are. If you see validity in their responses, consider whether or not you may want to make changesDiscover what makes your partner feel loved, valued, appreciated, or specialRelationships are always in progress and constantly changing. Some anxiety around change is typical. Being able to effectively discuss the anxiety and actually listen to one another without being defensive, name calling, finger-pointing, or asking each other to change is a true gift.You may enjoy this quote: ""Connection is the energy that is created between people when they feel seen, heard, and valued; when they can give and receive without judgment."" ~Brene Brown"
What makes a healthy marriage last?,"What a great question! Marriage (or any long-term committed romantic relationship) is never easy. Ups & downs, doubts and fights are a part of it just the same as the wonderful, tender, blissful moments of connection. Recognizing that hardships are normal and something to work through is a big part of the healthy attitude partners in lasting relationships share. Some degree of conflict is not something to be scared of or a sign it's time to break up as long as all parties involved feel respected. Expressing your needs and wants in a respectful, not accusing manner will increase the chances that your loved one will actually listen, empathize with your perspective and will be more open to finding solutions to your problems together. Working as a team to find solutions to problems you encounter is a much better approach than trying to persuade your partner that you are right, while they are most certainly wrong. Shutting your partner out or allowing resentment and contempt to creep into your relationships is definitely a warning sign that things may not be going the way you want anymore. As long as you both agree that you want to be in that relationship (i.e., are committed to it) and you have a growth mindset (""we will learn from this and grow together to be a better couple in the end""), the foundation of your partnership is strong. What else? Making time for each other, whether it's being playful, having fun or enjoying intimate moments together is also an important part of ensuring a good balance of positive to negative experiences, that will only strenghten your bond. Good luck!"
What makes a healthy marriage last?,"A resource I think is helpful to learn more about ""what makes a good marriage"" and steps toward doing so is Dr. John Gottman's book: ""Seven Principles for Making Marriage Work."" Dr. Gottman is a leader in this field and has done extensive studies with couples to determine what behaviors are key in making a marriage work and what behaviors could predict divorce. I think this book might be a good start if you're wanting to learn more about how to have a long lasting relationship."
What makes a healthy marriage last?,It's surprising how many folks talk too much on the subject;It's the same three things that make all relationships work:HonestyTrustRespect(in that order)Most folks fall down on the first :) (*coughcough* THERAPISTS!  Heh heh heh...)
What makes a healthy marriage last?,"Thank you for your question.  A good Marriage is one that takes hard work and commitment.  Being in a good marriage does not always mean good times because let's face it; we are dealing with 2 unique individuals with differences.  A good spouse or partner knows to be patient and accepting.  Knowing each other's strengths and imperfections and working with them to lift each other is how you strengthen your love for one another.  A good spouse sacrifices their needs to see the other person happy.  Don't get me wrong, that also means that it is important to have alone time to re-charge and re-focus our purpose in the marriage.  In all, there is not a magic recipe for a successful marriage, but with time, work and purpose one can have a happy one."
What makes a healthy marriage last?,"In addition to suggesting this great read from 2016 (but feels timeless):https://www.nytimes.com/2016/05/29/opinion/sunday/why-you-will-marry-the-wrong-person.html?_r=0I will give my summary on what the author of the article is speaking to: don't get too comfortable. But, in truth, no one really has the answer to your question, otherwise wouldn't we all have a ""good"" marriage? Also, what even is a ""good marriage?"" What is it that YOU want from a marriage, a relationship, a partner, and what your other-half also wants for themselves, is going to be what defines all of this, because every relationship is different.And in answering that ""what YOU want"" question, you might actually stumble upon what would make for a healthy relationship: vulnerability. You will have to be vulnerable to be able to explore what you really want, and listen to what your partner really wants, as that kind of processing can be uncomfortable. But, with vulnerability comes intimacy, and in most opinions, there is much of a relationship if there isn't much intimacy."
What makes a healthy marriage last?,"In my mind, a healthy marriage has two participants, meaning both people participate equally in the intimate connection of marriage. An unequal participation comes in many forms, such as one person checking out of conversations when it becomes emotional, or speaking over and for each other in these conversations. Couple’s should strive for engagement and support, but doing it in a way that works for each person individually. I hope this helps."
What makes a healthy marriage last?,"I appreciate your question.The answer of what makes a ""good marriage"" are as varied as there are marriages.Basically, similarity, like mindedness in beliefs and values, makes a good marriage. The best chance of getting along with someone on a longterm basis is when two people see life and the world in similar ways.Even though ""opposites attract"" this is a short lived dynamic which breaks apart when there aren't enough similarities in common between the partners."
What makes a healthy marriage last?,"This answer varies based on you relationship. However, I do believe their are some basic fundamental areas that are beneficial for a healthy marriage:1.) Effective Communication2.) Trust3.) Love/Passion4.) Loyalty. 5.) Unconditional Positive Regard. Everyone has their favorite qualities they feel best fit a marriage. However, these are what I think are great starting points."
"I found out today that my wife is cheating on me. I love her, but she won’t tell the truth even when I have proof. When I beg her to tell the truth, she yells, cusses, and gets a huge attitude.","Hi Prattville, I'm sorry this is happening to you. You need support right now, and yes, you need answers. She is in denial and is trying to hide the truth, to protect herself. This is a natural behaviour. You don't indicate whether she wants the marriage, or is planning to leave. Which way you go from here depends in part on the answer to that question. If she wants the marriage, you certainly have the right to say ""I need answers to all my questions"". Giving you the information she needs has to be (if she wants the marriage) more important than protecting herself. I would support your right to advocate for all the information you need in order to feel secure or make decisions. She may fear that the truth will turn you away. If you want to, you can reassure her that you want the marriage no matter what the truth is. If the marriage is to survive, it needs openness.If, on the other hand, she's planning to end the marriage, then you might want to resign yourself to the fact that you may never get the information you seek. You are better off, in that case, seeking support from friends and family rather than beating on a closed door. Your wife has some decisions to make. Try to give her a bit of time to make them. You can patiently say ""I know this thing is happening. Talk to me so we can deal with it together. I want to move forward but I need the truth."" Only time (and a good therapist, if she is willing and wants the marriage) will tell which way this one will go. Individually, you can seek professional help as well."
"I'm always listening to my husband, but it feels like he never listens to me.    How do I get my husband to listen to me instead of me listening to him all the time?","Thanks for your question.  Communication is essential between couples and often times gets neglected in relationships.  Working with your husband to help him become a better listener and consequently, a better communicator is going to take some work from your part.  You have to calmly be able to express to him your concern and how it affects you.  Very important is that you do it in a loving and non-threatening way.  Therefore, the time to have this discussion is not when you are frustrated or need to vent to someone about something important.  Focus the discussion on how both of you could benefit from having more meaningful conversations where both parties are being heard and how it is important to you that he hears you just like it is crucial for him to be heard.  There is a lot of useful information online about how to be a good listener or therapist in your area that can help you.  Be patient and genuine, and he will come around.  Best of Luck, Mirella~"
"I'm always listening to my husband, but it feels like he never listens to me.    How do I get my husband to listen to me instead of me listening to him all the time?","Thanks for reaching out. This is a great question. Communication is definitely a 2-way street. One person cannot participate in a discussion. It takes a talker and a listener. Furthermore, communication will breakdown if each party is only focusing on his or her agenda and is not open to what the other person is saying.  since I can't ask you questions about what is going on, I am going to make a guess at one situation that comes up a lot when I work with couples. One person focuses more on solving the issue, than listening to their partner.  This can be frustrating for the partner who wants to just be ""heard.""I understand that you are working really hard to listen to him and he might not be putting as much effort into listening to you. That can be really frustrating and difficult and I want to acknowledge you for wanting to improve your relationship.One of the best strategies to gettting heard, is actually to BE A GOOD LISTENER to someone else. I know you are probably already a good listener and for you to work on listening skills may seem counterintuitive, right? You want to get heard and now you are the one doing the listening. But this can really create more effective communication if you invest time working on doing some active listening in your relationship because then you get to model those skills for your husband and allow him to see what it feels like to be listened to and then you can even teach him some of those skills. In other words, you practice specific techniques that you can use and then teach later on. Here are some skills for you to use consciously and then you can teach:Pay attention and use your body language to convey that you are in the conversation. No texting or distractions. Lean in. Focus.Listen for content and for emotion. Clarify what you don't understand. Try to understand the person's underlying emotions. Don't rush to judgement or to changing what is going on with the person. Sit in a place where you are really curious and want to understand what is going on. Encourage the other person to continue speaking, Nod and vocalize that you hear what they are saying.Ask questions to get to understand the other person's point of view.I believe when we can model these kinds of listening skills, and the other person feels heard, they will be more likely to listen to us. If you don't find that this doesn't spill over in that way, then have a discussion about what you are practicing and that you are learning these skills to be a better listener so you can understand him better. Then explain how it might be helpful if you both tried it. If there is push back from him, set up a trial period to just try the skill, perhaps for 2 weeks and see if it helps. If communication is really breaking down, then it might be time to work with a counselor who can help with these skills.Best of luck to you!"
"I'm always listening to my husband, but it feels like he never listens to me.    How do I get my husband to listen to me instead of me listening to him all the time?","It's hard when you feel as if you're the only one that's taking the time to listen to your spouse. But, I would look at this as an opportunity to see if you can become aware of what exactly is happening between you, when you try and talk with your husband. Sometimes, it can be in the way dialogue is approached. I would suggest paying attention to the way you begin dialogue with your husband. See if blame and criticism are present. When blame and criticism are included, bids for connection, can quickly go off track. This can sometimes start off with something like: ""why don't you..."" ""you aren't..."" ""you don't..."" Partners can quickly go into defensive mode if they feel they are being attacked and sometimes starting off like this can feel like an attack.  Also, become aware of the time of day or evening when you approach your husband. Sometimes, this can make a big difference for couples as far as when they can truly be present for one another.  If you find this pattern continues, you might consider seeking professional help through couples therapy. A trained couples therapist can help you both understand more about what's happening between you."
"I'm always listening to my husband, but it feels like he never listens to me.    How do I get my husband to listen to me instead of me listening to him all the time?","Does your husband want to listen to you?Find this out by asking him the question!This way you know whether the goal you'd like to reach is even possible.Some partners prefer that one person is the rule maker or the only one who is entitled to talk about themselves.If your husband tells you he wants to listen to you, or even that he does listen to you, then you can explain in detail the way you define ""listening"", which may be very different than his definition.Basically, no one can directly change someone into being more openminded.What is possible is to tell him your wishes, your willingness to be patient while he develops the habit of listening to you and point out that a relationship is more fulfilling when both partners feel they are receiving from the other one."
"I'm always listening to my husband, but it feels like he never listens to me.    How do I get my husband to listen to me instead of me listening to him all the time?","Unfortunately you can't directly change another person's behavior. However, you can give him feedback on how his not listening impacts you. The best way to provide feedback is in 3 parts. The first part is telling him the emotion you are experiencing when he doesn't listen, such as hurt, sad, and unloved. I would stay away from feelings such as frustrated, angry and irritated and use a more vulnerable emotion. The second part is what he does specifically to make you feel that way, be specific! Example: when I get home and tell you about my day and you don't look away from the tv. Be objective as possible when you describe his behavior. And the last part is the most important, tell him what you want him to do, and again be specific! Example: I would rather you turn off the tv, give me eye contact and reassure me about my day. Here is an example with all 3 parts together: I feel hurt when you don't say anything to me when I tell you about my fight with my friend, I want you to hug me and tell me you understand how I feel. Hope that helps!!"
"I'm always listening to my husband, but it feels like he never listens to me.    How do I get my husband to listen to me instead of me listening to him all the time?","Thanks for writing. There are many different house of things that may be helpful here. I can give you some general ideas, but if some of these things don't get you to where you would like to go, consider seeing a therapist who specializes in couples:Remember that you can only guarantee change in yourself. You can ask him to make changes, but you can't control whether he does or not. You can control your reactions and what you do about your own thoughts, feelings, and actions in the relationship.If you're going to talk about something important or you really want him to listen, first ask whether this is a good time.Try to talk to him without blaming, finger-pointing, or asking him to change (this can be difficult, but it also opens a lot of doors for effective discussions).Be mindful of your packaging. By that, I mean that you may have a very important message that you're trying to get across. If you able to say it in a way that is clear and wrapped in such a way that he can hear what you're actually saying, that is helpful. If you are talking in ways that are angry, or as I sometimes say, wrapped in spikes, that can be difficult to hear and receive. Rather than hearing what you're actually trying to get across, he may just hear the fact that you are angry.If your husband is able to listen to you and/or restate what you are saying and get it right or close to right, let him know what that feels like to you and how important it is.If you're asking questions, try to avoid ""why"" question and use ""what makes, how, when, where, who"" instead. Questions starting with ""why"" can not only be difficult to answer, but can also trigger a lot of emotions that some people are not ready to deal with right away.Also, keep in mind that listening and being able to reflect what you are saying does not imply agreement. This may be something that would be good to discuss with your husband – just because he is hearing what you're saying doesn't mean that he's agreeing with you.Lastly, but importantly, some people really don't know how to listen effectively. There are people who just are not taught to do that until much later in their lives. Sometimes listening to someone can actually be very vulnerability-producing. It may be helpful to ask your husband if he knows what makes him struggle with being able to listen if you notice that he's really struggling."
"I'm always listening to my husband, but it feels like he never listens to me.    How do I get my husband to listen to me instead of me listening to him all the time?","Have the two of you ever discussed how you feel?  I know given the nature of your question that's probably not likely, but I'm going to suggest it any way.  He needs to understand that how you feel about this issue equates to not being as happy in the relationship as you could be or he thinks you are.  So start there, that may be more of an attention getter than ""you never listen to me"" yes I do etc.  Direct opener:  I'm not as happy in this relationship as I think we both deserve.  Pause, and if you won't let me talk about it then it's only going to get worse.  Then explain you don't feel listened to, you try to be a good listener but you don't feel you are getting the same in return.  If he interrupts put your hand up in the sign of a stop, then say please just let me finish.  You are right to raise this subject with him because a good marriage can't exist in a communication vacuum. In fairness to him, he needs to understand the seriousness of your concern and have a chance to do better.  If he refuses,  tell him you want to seek couples counseling then do it, with him or without him."
"I've only been married three months. Every week, we argue about something, and it seems to be getting worse.","One key factor to consider is, are you able to repair after your arguments? It seems from your question that repair is lacking after any disagreement or argument. When couples are able to repair after an argument, they have an opportunity to learn more about each other's needs moving forward. I'm also curious if you're having the same type of arguments over and over? If you're stuck in a particular pattern, and can start recognizing what happens between you when this pattern happens, then you can start to name it. Once you name it, then you can take a break to cool off and come back to each after your nervous system has had a chance to calm down (about 30 minutes). The key here though is to make sure you have a plan in place - when things are good between you - an agreement between you that when you both start to get escalated, you'll name it or have an agreed upon code word to signal you don't want to continue this cycle, and then agree to cool off and come back together at a later time. That way, when this is enacted during an argument, nobody feels abandoned during the cool off time. Rather, both partners know they will return at a time when they can truly hear each other and hear their needs."
"I've only been married three months. Every week, we argue about something, and it seems to be getting worse.","At the begin g of marriages, we expect to be living on an eternal honeymoon, but the reality can be different.  This is a process of adaptation, even if you had known your better half for a long time, during the first months and years of marriage you go through a process of settling in your new roles and confront new challenges together that as you resolve become new rules and agreements.Yes, you can work this issues by practicing assertive communication, being clear with each other about what is the problem, how you feel about it and how would you like to resolve it.  Learn to close arguments with resolutions, and reminding that you care about each other, that’s why you choose to be together.  Discuss your roles and expectations, this is normally done over a marriage preparation class, is never too late to sit down a talk about what you want and look for in a husband/wife and clarify your roles and rules. Find couples therapist who mediates communication and helps both of to you learn assertive communication skills and conflict resolution. ¿Cómo puedo arreglar mi matrimonio?He estado casado por tan solo tres meses.  Cada semana discutimos sobre algo y parece ponerse cada vez peor.Al inicio del matrimonio, esperamos vivir una eterna luna de miel, pero la realidad es diferente.  Es un proceso de adaptación, sin importar por cuánto tiempo hayas conocido a tu pareja.   Durante estos primeros meses se definen los roles en el matrimonio, también enfrentan nuevos retos juntos que según resuelven se convierten en reglas y acuerdos.Sí, puedes resolver estos problemas practicando comunicación asertiva. Deben aclarar sobre cuál es el problema, como se sienten al respecto y como lo quieren resolver.  Aprendan a resolver las discusiones con decisiones claras y recordando que si les importan uno al otro, y por eso decidieron estar juntos en primer lugar.  Discutan sus roles y expectativas, regularmente esto se hace durante clases de preparación matrimonial, pero nunca es tarde para hablar sobre lo que les gustaría que fuera su matrimonio y lo que esperan de su pareja, así clarifican los roles y reglas que aplicaran a su unión.Encuentren un consejero matrimonial que les ayude a mediar los problemas de comunicación y les ayude a aprender destrezas de comunicación asertiva y resolución de conflictos."
"If I tell him I don't like certain things, he does when it pertains to me. He tells me it's not like that. He never has anything to say about me until I tell him something about himself.","It sounds like there are issues with communication between you and your husband.  Your perceptions of interactions that you are having don't sound like they match up.  It would probably be helpful for you both to work on communicating using ""I"" statements (I feel----when you---).  This is a more effective way of communicating your needs than directly criticizing the other person.  If you work on communicating in new, less critical ways you both may learn more about your spouse's feelings and perspective."
"Cheating is something unacceptable for me but because we have two daughters I decided not to break up the family. However, now I am struggling to forget and forgive what happened. I feel like I cannot trust him. Without trust, I cannot stay in this relationship. On the other hand, I do not want my children to get hurt. I'm not sure how to move forward?","First of all, my heart goes out to you. Infidelity is an extremely challenging obstacle to overcome. There are some things that you should consider. First of all, did he seem truly remorseful? If you felt in his heart that he was truly sorry for what he had done, it will give you a piece of mind that it was a  mistake. Secondly, was he forthcoming with this information? How about with answering your questions after the truth was uncovered? If you found that he was still lying or not forthcoming, the sting is even more painful. He should be able to answer any question you have honestly and without hesitation.Thirdly, has he shown a positive difference after this experience? At this time, he should still be proving his faithfulness to the marriage, you and the children.Keep in mind that experiencing infidelity is a form of grief. It is not a quick process that can easily be overcome. What you are experiencing is 100% normal. My best suggestion would be to see a marriage therapist. Find out what drove your husband to cheat in the first place and decide if this aspect in his life has been resolved. I know its important for you to keep your family together but children can sense anger and frustration, this is not a healthy environment either. If you decide that you can no longer remain in the relationship, a therapist will also be able to help you cope with the separation along with addressing your children's needs.Please know that you are not alone and that unfortunately, many relationships have endured this very thing. It may also be helpful to reach out to people who have experienced similar obstacles. The web is a great resource to find groups whether online or in person to use as a support or sounding board.Best of luck to you and your family!"
"Cheating is something unacceptable for me but because we have two daughters I decided not to break up the family. However, now I am struggling to forget and forgive what happened. I feel like I cannot trust him. Without trust, I cannot stay in this relationship. On the other hand, I do not want my children to get hurt. I'm not sure how to move forward?","To begin, I'm sorry to hear about your situation. Like many of the professionals have stated, infidelity is a very difficult obstacle to move forward from. It's not impossible. While forgetting is probably the hardest part, forgiveness is something that can and will happen. There are things you can do to help yourself. The first this is identifying what you feel is best for yourself and your children. That means being honest with how you feel being in this relationship on a daily basis and understanding how it's affecting you. Second, how is your relationship affecting the children. Do you feel that by staying in the relationship that it's affecting your daily interaction with them. If so, that' something to keep in mind. Next, Really looking at the pros and cons of staying in the relationship. A specific breakdown of what benefits come with staying and what are the ramifications. Vice-versa for leaving. Include your partner. I think being honest with him and letting him know what you are thinking is could be a great option. At least you aren't keeping something inside yourself to manage. Rather, you are being transparent to them. Sometimes a couple can come to an agreement that it may be time to end things and other times it may be best to keep moving forward with a serious plan to how to move forward. Regardless, if you can't trust him and that feeling will never go away it's time to address it. Couple therapy can be beneficial as well as a therapist can provide professional counseling to you. Earl Lewiswww.RelationshipsGoneRight.com"
"Cheating is something unacceptable for me but because we have two daughters I decided not to break up the family. However, now I am struggling to forget and forgive what happened. I feel like I cannot trust him. Without trust, I cannot stay in this relationship. On the other hand, I do not want my children to get hurt. I'm not sure how to move forward?","It is completely understandable that you are struggling to forgive and forget this betrayal, and I'd like to echo the sentiment of Danielle Alvarez: infidelity takes time to heal from, so allow yourself to grieve and find the support you need. I'd highly suggest going to couples therapy and addressing all the issues that Danielle raised, especially whether he has expressed genuine remorse and is being completely transparent with you and is taking responsibility for the choice he made, including acknowledging the immense impact it had on you, your relationship, and your ability to trust him. If you have doubts about being able to trust him, he needs to be willing to earn back your trust and do whatever it takes to do so. If he accepts this challenge, then that is a good sign you are on the path toward healing your relationship. Also, please don't ever forget that regardless of what led him to cheat, it was his decision to take that action rather than addressing whatever issues he was having in your relationship. Couples affected by betrayal typically have some underlying issue(s), whether it is a lack of connection or intimacy or another factor, and it is possible to heal and grow even stronger as a couple after betrayal. Because you are grieving, though, allow yourself to acknowledge and accept your feelings of hurt and pain, as they will likely come in waves, but the pain will lessen over time and with supportive therapy, along with the commitment to repair your relationship-from both you and your husband. Also, in regards to your concern about hurting your children, keep in mind that parents model healthy relationship behavior for their children. If your relationship with your husband remains disconnected, untrusting, or bitter, your children will see that and not only feel sad that their parents are both suffering, but also grow up feeling that experiencing such ongoing pain is tolerable or even normal in a relationship. Having parents who learn to handle conflict or heal deep wounds in healthy ways is crucial for children's emotional and psychological development. Whether they see you heal together as a married couple or heal separately as loving but divorced co-parents, they will learn what it is like to expect healthy communication and boundaries in relationships, which I'm sure you want for your children! Take care of yourself, and I wish you much peace and healing. Also, here is a good book I would recommend, along with books by Gottman, as Rebecca Wong suggested:Private Lies: Infidelity and the Betrayal of Intimacy"
"Cheating is something unacceptable for me but because we have two daughters I decided not to break up the family. However, now I am struggling to forget and forgive what happened. I feel like I cannot trust him. Without trust, I cannot stay in this relationship. On the other hand, I do not want my children to get hurt. I'm not sure how to move forward?","Let's just start with acknowledging that trust is huge and betrayal hurts. You're entitled to your feelings; all of them and you need to know that your husband understands you. That said some ways are more effective at rebuilding and repairing relationships that others. I am a big fan of The Gottman Method for couples therapy, especially following infedienity. You can read about this approach in Gottman's books: ""The Science of Trust"" and ""Making Love Last"" and/or you can seek a Gottman Certified couples therapist here: https://www.gottman.com/private-therapy/"
"He wants to wear makeup and heels. He even tucks his penis away to resemble a vagina. He wants me to wear a strap on and have anal sex with him. I have tried this for him, but I don’t like it and have told him so. He keeps making comments about it and says he can't live without it.","Depending on your own sexual history and what you grew up expecting to be ""normal"" in the bedroom, I can easily imagine that this came as quite a shock to you!  It DOESN'T necessarily mean, however that your husband is: gay, bisexual transgender, or even necessarily a cross-dresser etc. unless he has already told you so. I agree with the other poster who recommended you try and ask him more questions with an open and curious attitude and see if he might be open to explaining more with you. That being said, what we also know from research is that frequently what turns us on isn't always what we identify as.  Lots of people have fantasies or even sexual behaviors they may enjoy from time to time without considering themselves to be a part of any label or subculture. For example, many women are okay with having their hair pulled or bottom spanked during a particular rowdy sexual encounter but certainly don't consider themselves kinky, submissive, or anything else.  It could be that your husband enjoys pretending/ fantasizing that he is something completely different in the bedroom from time to time from what most other see him as outside in the corporate world or in other roles he plays as husband, father, son, friend etc.  Many of my kink clients are drawn to their particular fetish simply because it's the opposite of what their life typically entails (e.g., a high profile CEO who is always responsible for making the decisions enjoys being at ""the mercy"" of someone else once a week). Each of us has a sexual script - a blueprint if you will of what we like and don't like in the bedroom and also what we have each come to see as being ""normal.""  It's also an internal guideline for how we each define our role in sexual expression, sexual orientation, sexual behaviors, sexual desires, and how big a part our sexual identity plays in our everyday lives (Gagnon & Simon, 1973).You've been clued into the fact that your husbands greatly differs from yours on the surface level at the moment. ALL of us are sexual beings yet none of us is exactly identical to one another in our sexual definitions and script expectations. It's like our own sex fingerprint. In my role as a couples counselor, I often help partners become aware of their own sexual script and explore where it overlaps their partners and where it may always differ.  If a couple is able to successfully navigate formulating a plan for both to feel validated and sexually satisfied, the relationship thrives. Most counselors would agree that a healthy script includes:Both partners taking ownership for the couple's sexual experiences.Both partners learning to communicate openly and honestly about their feelings.Both partners learning to meet one another's - needs, desires, and wishes while making sure his/her own needs are being met.If ""pegging"" your husband as it's called is a hard and fast no for you, that will likely need to be respected as it may be too far off your own sexual script.  However, if your husband is for sure absolutely adamant about ""needing"" to dress in a female fashion and/or be anally penetrated, you may seek professional counseling to help navigate how both of you will come to an agreement about fulfilling these desires in a way that doesn't hurt either one of you or the marriage.My warmest wishes to you both!"
"He wants to wear makeup and heels. He even tucks his penis away to resemble a vagina. He wants me to wear a strap on and have anal sex with him. I have tried this for him, but I don’t like it and have told him so. He keeps making comments about it and says he can't live without it.","It sounds like you may be asking two different questions.With regard to what you said about your husband dressing as a female in your bedroom, I wonder if you would consider asking him more about this. If you choose to do that, I would suggest that you ask him whether a certain time is a good time to have a conversation and asking questions for five minutes or more that are related to you learning more about his experience. This can be difficult to do at times, particularly when you may want to offer your own opinions or become very anxious or of type. Consider thinking of a phrase that may help you to stay calm during the discussion. It may be helpful to think of yourself as asking questions as if you were an investigative reporter and using questions that start with words like ""what, how, who, where, when."" Questions that start with ""why,"" can be very difficult to answer for some people and can be overwhelming because it often links to answers involving emotions that may or may not be understood. Also try restating what your husband is saying to make sure that you are understanding correctly. If what he is telling you is different than what you have heard or thought of for many years, it may be challenging to follow his meaning initially. Remember that listening to your husband does not imply agreement with what he is saying, just that you are following and looking to understand what he is experiencing. I also recommend sticking to one topic for the conversation, but this could be done with many different topics over time.You could also see if he would be willing to have a discussion where he listens like an investigative reporter to learn more about the experience that you are having.As far as what you mentioned about the sexual experience, maybe if you can discuss what it is that you don't like and/or understand what it is that he does like, you could see if there is some middle ground here. It depends on what you both prefer.These types of conversations can be difficult to have for some couples, at least initially. Having structured conversations, such as the ones I've described briefly above, can feel awkward initially, but the reason it can be helpful is because it can lead to further understanding in a way that decreases the chances of having an argument.Also consider seeing a therapist in your area who specializes in couples to discuss some of these ideas."
"I love him, but he doesn’t show me love. He talks badly about me to his friends.","What you are describing is a state of abandonment like no other; a direct lack of respect. The challenge here is: you cannot control another person no matter how hard you try. The only person that you have control of is yourself. So then the question that this reality poses is: What are you willing to change? If you love yourself and know that you have tremendous value, if you can see what you bring to a relationship and that you deserve respect and love and tenderness, then you will get to a point where you will settle for nothing less than that. The change that might be necessary in yourself is to change the way you see yourself, the way you treat yourself and what you accept. Your husband also needs to change and that is something only he can do for himself but reaching out to get help as well. It would be helpful for you both to get help because there is damage on both parts. You have much more power than you realize and talking with someone can help you to hone that power and make a difference in your own life. Sometimes, the difference/change can be walking away from a bad situation or it can simply be changing your attitude and raising the bar. Sometimes our loved ones come with us on the elevation, and sometimes they get left behind.  You must do some deep introspection through therapy to get to the point where you can answer this question for yourself."
"I love him, but he doesn’t show me love. He talks badly about me to his friends.","Hello, and thank you for your question. Loving someone who
doesn’t respect or treat you well can be enormously difficult and painful. 
Many people who find themselves in an emotionally hurtful
relationship say that it was wonderful when it first started, but that over
time their partner’s behaviors changed and they became emotionally or
physically abusive. 
I want to say right away that it is not your fault in any
way if someone is abusive to you. It does not mean that you are broken or that there
is something wrong with your character if you have not left the situation.
People stay for many reasons, such as fear, finances, children, pressure from
others, and love. 
Many people have had to leave their abusive partners who
they still love to preserve their own safety and regain the sense of self they
may have lost. It is a very difficult thing to do, even if you know it is the
right thing. 
The person who really needs to take a hard look at
themselves is the person doing the abusing.
It is very common for mental and emotional abuse to wear
away at someone’s self-esteem. This can lead to other problems, like depression
and anxiety. These issues sometimes require professional support to manage,
such as a counselor or perhaps a doctor who may prescribe medication. 
A counselor may be able to help you sort through your fears
and concerns about staying or leaving. To look at things from different angles,
and to help you decide what is best for you. 
You have not said that your husband has been physically abusive
to you, but if that has been the case, then you must consider your physical
safety first. Leaving an abusive relationship is the most dangerous time.
Getting help from professionals would be critical, and I would recommend your
local domestic violence program. 
Whatever you decide to do is the right thing for you. I
would encourage you to ask yourself honestly about your reasons for staying and
the barriers that may keep you from going. You do deserve to be happy and
emotionally safe. If you do not feel like you have that safety, then seeking
someone to help you sort through these things is a good plan. 
I wish you well.
Robin J. Landwehr, DBH, LPC, NCC"
"I love him, but he doesn’t show me love. He talks badly about me to his friends.","So many questions comes to mind when I read your words...Do you love yourself?  What do you LOVE about him?  What are you getting from this relationship that is good for you?  What are you lacking in yourself that you allow yourself to be treated this way?....I can go on..If you can answer these questions, maybe you will answer your own question of WHY are you with your husband or even better, WHY you ALLOW your husband to be mean, show no love, disrespect you?  You seem to lack self-worth...seek a professional to help you with this."
My father is in the hospital and was diagnosed with leukemia. I have been dealing with that all day. My husband keeps getting mad at me for things that I said.,"I don't know how long you have been married, but this might be a time to explain to your husband what you wish he could do for you in this moment. It could be that he is showing that he is getting mad at you because he is worried about you and it is just coming out wrong. Maybe he would be open to an honest discussion?"
"My husband took a job out of state for the next year and seems to be a different person. Before, he worked and slept, and on off days, he'd stay home because he didn't want to do anything else. Now he's going out with friends several nights a week while I'm still home working a 50 hours a week job and taking care of two kids by myself. He's suddenly saying he misses me and wants me to be his adored wife, but the whole time, I'm remembering how I've been emotionally starving for the last five years.","It seems that you have been very disconnected from each other which naturally  could contribute to symptoms of saddness and even depression. Obviously something has shifted which you do not understand. Therefore,  perhaps you should consider attending Couples therapy to help work through your concerns and feelings?  It would also be beneficial to assess if in fact any depression or other underlying issue is going on. Communication is so important in any relationship and the manner in which we express ourselves to our partner can either invite curiosity and emotional connection, or shut down connection. IMAGO dialoguing is a helpful tool for couples for communication as it teaches  validating and empathic listening to better heal disconnection."
"My husband took a job out of state for the next year and seems to be a different person. Before, he worked and slept, and on off days, he'd stay home because he didn't want to do anything else. Now he's going out with friends several nights a week while I'm still home working a 50 hours a week job and taking care of two kids by myself. He's suddenly saying he misses me and wants me to be his adored wife, but the whole time, I'm remembering how I've been emotionally starving for the last five years.","My first concern is you: As you stated, you have been emotionally starving for the past five years.  Please try to find time for you; to clarify your thoughts and feelings by writing, talking to a trusted friend or family member and perhaps seeing a therapist.What's really going on with your husband?  Does he discuss in detail his sudden change? Can the two of you still talk? Do you want the same things?  Before you go to couples counseling, I suggest that you get some support first to feel grounded within yourself and your life.  Make sure you are ready to hear what might come out of counseling.   I wish you the best."
"I decided to stay and work it out. I just don’t want to sit on the couch. Other than that, I have been getting over the situation. I don't feel it is fair that she expects me to sit on that couch and won’t leave me alone about it. I can move on and continue to love, laugh, and play with my wife. I just don't want to sit on that couch.","Houston, It's normal for this kind of thing to be a trigger, so I get why you don't want to sit on it, but to keep refusing keeps the affair alive. Am I to assume that you can't afford a new one? Ideally, she buys you a new couch, but it certainly would be a gesture of love for you to do it too and it will help you both move forward. t will be interesting to see if there's anything else that keeps the problem alive after the couch is long gone."
I'm feeling different towards my husband. I feel I am growing from the relationship. I have been with my husband for six years and married for almost five. I just don't feel that connection anymore. I feel nothing. I don't know why or if I'm just being irrational.,"Lacey, I'm SO glad you wrote. Thousands of people are having this same feeling right now. I'm glad you're paying attention to it. When you first meet someone, there are all kinds of sparkly feelings and you both do and say lots of things to cement the attachment and create deep intimacy and connection. Then what happens is because we have that connection established, we instinctively cut back on those loving behaviours because we don't have to work hard to earn their love anymore. That sparkly feeling typically lasts a few years (long enough to procreate and keep the human race going), and then it wears off a bit, and you end up looking at each other thinking ""how come I don't feel the same anymore?""Mostly (not always, and I'll get to that in a minute) all that this means is you've stopped doing all those loving things you used to do! It's as though you filled the car with gas, you've run out of gas now, and you're forgetting to put more in!The first clear solution to this feeling is to bring back more of your own loving behaviours that you've cut back on. Act lovingly, and you will likely regain those feelings. Talk to your partner about this. It's okay to say ""do you remember we used to do X,Y and Z? Can we do that again? Can I get more of the foot rubs you used to give me?"" Ask for what you want (instead of complaining). What are your 'love languages'? What are your partner's? Marriages need to be fed. It's that simple. Many things get in the way...children, jobs, but mostly complacency. Get active with your love!Okay, now, you might read this and think ""that's not what's happening"". That's a cue to talk to someone, like a therapist, about your feelings. People do grow and change and sometimes relationships don't fit anymore. But these are huge decisions, not to be made lightly. I wish you happiness."
"I have an overwhelming desire to watch my wife have sex with another man. I talked to her about it, and she said she will do it for me. The idea excites me to no end, but I don’t want to because it disgusts me. How can I stop wanting it, or should I just give into it and do it? I’ve been struggling for years with this. It won’t go away. By the way, I am in my mid 30s and my wife is in her mid 40s.","Try to understand your own ambivalence to having your wish fulfilled.Since you and your wife are in a relationship, the sex she will have with another man will affect emotions in both you and your wife.I suggest you and her prepare emotionally before you both go ahead with the sexual arrangement,By anticipating any jealousy or feeling helpless or out of control, or in control, since it's your wish being fulfilled, all the feelings you and her are able to expect, you'll be more prepared for the actual emotions from the episode, which may also resolve your conflicted feelings about creating the event.There are a lot of unknowns in the situation you're considering.  Having your partner, who will be key in satisfying your sex wish, be active in understanding these unknowns, is a good way of keeping your relationship strong overall."
"My husband and I have been together since high school. We have been married going on for nearly ten years, and we have three beautiful children. A few weeks ago, my husband decided he need some time apart and moved over to his dad’s for a while. He comes home to see the kids and acts like there is not too much wrong. Can this marriage be saved or is it too late? He said he would go to counseling, so I don't think he has given up.","While it would be impossible for me to say whether your marriage can be saved it sounds like you are both willing to give it a try and to get professional support. With appropriate professional support for your relationship a lot is possible. I'm not familiar with the resources available in Jackson but I'm sure there are some good local couple therapists and there may be some agencies that specialize in couple counselling and family therapy. So often the challenges that we have in relationships result from rather small habits in relating that lead to greater feelings of distress, loneliness, anger and resentment. I commend your willingness to put effort into creating the strong loving relationship that you want for both of your sakes and of course for your children. The following links provides more information regarding common behaviours that predict staying together or separating and also videos and other resources that can help you get started. Wishing you and your family all the best on your journey of healing and discovery."
"That phrase makes me crazy. It happens anytime I point out something to my husband that he needs to change, such as looking up from his iPad long enough for me to tell him the grandbaby almost pulled the shelf unit over or explaining to him that I got all the things he needs to bake a pie. Another example is when he opens the front door, the dog runs out if he doesn't pick him up. Over and over again, he lets the dog run out, and I am afraid he will get hit by a car.","I empathize with your feeling ""crazy"" hearing your husband yell ""enough"" in response to you wanting to make a point to him.When the immediate situation has calmed down,  have you ever told him that this upsets you?  Is it possible he simply is not aware that you feel upset by how he talks to you?Keep in mind too that what you believe your husband must change, may not agree with his opinion on what he needs to change.A helpful starting place for the two of you to discuss once the immediate situation has calmed down, is what you each feel would have been a reasonable way of handling the situation that just happened.By learning more about how the other person thinks and feels, it will be easier to know what to expect form each other.Even if you disagree about what is best, knowing that there are differences between you may make living with them easier to accept, or at least not be surprised and startled by them.Sending good luck to both of you!"
"That phrase makes me crazy. It happens anytime I point out something to my husband that he needs to change, such as looking up from his iPad long enough for me to tell him the grandbaby almost pulled the shelf unit over or explaining to him that I got all the things he needs to bake a pie. Another example is when he opens the front door, the dog runs out if he doesn't pick him up. Over and over again, he lets the dog run out, and I am afraid he will get hit by a car.","It's hard to say what is okay and what is not okay, as it depends on what you and your husband feel is appropriate in your relationship. If you are feeling like you need to walk on eggshells or that you can't speak your mind and say how you feel, then that sounds like a problem. I would recommend having an open discussion with your husband about communication between the two of you in general. Do this during a time when there is little or no conflict and emotions are not heightened. Let him know how you feel and give him specific ideas of how you would like him to respond instead of saying, ""enough."" Additionally, try and see his perspective and understand why he shuts you down. Perhaps, he feels like he is being told what to do constantly or that he gets little positive feedback from you. An open dialogue about how to discuss issues going forward will likely help. Seeing a couple's therapist will also greatly assist with teaching better communication skills and seeing if there are underlying issues that need resolution. Best of luck to you guys."
"My husband doesn’t trust me for some past we had. I know all marriages have their ups and downs, but sometimes, I feel I am getting tired of the same thing over and over: that I am messing around, which I am not.","I'm sorry to hear about the trust issues in your relationship. Trust, as you clearly know, is essential to healthy relationships. Past indiscretions or dishonesty can damage this trust and make it really hard to confidence that these things will not happen again despite reassurances. We tend to be very sensitive to betrayal and risks to our relationship security. Rebuilding trust takes time and effort for both parties. On your end, you may need to provide more reassurance and more concrete evidence that you are trustworthy, gestures of transparency (e.g. - giving him more information about where you are going and who you will be with, letting him know when you get texts or emails from people that might give him pause or trigger insecurities), and more patience and empathy for his fears. On his end, he may need to learn to be with his insecurities and fears and ask for reassurance about your love and commitment in ways that do not lead to criticizing you, attempting to control you, or limiting your freedom. If you are not able to come to agreements about how to put his fears to rest without it negatively impacting your life, I would suggest getting some professional help from a marriage counsellor or couples therapist."
"My husband doesn’t trust me for some past we had. I know all marriages have their ups and downs, but sometimes, I feel I am getting tired of the same thing over and over: that I am messing around, which I am not.","The good news in the way you're feeling is recognizing that your husband's trust of your actions, makes a difference to you.The typical therapy formula for restoring trust between two people after some sort of betrayal, is for the one who has broken the trust, to earn it back.Restoring trust requires both persons to actively involve themselves in this process.The person who tires earning back trust, must know what standards for this, of the one who was betrayed.The person who feels betrayed must willingly be open minded to accepting the efforts of the one who tries earning back their trust.As simple as this formula sounds, the actual process of restoring trust raises a lot of emotion on both sides, therefore causing difficulty in keeping discussions in this area, on track.The best way of success in restoring trust between partners, is utilizing a couples therapist who would be able to guide your conversations back on track, and also open emotions for discussion when relevant to restoring trust.Good luck in establishing new terms with your partner!"
"My husband doesn’t trust me for some past we had. I know all marriages have their ups and downs, but sometimes, I feel I am getting tired of the same thing over and over: that I am messing around, which I am not.","It is incredibly frustrating to not be trusted when you know you are doing nothing wrong. If the lack of trust on your husband's end has to do with something you did in the past, then be patient and give it time. Once trust is broken it takes time and effort to gain it back. Try seeing the situation from your husband's perspective, as often times looking at situations from different angles, gives us new understanding and insight. Remember that you can't change how he feels, but you can help him to regain the trust by asking him what he needs and responding to his needs as best you can. Seeing a couple's counselor is never a bad idea and it would also be beneficial for you and or/your husband to seek out individual therapy. There may be other unknown factors that you are unaware of that are contributing to the trust issues and inability to resolve them. Hope everything works out for you!"
"My husband doesn’t trust me for some past we had. I know all marriages have their ups and downs, but sometimes, I feel I am getting tired of the same thing over and over: that I am messing around, which I am not.","Hi Louisiana,It's normal when trust has been broken in the past for fear and insecurities to come up from time to time. His reactions may not mean that he doesn't trust you, but rather that he gets scared that he's going to be hurt again. You're a bit vague about the past. You don't say whether you cheated or not. If you did, then you might try taking an approach where you a) take responsibility for your past actions, b) show an understanding of and compassion for his pain about that, c) do everything you can to demonstrate trust and show that he is your priority, and d) reassure him when he says he's scared or feeling insecure. I'm suggesting that part of healing is you having tolerance of his emotions and demonstrating that you're so confident you can be faithful that you can handle his moments of fear. This is what he and the marriage need in order to heal from the attachment injury.Part of the issue might be that when he brings it up, he's coming across as angry, accusing or suspicious, rather than scared and insecure. This often happens. A therapist can help both of you understand that fear is behind the anger, and it works best if he shows you his vulnerable emotions rather than the anger (which is also natural, but less helpful in those moments), and then you can more easily recognise the cue for you to reassure him. As much as you want to forget about it, he might need to talk about it sometimes, and that's normal. His needs are important. Also important, however, is your need for respect. If he approaches it in a disrespectful way, that's a separate problem. If it's brought up as a weapon, used to shut you down, or used to control or punish, those are unhealthy ways of dealing with past hurts. You can both offer compassion to him and use your sense of boundaries to protect yourself from being flogged with the past.A qualified therapist can help you sort through this trick territory. Best of luck."
"My husband and I would've been married for five years come June 2016. Our infant daughter just had her birthday. Shortly before, he told me he wanted a divorce. He has four other children, three of which are from his first wife. He decided to end that marriage when his youngest was an infant. The children do not have a good relationship with him now. He has another child from a woman he was dating. He decided he didn't want to be with her anymore when the child was an infant.    It seems to me that there is a pattern. He easily detaches from relationships at the same time in the child's life but wants a relationship with them when they are older. I've tried to research online, but I'm not getting any answers. He also has an unhealthy dependency on alcohol and does not believe in mental health disorders such as depression and bi-polar disorder. He also does not believe in therapy or seeking help from professionals. Is there a detachment disorder or some form of mental block he could have? Where do you recommend researching this?","This sounds really difficult and I can understand your motivation to get to bottom of why this behaviour has occurred - especially if your husband (who sounds like he is an ex-husband?) continues to have a relationship with you and your children. With that being said - relationships and mental health are very complicated and you are unlikely to find the answers you are looking for. In order for someone to be diagnosed with a mental illness or in order for them to identify what leads them to fall into particular patterns in relationship - they would need to be willing to seek help and honestly talk about their challenges, something that you say your ex is not willing to do.  While it might be a relief to understand what is going on with him - it might be more comforting for you to get support for yourself in processing your feelings and everything that has come up for you as a result of his choices."
My husband cheated on me and it hurt me very bad. It was a time when my health was poor. I'm have a hard time moving on.,"How has your husband acted since then? Was he regretful? How did you find out? Did he confess? These are all things that you want to consider. Betrayal is very hard to get over so if it's taking you awhile to get over, know that this is normal.Hopefully you're husband has been very regretful and upfront and honest with you since this happened. It may take awhile to reestablish your trust with him and he should understand this. It's also very important to discuss WHY he cheated. You want to make sure that the reasoning behind this was not something that could arise again in the future. And if it can, there needs to be an action plan in place (i.e. being honest with how he's feeling) so that you both get a chance to rectify the situation.If the cheating has happened more than once, you may want to reevaluate your reasoning for staying in the marriage. It would be obvious that he did not truly regret what he had done or else he wouldn't repeat the same mistake. However, if it was a single event and he has shown you and continuously shows you that he genuinely loves you and is sorry for his mistake, I would give it a try. People do make mistakes and sometimes it takes an event like this to realize what you have.Know that it takes time and that you have the right to feel what you feel. If the relationship was a good, healthy relationship, it is worth saving. Ease back into it and be upfront with your feelings. In return, your husband should be patient and understanding of this. Also, marriage counselors are often a good go-to as they have a great deal of experience working with marriages in similar situations. Best of luck to you!"
"I have been with my husband for almost 7 years. We got engaged a little after 5 years of being together. I had always been clear that I wanted to get married and I sadly would drop hints about how i wanted him to propose.  When he did propose it was during a random vacation that I had planned. I was happy but I couldn't help feeling disappointed too. I had told him numerous times before that I wanted him to do it in front of my friends and family. I know it sounds dumb to be upset but I couldn't help how I was feeling. We are now married but the wedding and ring were also far from what I wanted and it wasn't due to lack of funds. I know this is all material and the marriage is the most important thing but I cant help but get jealous and envious every time I see someone get a proposal or wedding that I had wanted. I cant help my anger because I know we only get one proposal and one wedding. What I wanted will never happen. I have been working on my feelings for the past year and half to get over it. I try to focus on our marriage but every time I see someone have the best proposals and weddings I get upset. I know it is selfish and I know its petty but I just can't control it. It's ruining our relationship because I constantly think about it. Plus, I get mad at him for small things because I am trying to hide the fact that I am so disappointed.  Why can't I move on?","It's hard to let go of the dreams you had regarding your wedding and engagement. This was something that you and most women think about for years, so it's understandable to be disappointed. But please be aware that it is rare that any wedding is perfect. You may envy your friends' weddings but more than likely they had a few mishaps of their own and/or it wasn't as perfect as they had planned it either. However, like you know, the marriage is the most important thing. How many women are envious that you are in a happy, stable relationship? I assure you that there are plenty. Try to live in the present considering that dwelling on the past can still not change how you were proposed to or how your wedding day transpired. Focus on what you can control NOW. Perhaps, you can plan an extravagant renewal of your vows or change the look of your ring?I would also be upfront with your husband and explain why you've been short lately. But after that, close that chapter and move on. It sounds like you have a wonderful companion and you certainly don't want to lose this due to a situation that is impossible to change."
I need to speak to someone about sexual addiction and binge eating immediately.,"There is an organization dedicated to helping individuals find affordable counseling.  It is called Open Path Collective.  There is a one time membership fee of $49 and it lasts for your lifetime.  You then have access to local counselors/therapists who will see you for an extremely reduced rate, anywhere from $30 - $60.   https://openpathcollective.org/"
I need to speak to someone about sexual addiction and binge eating immediately.,There are plenty of online providers within the mental health field that would me more than happy to speak with you immediately.  Many of them provide treatment on a sliding scale fee.  I would google online mental health treatment providers and that should lead you to a list of providers that can help you.
I need to speak to someone about sexual addiction and binge eating immediately.,"Depending on your area and location, there may be therapists who provide services on a sliding scale. Additionally, churches will often times offer counseling for free or for a small fee. I suggest doing a simple Google search and contact therapists in your area. It never hurts to ask for a reduced fee and even if he or she is unable to provide the service, they may be able to refer you to someone who can."
"I've been bulimic for about 6 years now. I'm in my early 20s. I am about to start back to school to become an RN, and I really need to get better once and for all.    I lose control of myself and become angry and anxious and just eat and purge. Over and over. Can someone please point me in the right direction for help?","Eating disorders usually result from a sense of insecurity about who the person is, whether they are good enough compared with anyone else, and whether the way they person lives is effective.If you have a style you're already happy with to reflect on these sorts of topics, keep following your own logic with the aim to free yourself, which usually takes place gradually, from these sort of self-doubts.The other approach would be to find an unperson or an online discussion group where you'd be able to offer and receive the support from other people who live with a similar problem.Good luck in your studies!"
"I have a problem with binge eating, especially during times of stress. I binge eat and feel so overwhelmed with shame and disappointment that I end up going to the gym and trying to exercise the calories off. I am in my late 20s, and I have been dealing with this since I was a teenager. Are there any coping mechanisms I can use to break this cycle?","Hello,This question describes a very typical setup of what is called the  Binge, Repent, Repeat cycle. This means that typically after you binge, you experience emotions as you described ""shame and disappointment"" and then because of these emotions you ""repent"" (i.e. vow to never binge again, promise to ""do better,"" go to the gym, etc.) and then ultimately end up bingeing again. There are many coping mechanisms for binge eating and one of the best is actually attempting to NORMALIZE eating. Meaning you need to attempt to eat normally, eating appropriately portioned meals 3 times a day, with snacks in between. IF you binge, then it may be helpful to remind yourself that when you attempt to compensate for your bingeing behaviors, and you end up feeling restricted from over exercising or undereating, then this actually leads to a binge again. Thus, reverting you back to the cycle. If you binge, it will be helpful to try and get back on a normal schedule of eating instead of trying to compensate for the binge. Although it may feel counterproductive, getting back on a normal eating schedule will prevent you from entering into the restrictive cycle. It can also be helpful to remind yourself that the binge has already occurred, it is in the past and the goal is to move forward without focusing on the past. Focus on what you can do differently next time. What emotions or situations led up to the binge? What can you to do prevent or change the circumstances that led to the binge, or the way that you handled the situation? Lastly, if you're struggling with ""normalizing"" eating, it can be helpful to work with a professional that can provide counseling and coaching to help you learn how to eating normally, mindfully and without feeling the guilt and other harmful emotions sometimes associated with disordered eating. I would be more than happy to assist you if you ever have any questions or want to reach out to somebody. You can contact me via my website: http://www.maddenwellnessky.com/"
"I have a problem with binge eating, especially during times of stress. I binge eat and feel so overwhelmed with shame and disappointment that I end up going to the gym and trying to exercise the calories off. I am in my late 20s, and I have been dealing with this since I was a teenager. Are there any coping mechanisms I can use to break this cycle?","In dealing with an eating disorder you are far from alone.  It is more common than you might think and tied to so many variables that it is easy for an individual to become overwhelmed in trying to navigate the influences of such variables.  I have been working with individuals dealing with such challenges since 1998 and have found over the years that behavioral analysis is highly effective in helping you begin to isolate, understand and then be able to address many of these variable impacting your behavioral and cognitive choices.  Consider finding someone trained in Dialectic Behavior Therapy (DBT).  There is a large body of evidence supporting the use of this approach to alleviating many of the aspects you identified in your post as well of a wide variety of tools that you can choose from and utilize that are able to practiced and assimilated into your daily tool box of coping mechanisms that end up becoming new behaviors and ways of thinking about issues that become automatic, the best possible outcome you can hope for if you want the solution to be sustainable."
"I have a problem with binge eating, especially during times of stress. I binge eat and feel so overwhelmed with shame and disappointment that I end up going to the gym and trying to exercise the calories off. I am in my late 20s, and I have been dealing with this since I was a teenager. Are there any coping mechanisms I can use to break this cycle?","The fact that you are aware of the issue and what causes it is a step in the right direction.  You can absolutely break the cycle but it takes a lot of effort.  Much like growing a physical muscle, developing coping mechanisms must be practiced (exercised) in order to gain strength.  Find healthy activities that you like to do that can help you deal with stress.  It appears that you are already going to the gym which is awesome; you want this to be a healthy experience not one done out of guilt.  Is it possible for you to incorporate food items that are healthy for you? Remember any changes you make must be practiced and developed over time.  You should seek professional help to assist you with getting to the root cause of your emotional connection to food. Normally these issues date back to childhood experiences however this is a generalization and I have little information to go on.  Above all else BE KIND TO YOURSELF! Shame is counterproductive. If you want something to grow you give it love and attention. Well wishes!!!!!!"
"I have a problem with binge eating, especially during times of stress. I binge eat and feel so overwhelmed with shame and disappointment that I end up going to the gym and trying to exercise the calories off. I am in my late 20s, and I have been dealing with this since I was a teenager. Are there any coping mechanisms I can use to break this cycle?","I believe that for results that last, the best approach is to understand why someone feels like doing a certain behavior.""Coping mechanisms"" are superficial instruction that people usually give up on when feeling extreme pressure from the problem behaviors.Take the slower road of understanding why you would deprive yourself of enjoying food.Also, if you consider the binging as a mistake of some kind, reflect on why doing something less than ideal, deserves harsh criticism and not tolerance and acceptance that people mess up occasionally.I'm glad you know that there are better ways of treating yourself.  This is a valuable awareness of realizing you deserve patience and respect, not humiliation and severe criticism when you are lost as to best ways of self-care."
"I have no self control over food. Most people stop when they've had enough, but I keep eating for the pleasure of it. Especially with sweets - I'm never done eating dessert.","Hello! I'm so glad you decided to write in today. This is such a great question and I'm sure many others will relate to exactly what you're describing. There are a few different ways we can look at in understanding your concern. First, I think it's important to understand food is just food. Food is meant to nourish our bodies, provide us with energy and yes, sometimes reserved for special occasions and celebrations. But in many cultures, we place a LOT of emphasis on food. We have food at every gathering and every celebration. What's more people have come to almost EXPECT food to be present at any and every get-together. And if it's not? Well, then forget about it! I see this time and time again with my clients. Donuts appear in the office, and it's almost like donuts have never been there before! Must eat one (or two)! However, we need to remind ourselves that this occurrence, or similar ones, will not be the last time we can enjoy this particular food. It is likely the office donuts have happened before, and they will be there again on another day. During these moments, I like to have my clients employ a Stop-and-Think method. Stop-and-Think about your goals before you eat. Is this donut getting you where you want to be? Also, I have my clients ask themselves how special is this donut? If the donut really is a special donut (from the best bakery in town and you've never been there before) then now might be a time to have the donut. But if not, it would be wise to pass and wait until that ""special"" donut. Another aspect we need to remember about food, is to think about what we're getting from overindulging or overeating. Are you trying to drown out other emotions? Are you trying to feel better and the food gives you that feeling for a brief moment? What ELSE is going on? This can be determined by utilizing what we describe as a Thought Record. A Thought Record involves tracking and identifying thoughts and feelings associated with food triggers. By targeting the emotions, we can then determine where they're coming from, as well as how to decipher them. A therapist can also help you with understanding your emotions related to food and will be helpful in assisting you with the Thought Record.The most important thing to remember is that ""food addiction"" can be a real problem for a lot of people. If food is taking over your life and you are preoccupied and overwhelmed with knowing where to start, please seek out help. Binge eating is the most common eating disorder and impacts the lives of thousands. There are lots of free resources and information on my website at www.maddenwellnessky.com. In addition, I offer individual coaching and counseling through my website and I would love to help!- Amber"
"I have no self control over food. Most people stop when they've had enough, but I keep eating for the pleasure of it. Especially with sweets - I'm never done eating dessert.","I would recommend removing yourself from the environment you are in after you have finished eating. A simple walk around the block, calling up a friend and going to visit, or even going to another room in the house can help. If you find that you truly have no self control over food, I recommend attending Overeaters Anonymous; a 12 step group for those with compulsive issues related to food. I hope this helps."
"After 40 years of being straight, how could I now find myself interested in people of the same sex? I have had a few same sex encounters of my own doing.","What most people don't know is that sexual preferences can be fluid, meaning our sexual orientation is not as fixed as most people believe.  Women in particular tend to be more fluid in their desire to express and experience sex.  It is not uncommon for heterosexual women in their mid-life to explore new sexual appetites.  That said, men tend to be more rigid in their orientations particularly if they are hetero while gay men tend to be more fluid.  So if your distress is over your new interests I would tell you, you are not alone and not abnormal.  Since you have started exploring, enjoy and consider seeing a therapist to help you navigate your feelings around this new sexual life! Warm wishes."
"After 40 years of being straight, how could I now find myself interested in people of the same sex? I have had a few same sex encounters of my own doing.","Sexuality is normally formed during adolescence. It would be extremely rare for someone to develop feelings of same-sex attraction later in life. I would explore whether the attraction you are experiencing is sexually-based or intimacy-based. Perhaps you are craving a close, emotionally intimate relationship with the same-sex, but have somehow sexualized that desire. People often short-cut emotional intimacy for sexual intimacy. This would be something to explore with a counselor."
"After 40 years of being straight, how could I now find myself interested in people of the same sex? I have had a few same sex encounters of my own doing.",Few people are actually 100% straight or 100% gay.  Sexual preference exists on a continuum. Over the course of many years a person's sexual preference may shift.
"After 40 years of being straight, how could I now find myself interested in people of the same sex? I have had a few same sex encounters of my own doing.",Sexuality is fluid. It is possible to find yourself attracted sexually or affectionally to different types of people at different times in your life.
"After 40 years of being straight, how could I now find myself interested in people of the same sex? I have had a few same sex encounters of my own doing.","During these encounters did you feel safe? accepted? Where you able to experience something new in your life? It is natural to feel attraction to all people. As young children we love everyone. It was as we got older that the social constructs had us make a ""choice"". It could have been that you were always attracted to the same sex, but now are allowing yourself to feel and explore. But also know that life is interesting as we grow and mature we find that we like things we never liked before, things we said we would never do now seem appealing. What is the story you are telling yourself about having these interests? Try to not overthink your attractions. See where they take you. You are on a journey to discover yourself."
"After 40 years of being straight, how could I now find myself interested in people of the same sex? I have had a few same sex encounters of my own doing.","There are many possible answers to your question.The best one will be the one you decide after reflecting on your own reasoning as to your sexual attraction change.Sometimes people inhibit their sexuality bc of fear others will disapprove.  Currently since in most circles being gay is acceptable, the conditions are much easier now to come out.Maybe this describes you.How happy are you in your marriage?Sometimes people find it easier to discover a sudden change in their sexuality than to face painful emotions in an existing marriage.These are only two theoretical possibilities and may not even reflect your own.What matters is your self-discovery and that you trust your findings as the answer to your question."
"I'm a girl, and I can't tell whether I'm bisexual or gay. I like girls a little more than boys, but I don't really know.","I would ask you, ""do you feel like you need to come up with a label?"" Is there something about identifying as one or the other that would be helpful for you? From what current science has told us about sexual orientation, it's a spectrum. There are people on the spectrum who are clearly gay, or clearly heterosexual, and then there is everyone in between, which includes being ""bisexual"" (which I guess in the spectrum would be smack in the middle?)It may be too early for you to identify as any one thing on that spectrum (as you say, ""but I don't really know""), or maybe as you move through life you just won't identify as any one thing, and that's totally okay. The most important thing, in my professional opinion, is to accept yourself, fully, for whatever it is that you are. The second most important thing, in my professional opinion too, is to be honest with yourself and your partners about however you do identify your sexual orientation."
"I'm a girl, and I can't tell whether I'm bisexual or gay. I like girls a little more than boys, but I don't really know.","Sexual orientation is not always something that is clearly definable. Some people look at it on a continuum where being attracted to only boys is at one end, only girls is at the other, and bisexual is in the middle. Anywhere in between those points can be any amount of attraction to boys or girls.If you don't know whether you are gay or bisexual, that is okay. A lot of people don't know for quite some time. In addition to that, after people do know who they are attracted to, a lot of times they do not use the terms ""gay"" or ""bisexual"" for quite a while.It's okay not to know.Think about what sorts of expectations you have for your ideal relationship. Some examples may include trust, respect, availability for conversation or connection, etc. Whatever it is that you find important in a relationship is likely what matters most.If you are struggling with learning what it is that you would like in a relationship or any other feelings connected with what you are thinking and feeling, I would suggest connecting with a local therapist so you have a place to talk about what you are experiencing."
What should I do when we see each other?,I am so sorry this happened.  Sharing a part of your private life without your permission can be so painful.  I might suggest (depending on your relationship) reaching out to your sister and discussing this (or setting boundary that you don't want to discuss your private life).  I might also speak with your wife and share how hurt you are and what you need to happen moving forward to begin to heal.
What should I do when we see each other?,"Echoing others here, I'm sorry, she shouldn't have. Hopefully, you will have a conversation (or, in reality, several conversations) about relationship expectations of privacy~ Are there things your wife would prefer you not share with her family? Without exploring what is or isn't okay through healthy dialog, it's entirely possible she felt her sister was 'in the circle' of people she could share this with. All that said, though ... now that you've been outed, you have an opportunity to be more authentically you: what will you do with it?"
What should I do when we see each other?,"I am so sorry that this happened.  Nobody deserves to be outed without their permission.  I would encourage you to get in touch with someone who is supportive and accepting and plan to touch base with them after you see your wife's sister.  You can also plan to take some time for self care after you see her.  For example, if you enjoy bike rides, plan on taking a bike ride afterward.  Plan to do something that feels nurturing and caring.  Best of luck!"
I was born a girl. I look like a boy. I sometimes feel like a different variation of gender. I don't know what to say if someone asks my gender. I just get really confused and usually say my birth gender.,"Hi, as an affirming gender therapist I like to let people know that like sexuality, gender is a spectrum too.  It's possible to look like a girl and feel more like a boy, just as it's possible to feel halfway between a boy and a girl, or anywhere else on a horizontal line with two points between it.  Some people use different pronouns or words to express their gender and that's okay.  It's up to you to find out what is most comfortable."
I was born a girl. I look like a boy. I sometimes feel like a different variation of gender. I don't know what to say if someone asks my gender. I just get really confused and usually say my birth gender.,"If you're feeling like your gender is different than the gender you are born with, and there are many different terms to help describe that. Gender is actually looked at on a spectrum. Transgender is just one of those terms, but looking at the information here may help: http://www.transequality.org/about-transgender. I'm not saying that you should use the term transgender to describe yourself because that may not accurately describe what you are experiencing, but I'm just trying to point you to some more resources.As for what to say to someone who asks your gender, that becomes a question with a lot of different parts. This is probably something that would be best talked out with someone else who you trust. I don't know whether that is your family, friends, and mental health professional, and member of the clergy, or someone else. There are many different things than you could say and they are all related to how much you already to share with other people about how you feel regarding your gender.Generally, I would suggest it would be important to become comfortable with how you feel yourself and possibly tell some people whom you really trust first. Also consider that once you tell someone something, it's not possible to undo it, so if you tell someone, they may tell someone else. Then there is also the matter of people having very different reactions related to different genders and not everyone will be supportive. I hope that you are able to surround yourself with some people who are willing to understand and work through this with you so that you have some ideas how to react if you come across someone who does not understand.Please remember that there is always someone to talk with."
I was born a girl. I look like a boy. I sometimes feel like a different variation of gender. I don't know what to say if someone asks my gender. I just get really confused and usually say my birth gender.,"I agree with Sherry, it is OK to give the answer that you feel most familiar with.  The most important part is not who people think you are, but that you know who you are.  Read about gender identity and fluidity.  Discovering the answer is a process, don't rush it to comply with others either way.  If you feel that this is a constant issue that keeps you awake and keeps you from enjoying your life, consider going to a therapist to discuss your feelings and concerns. ¿Qué significa que yo me sienta como diferentes géneros?Nací como niña. Me veo como niño.  A veces siento como una variación diferente de género.  No sé qué decirle a otros cuando pregunta que soy.  Me siento confuso y solo digo mi genero de nacimiento. Estoy de acuerdo con Sherry, está bien dar la respuesta que se sienta más cómoda.  La parte más importante no es quien las otras personas piensen que eres, sino quien tú piensas que eres.  Lee sobre el tema de identidad de género y fluidez de género.  Descubrir tu género puede ser un proceso, no lo apresures para complacer a otras personas.  Si sientes que este tema te esta quitando el sueno y te impide disfrutar tu vida, habla con tu consejero sobre tus sentimientos y preocupaciones."
I was born a girl. I look like a boy. I sometimes feel like a different variation of gender. I don't know what to say if someone asks my gender. I just get really confused and usually say my birth gender.,"It is ok to tell someone who is casually asking about your gender, what is written on your birth certificate. Measure the significance of your answer to the significance of the person who is asking you the question.In addition, you are stating the simple truth, so there's nothing wrong with stating what is on your birth certificate.Do you understand the reason of why people are asking about your gender?It is not a common question, so I wonder about the context in which this happens.The whole field of gender identity is extremely popular now.Popular usually means people are swept into a trend just because it is in the air, not because they've given the time and seriousness to thoughtfully consider if the trend has anything to do with them personally.Keep open minded to who you are, including if you are truly a different gender than the one you're born into.It is a very complicated question and lately people, especially teens, are answering it much more rapidly than seems possible to fully consider."
"I've been going through a rough time lately. I been into nothing but women. I’ve never thought about men until a week ago. I’m very upset and depressed about this. It's not normal to me. I looked at gay porn more than once to prove that I’m not gay. I get the same results each time, and I feel disgust. This is tough on me. I'm scared that I looked too many times. I keep thinking about it and shake all the time.","Are you able to give yourself some peace of mind while you take the time to further address whether or not you are gay?Whether or not and to what degree a person accepts their sexuality, depends on dense factors such as the culture of your family, the beliefs about gay people with which you were brought up, and your own tolerance for being a unique individual.Examining these factors, whether inwardly by yourself, in online blogs and sites, or live with other people, requires patience and effort.The more you are willing to commit to figuring out your own truth, the greater is your chance of finding it!"
"I've been going through a rough time lately. I been into nothing but women. I’ve never thought about men until a week ago. I’m very upset and depressed about this. It's not normal to me. I looked at gay porn more than once to prove that I’m not gay. I get the same results each time, and I feel disgust. This is tough on me. I'm scared that I looked too many times. I keep thinking about it and shake all the time.","Hello. Coming to terms with the idea that you might be of a sexuality other than the one in which you were socially raised to be, can be emotionally disturbing, and quite unsettling. It creates anxiety, maybe even panic, and leaves us feeling confused and uncertain about our own sense of identity. It becomes important to first ask yourself how you feel when you are thinking of being intimate with guys, or if you desire them to be intimate with you. It is important to know what impact this has on you, because it can determine your level of follow through and desire in pursuing sexual activity with someone of the same sex. I am not going to pass judgment on you either way - even for having the thoughts. I have worked with the lesbian, gay, bisexual, transgender, queer (LGBTQ) community in various ways over the years. Many I speak to, say they had to struggle to come to terms with this awareness about how they see themselves sexually. Maybe you are bisexual, and don't have an exclusive attraction to the same sex. You might consider doing some searches online for community support groups in your area, to explore the feelings and issues around this topic. Talking to someone who you trust can be helpful too. Running from your feelings is not a good idea, and others in a support group for sexuality issues, might be able to relate to you and what you're going through right now. This will offer you perspective, as you think on how this plays out in your life.Counselors are typically well trained to provide clinical services to clients who are experiencing feelings and thoughts much like the ones you are having now. I encourage you to consider reaching out for help. You are not crazy or insane for thinking of working with a counselor, nor of having feelings of same sex attraction. If you decide you are indeed gay, then know that you are not alone and never will be alone in that feeling. There is a huge community of support for you. Additionally, we all need help sometimes dealing with all sort of issues. A counselor can work more in depth with you to examine the motivations behind the feelings, and help you come to terms with them more directly. I hope that you come to a place where you feel less alone and more secure with yourself as you examine this area of your life. No matter what, do not fear being yourself. Again...you are not alone, I promise.Warm regards,Shawn Berthel, M.S., LMHC"
"I've been going through a rough time lately. I been into nothing but women. I’ve never thought about men until a week ago. I’m very upset and depressed about this. It's not normal to me. I looked at gay porn more than once to prove that I’m not gay. I get the same results each time, and I feel disgust. This is tough on me. I'm scared that I looked too many times. I keep thinking about it and shake all the time.","Hi Brookfield, It can be unsettling when we feel something as fundamental as our sexual orientation shifting. I like that you're honest enough with yourself to say ""I'm struggling with this"". To accept that there is a question is a brave place to be. And...it doesn't necessarily mean you're gay.Unfortunately, we live in a culture that wants to put people in slots...male or female, straight or gay...we tend to not like those grey areas so much as a culture. The truth is that, if we grew up in a society where there wasn't this categorization...if we felt free to explore and grow sexually, we might be surprised at who we are attracted to. You don't have to put yourself in a slot. Our sexual preferences are more fluid than we think, and it can change over time.We also live in a culture where there is prejudice against homosexuality or ""differentness"" in general. The wish to not be gay can be powerful. Many people who are gay spend years believing they were heteroxual...fighting against, repressing  or ignoring their gay thoughts. This is needless pain. If you are gay, there is no shame in that and you can still have a glorious life filled with love and passion.Having said all that...just because you have thoughts about men or get turned on by gay porm doesn't mean you're gay. Many heterosexual people have thoughts and fantasies about the same sex; it's arousing because it's naughty...we're curious about the forbidden, or we're just curious. Becoming aroused by gay porn is normal for many heterosexual men. Sexual orientation isn't just about sex either. A different gauge of who you are sexually can be found in your emotions towards men or women. Are you drawn into emotional connections with men more than women? Who do you feel the urge to explore and be close to?Exploring your sexuality through being open to different experiences can help too. How does it feel to kiss a man, to touch a man, as compared with a woman...sometimes this feels like such a big and forbidden step that it's a barrier to discovering ourselves. We don't want to open that door. I wish you well as you do exactly what you are supposed to be doing...exploring and discovering yourself. It's an exciting journey and you might want to find a trusted person to talk more about this with."
"I am a heterosexual male in my late 20s. I find myself wearing pantyhose, heels, skirts and other women's clothing in private. I am torn on how to feel about it. I enjoy it very much. I have had a pantyhose/stocking fascination and other kinky fetish interests since I was young. I have no history of sexual abuse growing up. I am currently single.","Let yourself enjoy crossdressing!What sounds in your way are whatever beliefs you gre up hearing, see and absorb currently.Concentrate on your own satisfaction and that you are doing this in a non-harming way.Maybe if you branch out your interest by finding other people who enjoy crossdressing as much as you do.With any interest or activity, social interaction supports it."
"I am a heterosexual male in my late 20s. I find myself wearing pantyhose, heels, skirts and other women's clothing in private. I am torn on how to feel about it. I enjoy it very much. I have had a pantyhose/stocking fascination and other kinky fetish interests since I was young. I have no history of sexual abuse growing up. I am currently single.","Hi there! It sounds like you have already started to answer
your own question by stating that you love cross dressing very much, and I am
glad you enjoy it! Cross dressing is something many people enjoy, and there is
no harm in it whatsoever. My question to you would be: What is making you feel torn
about it? There is unfortunately still a lot of negative stigma associated with
people who express their gender or sexuality in ways that differ from the
majority. (And sometimes certain sexual interests are actually very common or
even in the majority, but because people carry shame about being different when
it comes to gender and sexuality we assume we are all alone!)Being a sexual or gender minority or someone who
participates in kink or expresses their sexuality or gender identity in a
unique and personal way often means suffering from something called
""internalized oppression"". We grow up being exposed to certain
assumptions and beliefs about what is ""acceptable"" behavior and even
face consequences sometimes if we don't ""fit in"" the way others tell
us to. Even if those assumptions are harmful and wrong, we still internalize
them and feel guilty about who we are. There is nothing wrong with us, but
feeling stigmatized and isolated can lead to feelings of shame, embarrassment,
or like something is ""wrong"" with us.But there is absolutely nothing wrong with you, so be proud
of who you are and what you enjoy. You can continue to simply enjoy it
privately, or maybe you'd eventually like to share it with a partner or maybe
even join a community with similar interests. I'll leave you with a quote from
comedian Eddie Izzard, who identifies as, in his own words, a ""straight
transvestite"": ""They’re not women’s clothes. They’re my clothes. I
bought them!"" Take care, and thanks for your question!"
"I am a heterosexual male in my late 20s. I find myself wearing pantyhose, heels, skirts and other women's clothing in private. I am torn on how to feel about it. I enjoy it very much. I have had a pantyhose/stocking fascination and other kinky fetish interests since I was young. I have no history of sexual abuse growing up. I am currently single.","If you enjoy cross-dressing and are comfortable with how you feelaand aware of your own thoughts and feelings about it in private as compared to in public,  I see no problem with that.If you would like to become more comfortable with it or express more feelings about it, I recommend that you  see a local mental health professional, not because there is anything wrong with what you are doing, but so you can learn more about yourself in the process. You may find  that doing this in private and having a partner  who accepts that is your view of how you would like things to be. You may discover that you would like to do this in public.I appreciate your honesty."
I have always wanted to have a transition from male to female for some time now. This issue has persisted for 10 years already but I don't know where to start. I do not have the soundest information either.,Wonderful!  I am so excited for you.  What a huge decision.  I am writing from Toronto Canada so it is hard for me to direct you specifically.  I would start with two things 1) Find a doctor that is comfortable perscribing hormones and 2) find a Counsellor or Therapist that is transgender specialized.  They will know how transitioning works in your health care system and other supports as well.  Google is a wonderful way to find these resources.   I wish you well. Thanks for writing!
"In middle school and high school, my friends and family thought I was gay. I tried telling them, but they wouldn’t believe me. It almost feels like they wanted me to be. Now I’m actually starting to believe them. I know I wasn’t back then, and now I’m not sure anymore.","I agree with Amy. We get a lot of pressure from others and even ourselves to define who we are and what we want at a pretty early age. The truth is, our sexuality can change and grow in directions we never imagined. I may be wrong, but I am getting the impression that you may not want to be gay. That this is something you didn't like others suggesting and now you are uncomfortable with the idea that it may be true. This would certainly be understandable. Your sexuality is YOURS and yours alone. It can be quite frustrating and hurful when others try to define who you are. And it can be equally frustrating when you are trying to figure it out for yourself. The truth is that there are many different possibilities when it comes to sexual orientation. It may help to think about what qualities you find attractive. What kind of person can you see yourself being attracted to? Someone smart? Funny? Loves dogs? If you look for these qualities in a person they may lead you to being attracted to someone of the same sex, but maybe not. At least you would be choosing someone based on values and qualities that you love and admire. Another idea is to chat with a counselor, if you are interested. Preferrably one who has done some training in affirmative therapy. Be well and be you..Robin  J. Landwehr, DBH, LPC, NCC"
"In middle school and high school, my friends and family thought I was gay. I tried telling them, but they wouldn’t believe me. It almost feels like they wanted me to be. Now I’m actually starting to believe them. I know I wasn’t back then, and now I’m not sure anymore.","Use this time to explore who you are...imagine what your life would be like if you were gay and not, ask yourself what is different? What scenario do you find yourself gravitating to?  What is important is that you are happy. My message to you is that you do not need to define yourself with your sexual preference or feel the need to label yourself, especially if you are confused and exploring what your sexual preference is."
"I'm a guy. If I don't like girls, nor do I like guys, does that mean I'm gay?","It doesn't sound like you are finding yourself attracted to anyone.  It could mean that you just haven't connected with anyone you find attractive, or that you are asexual - essentially not oriented toward anyone.  I would suggest doing some reading on asexuality and see if it connects to how you feel!"
"I'm a guy. If I don't like girls, nor do I like guys, does that mean I'm gay?","Hi, and thanks for your question. I agree with my colleagues about researching asexuality, but I want too add a couple of things about that:Here is a website that you can start with to get some information about asexuality - http://www.asexuality.org/home/There are a whole lot of myths surrounding asexuality. One is that people who are asexual have absolutely no interest in sex, and that is not always the case. There are variations of asexuality. Some people who are asexual have an interest in sex and others don't. Also, once you read more on this topic, you may find that you don't connect with asexuality either, and that is okay. Our society usually thinks of sexual orientations as only being straight, gay, lesbian, or bisexual, but the truth is there are many variations of sexual orientations. Keep exploring. There is a good chance that there is a community of people who feel like you do. Finally, labels are important for a lot of things, but labeling ourselves can sometimes lead to some painful feelings. Try not to feel pressured to label yourself too quickly. This is your journey. Your experience. Take all the time you need. You may never feel the need to label how you feel, and that is okay, too. Hope this helps. Be well.Robin J. Landwehr, DBH, LPC, NCC"
"I'm a guy. If I don't like girls, nor do I like guys, does that mean I'm gay?","No, it does not necessarily.  Your sexual preference is based on who you ARE attracted to, not what does not turn you on.  If you find you have no sex drive at all, this is called asexual.  But you did not mention what you do find arrousing either.  Hope this helps."
"I'm transgender, I know I am, but I've only told a few friends. I know I can't tell my family because of previous conversations we've had. They just wouldn't accept it.
 My gender dysphoria is getting really difficult to deal with on my own. I need some strategies for dealing with it. What should I do?","Hi. It can be difficult to handle such a transition on your own. I work with clients to understand their needs and wants. This can involve how to communicate effectively with friends, family, and other loved ones; or, learning how to have self-acceptance. I strongly recommend speaking with a licensed clinician one on one to help facilitate the change you are looking for."
"I'm transgender, I know I am, but I've only told a few friends. I know I can't tell my family because of previous conversations we've had. They just wouldn't accept it.
 My gender dysphoria is getting really difficult to deal with on my own. I need some strategies for dealing with it. What should I do?","Hello, and thank you for your question. I am so glad that you reached out for help. I know that the dysphoria can feel nearly impossible to handle, especially since you have limited support from people who accept who you are. You may already know some of these resources, but I am going to share a few. 1. The website www.letsqueerthingsup.com is a blog from a very good writer that I know. His name is Sam Dylan Finch, and he is transgender. He writes about mental health, transgender issues, and many other topics. I know he has frequently written about gender dysphoria and ways to manage it. You may want to check out his site and do a search on there. 2. The website www.everydayfeminism.com employs many transgender writers and several have written about gender dysphoria and have given ideas for managing it. If you search for gender dysphoria on their site, many articles pop up. It may be a good resource for you, especially if you ever feel lonely and start to forget that there are others out there who are like you and have your back. 3. I am not sure where you live, but there are counselors who specialize in affirmative therapy, which is what is recommended for folks who are part of the LGBTQ community. So, if you decide to see a counselor about the dysphoria, try to find one that specifically says they have been trained in the affirmative approach. In addition, feel free to ask questions of the counselor before agreeing to see them for counseling. An ethical counselor would have no problem answering them before having you come in. 4. If there are some LGBTQ resource centers in your area, try to reach out to them and see if there are support groups. Gaining more support from others would be helpful. Sometimes LGBTQ-friendly counselors leave their contact information for people in resource centers. 5. Finally, I know you have not mentioned being depressed or suicidal, but I also know that it is very common for people to consider suicide when they are struggling with dysphoria, dealing with transphobia, etc. If this ever happens to you, please call 911 or the Trans Lifeline. It's free at 877-565-8860. Visit their site at www.translifeline.org. I hope some of these ideas help. Feel free to send another message if you have a follow-up question.Be well....be YOU.Robin J. Landwehr, DBH, LPC, NCC"
"I'm transgender, I know I am, but I've only told a few friends. I know I can't tell my family because of previous conversations we've had. They just wouldn't accept it.
 My gender dysphoria is getting really difficult to deal with on my own. I need some strategies for dealing with it. What should I do?","This is a difficult situation to be in, as it sounds like you are feeling very isolated from both your family and your friends.   I don't know your age or gender so please excuse any incorrect assumptions about you being under 18 and use what is useful from the ideas if you are older.  One idea is to research online to find a therapist or a local clinic that has a therapist who is a ""Gender Therapist"" or a ""Gender Specialist.""  Most therapists who are transgender affirmative also have other specialties and do general therapy.  Though I don't think lying to your parents is a good idea, if you feel you truly can't talk to them about your gender, then perhaps you can find a therapist with a specialization in gender identity who can help you cope with your gender dysphoria.  You can let your parents know that you would like to see that particular therapist for other reasons, such as anxiety/worry, and that you researched them and liked their website.  Work to find a therapist who takes your parents insurance if you can.  You can also talk to the therapist on the phone first, before you talk to your parents about scheduling the first therapy visit. Therapists can help you learn some ways to manage feelings of worry, shame, and fear related to gender dysphoria. Depending on your family situation, many therapists will work to help you learn skills to safely communicate with your parents about what is troubling you.  Your parents may actually surprise you and be more accepting than you think.  Usually when parents learn that you are suffering, they want to be open to learning how they can help you, even if awkwardly at first.Reframing is a tool that helps you think about your situation from other perspectives.  It's kind of how you can look at the same picture with a different picture frame and it makes the same picture look a little different.   Keep in mind your situation is probably temporary and think about in the context of your whole long life (can you tolerate another 2 to 4 years living like you are if you have another X number of years to live?).  If you are living at home, you will eventually be more independent and be able to make more of your decisions about your gender expression. Keep the idea in mind the concept that is popular in mindfulness classes I teach, that ""This too shall pass"" or ""This is only for now"" when you start to feel hopeless. If you start to over focus on your gender or body issues, try to distract yourself with things that make you feel happy (your pet, music, art, sports etc) or stay busy.  If you can, find any GSA or LGBTIQQ youth group that you can attend confidentially, further away from home, to get some support.  Work to find an ally, one person, that you can talk to about what you are feeling. Making new friends online through social media can sometimes be a start in breaking down the isolation you feel. Another idea, if you are under 24 years old, there is a phone line (866-488-7386)  to call in case you are ever feeling you are in crisis.  You can also text chat! Trevor Project: http://www.thetrevorproject.org/There is also a trans teen online chat group if you are 12-19 http://www.glbthotline.org/transteens.htmlIf you are an adult you can get numbers to call in your state if you start to feel suicidal:http://www.suicidepreventionlifeline.org/Day to day, can you creatively work on your gender dysphoria?  Yes!  Are there ways you can focus on parts of your body you love?  Can you focus on that when you look in the mirror?  Are you a writer?  Can you write stories or poetry about the life you imagine for yourself in the future?  Can you do small things that help you get more in touch with your gender day to day like making small choices about your clothing, like wearing clothes that are more unisex,  that only you know are gender related but others won't notice?  You cannot force others to accept you but you can work on your self-acceptance and self-compassion. That work is something that is best done in the company of others like you as well as with at least another person who gets you and whom you can trust.  Good luck to you!"
"I'm transgender, I know I am, but I've only told a few friends. I know I can't tell my family because of previous conversations we've had. They just wouldn't accept it.
 My gender dysphoria is getting really difficult to deal with on my own. I need some strategies for dealing with it. What should I do?","Hi! I am so glad you're reaching out!  Sounds like you have some solid support in some areas of your life but are still dealing with some difficult dysphoria.  I think it can depend on what kind of dysphoria you have - sometimes it's physical, social or mental.  Sometimes physical dysphoria means less time around mirrors or plans to make showering less stressful (music, audio books, distraction).  Sometimes online support networks can be a great source of ideas in this way (for social and mental dysphoria as well).  Some of my clients do things that help them feel better in their bodies that don't require anyone to know (hair removal, binders, packing, hormones,) and other things.  I recommend stopping by a website called Conversations with a Gender Therapist. There are some awesome videos there that might help you!  I hope this helps some!  Don't forget to try to connect with other trans folks (even online) - it can be a great relief to know you're not alone in how you're feeling! Best of luck!!"
"I have been noticing myself really enjoying watching/reading about gay or lesbian couples. I've also been imagining what it might be like to date a girl, and I like the idea. I also find guys cute too. Does this make me bisexual?",Hello!  Thank you for your question.  Exploring your sexual orientation and attraction is a wonderful opportunity to get to know yourself!  I would be curious to know what feelings you might have related to the possibility of being bi; What messages you may have received related to this orientation and any concerns you have about possible sexual orientations.
"I got sick really bad and was throwing up for three days and nights. I thought I was going to die. Then about a week later, I started having this desire to be female. I never had this desire before. All I can think about is being a woman. I don't get pleasure from my penis anymore either. Women are attractive, but not like before. I can also find men attractive now. I'm too ashamed to tell anyone.","Hello, and thank you for reaching out to ask for help. Surely this is a very confusing time for you! If you have never had these
feelings and desires it could certainty shake everything you thought you knew
about yourself. 
My guess is that you becoming sick around the time that this
started is likely a coincidence, but I understand how you would make the
connection. 
I have a feeling that a few things may be going on here. It
is really hard to say since I don’t know you, how old you are, etc. But, I will
share you with you some thoughts. 
Some people, when they have undesirable thoughts that really
surprise them, have a really tough time getting rid of them. Our reaction to
the thought can be very strong and our tendency to try to block it out, stuff
it, avoid it, etc. is not always successful. In fact, it’s usually not. 
It’s like telling you not to think of pink elephants. I
would be willing to bet that you thought of a pink elephant just now. 
So, rather than fighting thoughts that you find confusing,
sometimes it is helpful to allow yourself to explore the thought with curiosity
and without judgement. Where is this thought coming from? What are my feelings
about it? Asking yourself these questions may help you come to a resolution
about what is going on. 
One possibility is that you have developed an anxiety about
your thoughts and now you are in the process of obsessing about them, but
another possibility is that you are legitimately exploring your sexuality and
gender. I get the feeling from your question that you do not want to believe
that it is second possibility. And that is okay. 
You can try some of my suggestions, but you can also see a
counselor who may be able to help you work through your confusion. I would
suggest someone who has experience working with sexuality issues. You can
usually find out what a counselor works with on their website. What is
important is that you find someone who is non-judgmental about what you are
experiencing. 
 
I wish you well.
Robin J. Landwehr, DBH, LPC, NCC"
"I'm a teenage girl. I don't know if I'm straight, bisexual, or gay. I've been straight all my life, but a sudden rush of questions have come over me, and I don't know anymore.","Being open minded about the type of sexual connection which feels true and real, is a solid starting point.Having questions is a very valuable way of more clearly defining your sexuality.Write one or two of your questions if you'd like a more specific focus to your general search about your sexual preference."
"I'm a teenage girl. I don't know if I'm straight, bisexual, or gay. I've been straight all my life, but a sudden rush of questions have come over me, and I don't know anymore.","Hi Brentwood, While our society tends to want to put us into categories...slots...when it comes to sexuality, because this is nice and neat and convenient...many people find that they don't fit perfectly into one or the other. All you have to do is exactly what you're doing; be aware of yourself and allow yourself to explore these thoughts and emotions both alone and in connection with a safe partner. The people who love you will continue to love you as you sort through this. You can resist the temptation to please others by giving yourself a label. We are attracted to, and fall in love with, people...and we can't always predict what gender they might be. I love how open you are to discovering yourself. Keep on that track. :)"
I've recently thought that i could be transgender but I've never had the mind of a girl.,"Hello Frostproof,Thinking about becoming transgender and being transgender are slightly different.  This is a topic that is best discussed with a therapist that specializes in LGBTQ issues.  From what you have written it sounds as if you still have some confusion as to where you fit in with the ""labeling system"".  While labels provide a means to quickly identify and classify, they can also feel restrictive or confining.  Instead of focusing on fitting into a specific classification, explore who you are as a person and celebrate your positive qualities and those things that make you uniquely you!  There are many options for you to find a therapist and e-therapy is also an option.  You can try Breakthrough an online service.   Here is some reading for refection that you may find helpful.  Yin Yang Woman Man http://dld.bz/ejVK2  What does it mean to be a woman or a man?"
I feel like I would be more comfortable as a girl even though I still like girls. I think I'm like a girl stuck in a guy body. I imagine myself as a girl too. I think this more because my friends say that if I was a girl I would be a hot looking one. And I don't care about having boobs or anything. I just feel like the way that I do act will make more sense if I was a girl.,"I understand that gender and/or sexual identity crises can be very difficult to navigate, although in today’s time I think we have made a lot of progress and it is becoming easier for individuals to find themselves and also find acceptance from society.I am unsure how old you are. If you are a child or teenager, this is a normal time to have identity questions and to be in a phase where you are trying to figure out who you are and what you want out of life. I hope that you have understanding and supportive friends and family that you can talk to and who will support you in how you feel and what you may decide to do. A lot of people, unfortunately, do not, and if this is the case then it makes it harder for you. Because then you may not feel safe exploring these feelings and decisions.I urge you not to try to make any permanent changes for quite some time. By this I mean a sex change. Anything permanent like surgery or hormone replacement to change your actual gender is something that does not need to be done lightly. Please find a therapist that can help you explore your feelings and your identity crisis. Of course there are things that you can do that are not permanent changes. Many people decide to dress like their gender of choice. Maybe experimenting in this way is something that you could do.See if you have a local chapter of PFLAG in your area. PFLAG stands for Parents, Families and Friends of Lesbians and Gays. They are able to help not only with those who identify as lesbian or gay, but also transgendered and asexual. I wish you all the best in your identity crisis. It would be very easy for you to sink into depression if you do not have good support and understanding from those around you during this time. Find a professional that can help, especially if you experience depression or any thoughts of harming yourself."
I feel like I would be more comfortable as a girl even though I still like girls. I think I'm like a girl stuck in a guy body. I imagine myself as a girl too. I think this more because my friends say that if I was a girl I would be a hot looking one. And I don't care about having boobs or anything. I just feel like the way that I do act will make more sense if I was a girl.,Gender is personal thing.  There is not just boy and girl.  It is ok to be a boy and feel feminine and date women.  It is also ok to be a transgendered women and date women.  Have fun with it and feel it out.  What is right for you?
I can't understand what I pay attention to.,"One way to concentrate is that if your mind starts to wonder then remind yourself to bring your attention back.Start with short time spans of expecting yourself to concentrate.  You'll more likely succeed with concentrating with small time spans than longer ones.Once you start seeing your success, this will motivate you to try increasing the length to expect yourself to concentrate.The task of self-reminding is the same, whether for long or short time periods.Also, before starting this exercise ask your medical doctor if the problem can be related to a physical health problem.If there is, then have the possibility ruled out that your difficulty concentrating comes from the mental ability to concentrate, and not some medical reason preventing this.Before someone can engage their psychological will there must be a clean medical body and mind with which to work."
I'm a teenager and I've been sneaking out of my house at night for a year now. I've been caught several times. I want to stop doing this but I don't know where to start. How do I stop?,"I've talked to many teens who frequently sneak out. The question I always ask them is, ""What are you getting from sneaking out that you aren't getting at home?"" Many teens answer they are hooking up, using substances, and engaging in other risky behaviors. As uncomfortable as it might be, I encourage you to talk with your parents or guardians about the reasons why you are sneaking out. What are you getting ""out there"" that you aren't getting at home? A good family counselor can help sort through those issues. Good luck!"
I'm a teenager and I've been sneaking out of my house at night for a year now. I've been caught several times. I want to stop doing this but I don't know where to start. How do I stop?,"When you say you've ""been caught"", I am assuming that means your parents know you've been sneaking out.  If that's the case, could you ask for their help?  Sometimes just knowing someone else is holding you accountable really makes a difference.  That could be as simple as Dad checking in on you at, say, 2 am, just to make sure you are where you are supposed to be.If you are sneaking  out to hang out with friends, find another way to connect with them - if they are truly friends they will want to support you in your resolution to stay put at night.  Maybe you can ask for their support by telling them to stop including you in late night plans.There is likely a reason you were sneaking out, but there's a reason you want to stop too - so get support.  No one changes hard habits on their own!Best of luck to you - you can do this and it will help you change other things in the future."
I'm a teenager and I've been sneaking out of my house at night for a year now. I've been caught several times. I want to stop doing this but I don't know where to start. How do I stop?,"Hi,When we can't stop doing things that we know are wrong, it can help to take a closer look at how we make our decisions. Usually we are getting something good out of these bad behaviors, such as feeling excited or taking our minds off of bad things. It is really hard to change these things without helping us get the good effect in a more healthy way. I hope this helps."
I'm a teenager and I've been sneaking out of my house at night for a year now. I've been caught several times. I want to stop doing this but I don't know where to start. How do I stop?,"Hi...let's start with what's causing you to sneak out of the house?Understanding the motivation behind your actions (in this case...your sneaking out at night) can often times help you create the change you want.  Are you arguing with your parents? Do you feel misunderstood? Alone? Scared? Stressed out? What are you doing once you leave the house? Where are you going? Are people in your home in conflict? Do you feel safer when you leave? Most importantly, reflect on what may be behind the reason for your wanting to leave the house and feeling not in control of your actions?  Talk to someone about what's going on, because maybe that person could help you create the movement you are seeking."
I'm a teenager and I've been sneaking out of my house at night for a year now. I've been caught several times. I want to stop doing this but I don't know where to start. How do I stop?,"This is not totally unusual behavior, but the fact that you would like to stop and cannot seem to be able to points to something deeper. That cannot be unpacked online, but I'm glad that you're in this space and asking this question. Try to find a therapist who seems like a good fit and begin to get to work on this issue and what all is going on for you. You're not alone!"
I'm a teenager and I've been sneaking out of my house at night for a year now. I've been caught several times. I want to stop doing this but I don't know where to start. How do I stop?,"Where do you go and what is your reason to go wherever this is?Try to understand these reasons because the answers may give you good guidance as to other ways to get what   it is your trying to reach by sneaking from your home at night.If for example, you're sneaking out because your parents are arguing and you feel hurt by this and want to escape hearing their arguments, then you can come up with other ways to hear less of their arguments.If you sneak out bc your parents restrict your friends or time to socialize with your friends, and your friends are doing legal and safe behaviors, then maybe you could do some socializing online w them.Also, I wonder the reason why either of your parents isn't aware that you leave the house.  Do you feel your parent would offer and would you ask your parent to give their suggestions so you feel more motivated to stay home?"
I suffer from checking and cleaning OCD. Can counseling help me to get over it?,"Counseling can be very effective for OCD. In particularly, a kind of therapy called Exposure Response (Ritual) Prevention Therapy is considered the 'gold standard' for the treatment of OCD. What this is, is a specific protocol that helps you build relaxation strategies and to increase the amount of time between your checking/cleaning rituals while also helping you to face any of the fears that OCD given you until those rituals and fears are no longer interfering with your life. Research has shown that this kind of therapy may even be more effective for OCD than medication, https://ajp.psychiatryonline.org/doi/full/10.1176/appi.ajp.162.1.151"
I suffer from checking and cleaning OCD. Can counseling help me to get over it?,"Possibly yes, and definitely worth a try.First read about different types of therapy for OCD so that you find a therapist who does the type of therapy which feels best when you read about it."
"I'm a teenager and I get these really intense mood swings.    My mood will be really high and I'll think of something that I want to do. When I start to make it happen I get irritated by other people if they intervene. Then if the thing I wanted to do doesn't work out, I have these tendencies to blame other people for it not working out.    Can you explain what's going on?","Mood swings and getting frustrated when things don't work out is totally normal. Sometimes, we get tied to one thing we really want to do and it can feel pretty intense when that gets interrupted or doesn't work out. This said, you're coming to CounselChat and so I'm guessing this is something that is pretty intense for you and something that you are concerned about. If this is getting in the way of your life, it may be worthwhile to reach out to a therapist or doctor to get some help with this and see if there might be something more going on. While for most people frustration/mood swings is related to typical life and stress, if very intense it can be a sign of a number of challenges ranging from anxiety to a traumatic experience to something like Bipolar Disorder where a person's mood and energy might fly so high (mania) that one feels like they can do anything but often become frustrated when interrupted (note: there is a lot more to Bipolar Disorder than this and this is certainly not a diagnosis). Wish you well!"
"I'm a teenager and I get these really intense mood swings.    My mood will be really high and I'll think of something that I want to do. When I start to make it happen I get irritated by other people if they intervene. Then if the thing I wanted to do doesn't work out, I have these tendencies to blame other people for it not working out.    Can you explain what's going on?","Why do you blame other people who had nothing to do with your actions?If it is because after the fact you wish you had accepted their help, then the person who is responsible for this is you!Since you are aware of your tendencies and how the interfere with your life, try to become aware of when you do these habits.This way you can interrupt your own patterns a little bit at a time."
"I'm a teenager and I get these really intense mood swings.    My mood will be really high and I'll think of something that I want to do. When I start to make it happen I get irritated by other people if they intervene. Then if the thing I wanted to do doesn't work out, I have these tendencies to blame other people for it not working out.    Can you explain what's going on?","Teenagers are prone to mood swings due to developmental and hormonal changes that are rapidly and intensely occurring in your body and mind - so some of this happens to many people in your stage of development. You are not at all alone.You've taken the first and very important step in regulating your moods by just identifying that you are having these intense changes instead of being completely submerged in them and unaware! The more you are able to be a witness to your emotions and thoughts, the more you can learn to manage them. Your question offers several clues for strategies that you can try - for example, identify the warning signs for becoming irritated and plan a response, such as taking a deep breath, informing the person you are becoming irritated and need some space, or find a distraction temporarily like listening to music or going for a walk. Since you are aware of blaming others for things not working out, you can proactively make a personal commitment to taking ownership or personal responsibility by just thinking about it and practicing thoughts such as ""I am responsible for my efforts"" and ""Blame is not helpful for anyone"" and other thoughts that you believe and can repeat related to this insight. When you practice thinking more rational, healthy thoughts, you are actually rewiring your brain, so practice is key!"
"For the past four weeks, I've been having nightmares and hearing voices telling me of horrible things. They're not random voices, but rather, the voices of those I care about.","Hearing voices can be a very upsetting experience to have. I want you to know that a lot of people will hear a voice at some point in their lives and that there are many things that cause voices. Oftentimes, significant stress can offset us to have symptoms like this. There also mental and physical health conditions that can do the same. I strongly encourage you to seek out help from both a doctor and a counselor to help you piece together exactly what is causing your voices. I Once you've got that down, you'll know what to work on. In the meantime, here are some strategies to cope with voices1. Lower your stress levels: Oftentimes stress makes voices worse. What can you do to lower your stress?2. Get enough Sleep: Like stress, sleep deprivation is an awful trigger for hearing voices3. Listen to Music; Music can help you focus on another sound4. Wear headphone or Earplugs5. Use Your Own Voice; If the voices are saying harsh things to you, it can be tempting to talk back and that's okay if you do. However, you cn also use your own voice through singing, whistling, or the like, which can help drown out the voices6. Remind Yourself that What the Voices Say is Not True; Sometimes it Helps to Write it Out7. Draw the Voice or Give it a Name; This can make it less scary and help get it outside of you8. Keep Track of When You Hear Voices to Identify Triggers; These are situations you can avoid while these are so distressful for you9. Be Kind to Yourself; When a Voice is Being Cruel to You it is especially important to be kind to yourself10. Remember that while hearing voices can be disturbing that it is a common experience and something that many people recover from."
"For the past four weeks, I've been having nightmares and hearing voices telling me of horrible things. They're not random voices, but rather, the voices of those I care about.","I would recommend that you talk with a mental health professional near you about the details so you can have some really specific support for what you are going through.I don't know if you can understand when the voices are saying, but I wonder how you feel about what you are hearing? If the voices are just at night, is it possible that they are part of a nightmare or a dream? If you recall your nightmares, consider writing them down so that you can remember their content and work with a mental health professional to look for patterns.One thing that may help you while you are awake is to try to stay connected to the room you're in. For example, take time to notice your feet on the floor, hips in the chair, and shoulders against the back of the chair. You can also try mindfulness techniques, such as noticing what is around you or changing your breathing patterns. These ideas may help in the meantime prior to having more specific ideas from someone near you.Thanks for reaching out!"
"For the past four weeks, I've been having nightmares and hearing voices telling me of horrible things. They're not random voices, but rather, the voices of those I care about.","Voices and dreams could be suppressed feelings or thoughts that result from negative experiences.  Many times when people go to trough traumatic incidents or changes in their lives without being equipped to manage them and as a result they start having similar symptoms. It is helpful to find a therapist to talk to about those dreams and voices, once you get them out, you could analyze the concerns and fears that they reflect and normalize them, which will also be a good time to discuss their source, if any traumatic event has occurred in your life.  Also, I recommend to journal your dreams, especially if they keep you awake at night, and meditate after, so you could go back to sleep.   ¿Cómo puedo hacer que los sueños y las voces desaparezcan?Durante las últimas cuatro semanas he estado teniendo pesadillas y escuchando voces que me dicen cosas horribles.  No son voces que hablan al azar, pero voces de las personas que me importan.Las voces y los sueños pueden ser sentimientos supresos o pensamientos que resultan de experiencias negativas.  Muchas veces estos síntomas surgen cuando las personas pasan por situaciones traumáticas o cambios que no estaban preparados para enfrentar.  Es útil encontrar a un terapeuta con quien puedas hablar de esos sueños y voces, y aprender a normalizar el contenido de los mismos.  También sería un buen momento para discutir cualquier situación traumática que te haya ocurrido. Además te sugiero que escribas tus sueños, especialmente si te mantienen despierto  en la noche, y que medites luego de escribirlos para que puedas volver a dormir."
"For the past four weeks, I've been having nightmares and hearing voices telling me of horrible things. They're not random voices, but rather, the voices of those I care about.","Are you in the middle of extreme emotional pressure right now?Or, is someone with whom you're close, under stress or somehow suffering?Dreams and nightmares are when our feelings and pressures we feel, try working themselves out without logic and language.Even though the nightmares are horrible, they are one way your psyche is trying to come to terms w extraordinary difficulty in your life or someone's life whom you feel greatly attached."
"For the past four weeks, I've been having nightmares and hearing voices telling me of horrible things. They're not random voices, but rather, the voices of those I care about.",It's important to take a look inside and find out why you are experiencing these feelings. It could anything and it will change your life to know what your particular issue or trigger is. Please contact us a call with the method that is most comfortable for you.
"For the past four weeks, I've been having nightmares and hearing voices telling me of horrible things. They're not random voices, but rather, the voices of those I care about.","Write down your nightmares and discuss them with an analyst or psychotherapist who specializes in dreams, as I do. If you are hearing voices while awake, see a doctor right away.  If the voices are strictly in your dreams, do call for therapy and talk to your caring others about what's happening."
My doctor seems to think I am in danger of having one. I neglected to ask how this was different than an episode. I have been formally diagnosed with bipolar type 1.,"I do not think there is such a thing as a psychotic seizure, however, there is something called a pseduoseizure or psychogenic non-epileptic seizure. Basically, this is when a person shows signs of a full-on seizure (such as falling and convulsing) but they are not producing brain waves consistent with a seizure. Psedoseizures tend to be brought on by high stress, emotional challenges, and trauma history. You can learn more here, https://www.ncbi.nlm.nih.gov/books/NBK441871/ Still, the best way to now what your doctor meant would be to ask them! :)"
My doctor seems to think I am in danger of having one. I neglected to ask how this was different than an episode. I have been formally diagnosed with bipolar type 1.,"The best path is to ask your doctor what s/he meant when telling you about your high risk for psychotic seizure.Your doctor knows you better than any of the therapists who write on this blog.   And, because your doctor knows your health, will likely have suggestions and advice for you regarding the seizures s/he thinks you may develop."
My doctor seems to think I am in danger of having one. I neglected to ask how this was different than an episode. I have been formally diagnosed with bipolar type 1.,"I will admit that I'm not specifically familiar with this from my own experience.My best educated guess is that you could have a seizure during which you have some sort of symptoms similar to a hallucination (which is one of the psychotic symptoms) when you hear or see things that aren't really there.In looking briefly online, I was able to find some information here: http://www.epilepsy.com/information/professionals/about-epilepsy-seizures/psychiatric-and-behavioral-aspects/psychiatric-2It sounds like this would be a symptom in addition to an already existing seizure disorder, not a seizure disorder in addition to a mental health problem. If it is the other way around, I'm not sure how that would work. It is common with some types of seizures to have an altered state of reality during or shortly after the seizure, so that could also be related.I would suggest you talk to your physician about this directly so that if they are worried about this, you can learn more about what is making them concerned about it and what, if anything, you could do to lessen the likelihood of it or how to handle it if it does happen."
"Often times I find myself thinking scary thoughts and sometimes I even scare myself into thinking that something bad is going to happen to me. Once it starts, the thought continues going through my head and I can't get it out. How can I stop these thoughts?","Scary thoughts can feel overwhelming at times as well as feeling quite real. I want to acknowledge how scary they can feel, but there is hope and new skills you can learn to work with these types of thoughts. The first step in working with scary or negative thoughts is to acknowledge that they are just thoughts and we can choose to follow the scary thought streams or work with cutting them off or ignoring them. I also realize that might seem really hard to do, but here's a good way to think about the brain and how thought patterns work. Thoughts arise in the mind all the time, our brain is a thought machine. Many thoughts drift by like clouds and we don't pay any attention while other thoughts arise and they trigger us in a particulate way, i.e., scary, angry, happy, sad, and when those thoughts arise we can chose to pay more attention to the thought which can lead us down that particulate thought stream that will lead to fear and anxiety. So, how do we work or stop those scary thought streams? One new skill to implement comes from the work of Rick Hansen, he wrote the book Buddha's Brain,"" he teaches that we need to give more energy and attention to the positive thoughts or positive memories we hold in our mind and pay less attention to the negative thoughts. Hansen asks us to imagine the brain this way, the brain is like Velcro with negative thoughts and like teflon when it comes to positive thoughts. There are reasons that our brain works this way, but I don't have time to go into all of that in this response. So, it's just important to remember we have to work at positive thinking, actually pausing throughout the day to focus on positive feelings and memories,  this will help the mind reinforce positive thought streams and help reduce negative thought streams over time. If a scary thought arises try to replace it with a happy experience for at least a couple of moments, and see if that helps reduce the negative charge connected with that scary thought."
"Often times I find myself thinking scary thoughts and sometimes I even scare myself into thinking that something bad is going to happen to me. Once it starts, the thought continues going through my head and I can't get it out. How can I stop these thoughts?","There are some great thoughts offered by others here. I would just add that typically the most natural response to fearful thoughts is to want to stop, avoid, or get rid of them - which doesn't work if you're really caught up in a cycle of OCD or other form of anxiety. In the long run, the more effective thing to do is the harder and less intuitive option: to have those uncomfortable thoughts on purpose. This may mean writing out in detail what the worst case fear you are thinking of is, and then reading it over and over again until it becomes boring. It may also mean pausing through the course of the day to merely observe all the thoughts going on, and realizing that thoughts are merely thoughts. They are not the same as reality, and the unpleasant ones can become a lot less scary when we realize we can coexist with them without them coming true."
"Often times I find myself thinking scary thoughts and sometimes I even scare myself into thinking that something bad is going to happen to me. Once it starts, the thought continues going through my head and I can't get it out. How can I stop these thoughts?","Such a great question! I'm so sorry you are struggling! You may be experiencing Intrusive thoughts.  These are thoughts that seem to come from no where and victimize us.  I can strongly recommend a book called ""When Panic Attacks"" by Dr. David Burns.  It helps you to identify the thoughts, and the help you create ways to counteract them!  There is another technique, called Thought Stopping. Thought Stopping can be as simple as saying ""Stop!"" loudly (if you are alone) or in your head, if you are in public.  It's a quick way to distract you from the distressing thought, and allow you to refocus.  I recommend using this technique, followed by some deep breathing, while visualizing something that helps you feel relaxed (a favorite place, a pet, etc.).  These three things in conjunction can be of great assistance. One key component in addressing anxious thinking is building the skill of relaxation.  I recommend an App called Headspace which teaches relaxation through some simple guided mediation. Super easy to do, and a great way to begin to build relaxation skills.  Plenty of sleep and reducing caffeine intake can also be things to explore. Hope this helps!"
"Often times I find myself thinking scary thoughts and sometimes I even scare myself into thinking that something bad is going to happen to me. Once it starts, the thought continues going through my head and I can't get it out. How can I stop these thoughts?","Hi there,I first want to let you know that having these thoughts is completely normal. Studies have been done that show that 80% of human thoughts are ""negative"" so you are not alone. I like to think of thoughts as a tornado... if you are in a tornado, you are completely consumed by it and it is nearly impossible to do anything beneficial. However, when you are, let's say, a mile away from a tornado, it is still scary but you have the option to do something that is important to you such as get shelter or make sure your family and friends are safe. When unhelpful or scary thoughts arise, we tend to start a ""war"" with them, which is the equivalent of jumping into the tornado. This makes the thoughts and emotions bigger and intensifies the feelings that go with them. So the question I imagine you have is ""how do I get out of the tornado?"" There are 3 steps to doing this:Get distance from your thoughts by adding ""I am noticing I'm having the thought that...."" to the front of them. For example, ""I am noticing I am having the thought that something bad is going to happen to me.""   The purpose of this is not to decrease your fear or get rid of the thought. These thoughts might always be there and that is okay because that is how the mind naturally works so struggling with that is a waste of time and energy. The purpose is to gain some distance from the thoughts so you don't get swept away by them. You can imagine them floating along like leaves in a stream or clouds in the sky (and often the same thought will come back again and again but that's okay... just continue to notice it with curiosity). I imagine the thoughts get in your way of doing what really matters to you so if you can get a little bit of distance, you can do things that are fulfilling and meaningful to you. Tune into your body and notice what sensations come up and where you feel them most intensely. Then breathe into them and make room for them. Our 5 main emotions are: joy, sadness, fear/anxiety, shame, and anger. ALL of these emotions are part of being human and there is no escaping them. So again, struggling with them ends up intensifying them. Instead, let them be and make a little bit of room for them. Often a side effect of this is the intensity will decrease but it might not. The purpose is to keep them from becoming more intense. Contact the present moment. Notice what is happening here and now. One way of doing this is tuning into the five senses. What are some things you hear, see, taste, smell, and feel? Another way is to notice what is happening in your body (without trying to change it). How deep are your breaths, what is happening with your heart rate, are you cold/warm, etc?Implementing these three steps can help you to refrain from getting caught up in your unhelpful thoughts. Unfortunately there is no way to get rid of thoughts or feelings completely. So the only option that works in the long run is to accept them while continuing to do what matters to you and what is fulfilling to you.I hope this helps!"
"Often times I find myself thinking scary thoughts and sometimes I even scare myself into thinking that something bad is going to happen to me. Once it starts, the thought continues going through my head and I can't get it out. How can I stop these thoughts?","I'm sorry you're going through this problem of scary thoughts in your mind.None of us are able to directly stop thoughts from coming.What is possible is to question their value, accuracy, and believability.Maybe if you examine the thoughts which upset you, you'll be able to feel better by understanding that the thoughts are not very relevant to your actual life.Also, another choice of what to do with the upsetting thoughts, is to redirect them.  When a stressful or frightening thought shows up in your mind, give it a happy resolution.   Basically, turn the fright into something pleasant or at least bearable.I hope this helps you at least a little bit!"
"I'm a teenager, and I created a sort of imaginary friend to help me cope with stressful situations or if I'm worried or upset. She ""gives me advice"" and comforts me and tells me it'll be okay. I've given her a name (Solace) and created a personality for her that's like a comforting motherly figure. I know it's just my own advice and my own thoughts, but it's just that I'm thinking of them through a voice other than my own. I do this because I know I never really listen to my own advice, and I thought it would be better if it was through someone else who knew my thought process in and out, through this imaginary friend. Is this normal? Could it develop into a separate personality with time if I continue a mentality that she is her own person?","Hi, I'm Amelia! You know, it does sounds like you have imagined a motherly comfort figure for yourself. Sometimes, when I have a person in my office that is very self-critical, I have him/her speak to his or herself as though he/she were speaking to a loved one. Isn't it sad that we speak to others more lovingly than we do ourselves?If you have not received empathy, nurturing, or comfort from a caregiver, it is hard to internalize empathy, nurture or comfort from the inside. There is a saying that ""We have been hurt in relationships and we can heal in relationships."" Healing and growth are best provided in the context of healthy relationship. How about going the next step and finding a compassionate therapist or loving mentor that could actually provide you with the comfort that you need. You deserve to be seen, heard, noticed, and valued. I am wishing my very best to you!"
"I'm a teenager, and I created a sort of imaginary friend to help me cope with stressful situations or if I'm worried or upset. She ""gives me advice"" and comforts me and tells me it'll be okay. I've given her a name (Solace) and created a personality for her that's like a comforting motherly figure. I know it's just my own advice and my own thoughts, but it's just that I'm thinking of them through a voice other than my own. I do this because I know I never really listen to my own advice, and I thought it would be better if it was through someone else who knew my thought process in and out, through this imaginary friend. Is this normal? Could it develop into a separate personality with time if I continue a mentality that she is her own person?","Since you are saying that you know that the thoughts are yours and your thinking of them in a different person's voice to make them easier for you to follow through on, it doesn't sound like it could develop into another personality.It may be helpful to also find other things that give you comfort and to practice telling yourself that it will be okay in your own voice. If you start to do that slowly, it may be more comfortable for you. If you're following following through with your own advice, it sounds like some part of you knows that you are making choices that you agree with.What else gives you comfort? Maybe there's a room that you like to be in when you are home or a certain outfit or color that makes you feel good. Focusing on these things may also be comforting to you."
I read that you should ignore them and they have to come to a conclusion that they were wrong on their own terms. Is that correct?,"It is not correct because someone who is narcissistic believes they are always right.If you ignore the person, then their thinking is that there is something wrong with you.Ignoring the person to the degree this is possible in the situation or relationship, will spare you to be misunderstood further."
People always judge others so rudely.,"I agree with you and this is emotionally painful to watch or be on the receiving side.Depending on who is the person doing this and your relationship to them, it is possible to kindly point out that the person may unnecessarily hurt someone's feelings.If you express your thoughts and give your guidance, then whatever the person does afterwards, you have the peace of knowing you tried to redirect this behavior."
"I've developed a really intense and unexpected attraction to An actress after seeing her in a ballet uniform while guest starring on a television show. I try, but I can't get her out of my mind. What should I do?","Why not make good use of your unexpected attraction to study the features you consider attractive in someone.Attraction based on physicality is normal.  As long as you have no negative thoughts of doing harm to the person or yourself which are connected to the attraction you feel, and so long as your attraction isn't stopping you from doing your daily life responsibilities such as work, to take care of your daily needs and any responsibilities you have for other people, then eventually it will lose its power on you."
I am extremely possessive in my relationships and this is hurting my friendships. How can I fix my underlying issues?,"Hi there. It's great you are able to realize there are other issues going on with someone who feels possessive. At the root of it is fear. Fear of losing someone, fear of being alone, fear of not being good enough. All those fears can lead to low self-esteem and feeling like you have to control other people so you don't lose them. The thing is, controlling other people only pushes them away. Vicious circle, right? What I would suggest is some cognitive therapy to change those underlying ways of thinking. You can start with this assignment. Write down all the things you think about yourself, positive and not-so-positive. Then rewrite those not-so-positive things so they are positive. For example, thinking something like, ""I'm too pushy"", can be rewritten as, ""I'm assertive and I go after what I want."" It can be hard to do since we tend to get ""stuck"" in our negative ways of thinking about ourselves. If you have someone you trust, you can ask for their help as well since most likely they see you differently than you see yourself.Finding a good cognitive therapist can help you further, but if that's not an option for you right now, there are lots of self-help books and websites that are out there. You've already taken the first step, so keep moving forward."
"I know I'm ruining my life with a lot of the decisions I make. I consistently tell myself I need to make some serious changes in my life, but I just can't seem to even though I really want to. Why can't I force myself to change?","Hello, and thank you for your question. Changing unwanted behavior is one of the hardest things a person can do. I agree with Sherry that being patient with yourself is important. Here are a few things I would suggest:1. Get clear on the behaviors you really want to change, and make sure they are behaviors that CAN be changed. Sometimes we will set a goal like, ""I want to be more confident"" but that is hard to measure and prove to yourself that you accomplished it. Saying you are going to accept a date or go on a job interview is something you can actually do, and something that you may consider to be demonstrating confidence. Whatever your change of behavior is, make sure it is something you can actually change. 2. If you are going to give up a behavior, decide what you are going to do in place of it. So, if you are going to stop showing up late for work, then you are deciding to be on time for work and demonstrating your value of being punctual. 3. If you are going to make changes, really nail down WHY you want to make them. What is it about making these changes that is important to you as a person? For example, if you have the goal of weight loss, the reason this is important to you as a person may be because you value self-care. Knowing WHY you want to make changes is both your motivation and your compass for getting there. 4. Once you know WHY you want to make these changes, I strongly suggest setting small goals. If you set too high of goals you may not accomplish them and just feel worse. So, make the goal small, realistic, and guided by the the things you want to be as a person. 5. As Sherry mentioned, finding a counselor is sometimes a good idea if you really feel stuck. Any counselor who does work with goal-setting and motivation can probably help. Be well,Robin Landwehr, DBH, LPCC"
"I know I'm ruining my life with a lot of the decisions I make. I consistently tell myself I need to make some serious changes in my life, but I just can't seem to even though I really want to. Why can't I force myself to change?","In general the reason people aren't able to change is because the person feels a sense of fear to change.What the roots are of this fear are usually easiest to identify by talking with someone whom you trust and feel safe to talk about your inner thoughts and emotions.If you haven't got someone like this in your life, which is common, then shop around for a therapist because a therapist is someone who is professionally trained to listen in a way which helps someone know more about who they are.Be patient with yourself too.  Change sometimes feels much scarier and is more complex than simple compared with whatever you would like to change."
"I don't feel like myself anymore. For example, I could walk up an entire flight of stairs before realizing that my legs are moving. I feel like I’m watching my life be lived by someone else.","You may be experiencing a form of dissociation called depersonalization.  People with this type of dissociation may feel disconnected from their bodies, feel that they are watching their bodies from a distance, or may not recognize their image in the mirror.  Dissociation sometimes occurs after someone experiences something traumatic.  I would suggest working with a therapist who specializes in dissociative disorders as dissociation does not typically resolve on its own.  On my website, I have some information specific to dissociation that you may find helpful.  Best of luck to you."
"I was with my friends fishing by a pond. I found a frog and stabbed it with my friend's knife. I'm not sure why I did it. My friends saw me do it it and were shocked and got really mad at me.
   Now if someone brings it up I get really upset and panicked. I don't know why I feel like this. Does this mean there is something wrong with me?","The good news is your awareness that being violent to animals feels out of character for you.   I'm glad you have awareness and I'm glad you are not at ease with killing frogs.Fairly likely that you were acting out aggressively toward the frog, feelings of being on the receiving side of similar type of violence.Basically, you did unto the frog what someone has or to you, feels like, has been done to you.Use your surprising finding of how strong your anger and most likely inward pain.   Reflect on your closest relationships and how these people treat you.   It is possible you feel more hurt by someone who is close to you than you ever realized.Stabbing innocent frogs is wrong.  It is understandable as a way to show you how much inner pain you probably have.It is also wrong that someone close to you hurt you.The direction to go is to recognize your pain and then decide how to go about changing what is possible on your side of that or those relationship(s)."
"Sometimes, when I look at my pet cat, I think about how innocent he is and how somebody could hurt or kill him. It makes me sad because I love him, but I always think about how helpless he is. There've even been split-seconds where I felt almost tempted to kick him, followed by shame and guilt.","A lot of different things could be happening here. Do you feel angry or sad or anxious when you think about how helpless he is? If you have not actually kicked him, then I would encourage you to look at feelings other than guilt, since you did not hurt him. What else is there?It would probably be very helpful to talk with a therapist about the specifics of this so that you can see what else is happening for you. It could be that you feel safe with your cat, so strong emotions come up because you feel safe."
"She was diagnosed a type one diabetic two years ago and had a very tough time dealing with it. She has an attachment issue also; her mother just moved to a much nicer home, and she gets angry and demands to go back to her prior home. We do not understand what is going on, and it is driving us crazy.","There are many possible answers here. It could be that she misses friends, that she felt safe in the other house (emotionally safe and comfortable), or dozens of other things. Will she talk about it when she's not mad? You mentioned that she has an attachment issue. It could also be that she was attached to the house. It's not the same as being attached to a person, but possessions and safe places certainly mean a lot."
"My daughter basically freaked out out of nowhere over me saying “calm down” when she dropped her phone. Within seconds, the situation escalated to her kicking me out on the curb, saying horrifically unspeakable things, and her calling the cops on me. She seems unable to stop herself at times.","Bipolar disorder has a lot of different components. If this is a one-time event, it could be that your daughter had an intense moment of anger and the phrase of asking her to ""calm down"" may have made her feel as though you weren't understanding what she was saying. Bipolar disorder also includes feelings of depression. When this is coupled with intense anger and acting or speaking without thinking, these can be part of bipolar disorder, but that wouldn't be the whole picture of what bipolar disorder would look like. It may be helpful to track differences that you notice in your daughter's mood and any patterns related to the times of day or what seems to lead her to be upset. Patterns are very helpful in figuring out what is happening."
"I've tried working out and eating fruits and vegetables, but I always seem to eat the junk in the house.","I know some people do better when they don't have as much junk food in the house. This is not as tempting then. Having said that, maybe you can reward yourself with different things, such as having dessert on certain days. If you are concerned about mostly eating habits, consider seeing a nutritionist. They can help you find the balance between what it is that you really want and your goals. I'm not sure how this links to happiness for you, but hopefully looking at your choices can lead you toward your goal of being healthier."
"I've felt this way for two years. I feel so much better now then I did when it started, but it is still there in the back of my mind at all times.","Best answer that I can give to you is that some level of de-personalization is quite normal for everyone, it will come and go throughout life, kind of like being on a roller-coaster, ""here it is, then it's gone not to return for quite some time"", like many things, the more that you fixate on it, the more stress it will cause you, consider it part of life, accept it, and move on, now if your having many, many ,many of these episodes or have some auditory or visual hallucination or disturbances or emotional unbalancing that accompany it than that is definitely something to look at, but for the most part nothing to worry about. Hope this helps,C"
"It's been like a couple of years that I've been feeling like this. I don't want to self-diagnose, but I get so sad and cry and then I feel better. But then I get upset with people so quickly, and I hurt their feelings. It's this constant rollercoaster, and it's hard.","Hello, and thank you for your question. Bipolar disorder is generally characterized by extreme changes in mood, ranging from mania (highs) to depression (lows). There are different types; however, so here is a website that gives you a list of symptoms for mania and depression in bipolar disorder: http://www.webmd.com/depression/guide/bipolar-disorder-manic-depression?page=2After reviewing these symptoms, if you believe you may have bipolar disorder, then you may want to see your primary care provider or a counselor. Bipolar disorder is treatable, but for many people it requires the right medication and sometimes counseling to help people make behavior changes that are important for bipolar management. For example, some people may not get regular sleep, but proper rest is important for bipolar management. A counselor may talk to you about this and other lifestyle changes that you may need to make. The good news is that many people live happy, healthy, and productive lives with bipolar disorder. So, if it turns out that you do have bipolar disorder, it doesn't mean that things can't get better. There is currently no ""cure"" for bipolar disorder, but with proper medication and lifestyle management, people can do quite well.Hope this was helpful. Be well.Robin J. Landwehr, DBH, LPC, NCC"
I just need to know if I'm really crazy or not.,"Do an internet research on psychosis symptoms and see if you have several of the symptoms.  If you do, seek a medical evaluation from your primary care physician.  There are great medications and psychotherapy that can help you live your life to the fullest.  There a many people who are diagnosed with psychosis and living a productive life."
"I start to think of an issue that doesn't even matter or something bad that happened years ago. Then, I cry, pull at my hair, plug my ears, hit myself, and throw things. In loud public places, I get on edge and start being sarcastic and moody. I have an awful fear of people leaving me (which normally ends up happening) and I feel like I'm too clingy.","There is a reason you are having breakdowns. I can't agree that they happen for ""no reason at all"".   Finding out the reason is going to be your biggest challenge because that may require you to dig deep into your past, uncover hurtful experiences, or recognize something that would be extremely pain.  However, if you don't find professional help to carefully guide you through whatever you may confront, the symptoms mentioned will continue and may even get worse.  There is a light at the end of the road but you need some help to find the right road to get on so you can see it."
"I have an ex-boyfriend who just lies about everything. He is super lazy. He lies to everyone that he has a good job, builds trust, and then start borrowing money—and large amounts too. It has come to the point where he has gone through several group of friends. He is leaving a trail behind full of friends in debt because he would put on a sob story, borrow money, then disappear. He refuses to work, so he sits at home playing games all day and either lies to his mom for money or lies to his friends. I used to think his lying was due to his drug habit, but now I'm hearing from other ex-friends of his that this started even before the drugs got into his life. He would borrow anywhere from $5,000 to $50,000 from everyone and it would all disappear. He's in debt with bills. He doesn't gamble, but he spends his money on random stuff.
   Although he has this habit of lying compulsively and spending money, he seems to be a good person. He'll always give a homeless person all his change no matter what. My brother has epilepsy and is really antisocial—my ex-boyfriend makes an actual effort to socialize with my brother. He takes him out to the movies and plays video games with him. He drives me to school and work every day and picks me up—just basically the small things that add up to the fact that he's not totally a horrible human being. Is he just simple a pathological liar or is there something that could possibly be deep down in there?","It sounds like you have some ambivalent feelings towards your ex-boyfriend that are difficult to sort out. You notice that there are both desirable and undesirable things about him, and this is true of everyone to one degree or another. One question that I would have for you is, are you satisfied with your relationship with him as it currently stands? Are you happy with the boundaries between the two of you, or would you like them to be different? Negotiating through conflict and establishing different boundaries are definitely things you could work on with the help of a therapist. Another question I would have for you is, what would it mean for you to find out what motivates his behavior? Discovering the roots of such behavior is something that he would have to work on in his own therapy and not something that you and a therapist could discover without him."
"I noticed lately that I've been thinking a lot about death. I don't want to die, and I'm not suicidal. I just think about what would happen if I died or if someone I loved died. I imagine how sad everyone I know would be. I know it isn't worth it, and I definitely want to live and have a future. I just think about it. When I'm driving, I sometimes imagine what would happen if I just let go of the wheel and kept going.","I'll respond to your speculation that if you let go of the steering wheel while driving, you'll end up quite seriously hurt, at the very least.   It is fine to play in your mind with ""what ifs"".   People who write horror movie scripts most likely have some terrible sounding stories and suppositions.If you trust yourself to actually not follow through with an idea that may kill you, and you recognize the difference between thinking dangerous things and doing dangerous things, then go to the next step of understanding more about your thoughts on death.Since you wonder about being missed if you die, it is possible your thoughts about death are from feeling that you are metaphysically dead to people in your life whom you wish would show more interest in you.Play around with your idea as to why you'd consider how people will feel about you if you're not in their lives.This may offer some insight as to your expectations of current relationships with others."
"I was never like this. Recently this year (my first year of high school), I started getting emotional for no reason.","Hello Vancouver, It's really common for people to become very upset over small things sometimes. The small thing is a ""trigger"", and the emotions aren't so much about that event that's happening in the present; they are more connected to old events that evoked the same feeling. You've likely had too much of that feeling in your life and you've developed a sensitivity to it. Look at the small events that are triggers for you and ask yourself what same or similar emotion they evoke. If there's anger there, look underneath that. Is it powerlessness, worthlessness, hurt, shame...?  Then ask yourself when in your life you've experienced TOO much of that feeling. As a child, maybe, but not necessarily. That's the first step, and combined with empathy, compassion and self-esteem, you're starting to build what I call an emotional air conditioner. A good therapist can help you with the rest of this process and with learning ways of coping with emotions daily. I wish you the best."
"I am lazy. I am very aware of the problem and try to talk myself out of it all the time, but I never seem to shake the habits. I try to think of what it is doing to me and my future, but no matter what, I keep creating excuses for myself to continue the procrastination. All I'm ever left with is regrets and a low grade. I am at an all-time low in my life, and I'm not even that old. I've always been a straight-A student, but now I'm getting C's and F's, and it hurts me to know that I am way better than that. It's not even like the work is hard.","Possibly laziness is not the true problem and is only what appears as the problem.Since you describe your laziness as an observable quality, I assume you've not always felt or handled yourself this way.Quite possibly and more likely, the particular conditions of your current life are not ones that are optimal for feeling good about yourself and your involvements.One suggestion is to see if there is any purpose to what you're doing in all the areas in which you see yourself acting from laziness.If you're not able to notice any good purpose, then you may be mistaking ""laziness"" for a significant amount of stress in your life.Stress can be opened and understood.  If stress is what underlies what appears as laziness, then you define the contributors to your stress.Not feeling enough support in your life, financial uncertainty, arguments w people who are close in your life, feeling misunderstood overall or by particular people, all are possibilities.Good luck in learning more about who you are!"
"I am lazy. I am very aware of the problem and try to talk myself out of it all the time, but I never seem to shake the habits. I try to think of what it is doing to me and my future, but no matter what, I keep creating excuses for myself to continue the procrastination. All I'm ever left with is regrets and a low grade. I am at an all-time low in my life, and I'm not even that old. I've always been a straight-A student, but now I'm getting C's and F's, and it hurts me to know that I am way better than that. It's not even like the work is hard.","I am sorry to hear that you are going through such a tough time. It sounds to me like you are suffering from depression to some degree. Have you seen a therapist or talked to anyone about your problems? If not, I would advise that you do so sooner than later so that you can learn what is causing you to be unmotivated and causing difficulty with breaking the cycle that you are in. It is also a good idea to get a medical evaluation from your doctor to rule out any medical causes for your current condition. Most often, difficult situations that life throws at us, along with an inability to think positively, and break bad habits are what cause depression. Some things you can do immediately are seek help from a professional, schedule in time every day to engage in pleasurable (or once pleasurable) activities, exercise daily, and practice thinking more positively. Set a few daily goals for yourself and write them down each morning or the night before. Achieving your goals every day will give you a sense of accomplishment and can lead to feeling more optimistic and capable. Additionally, keep a journal to write down how you are feeling and what ideas you have to help feel better. Sometimes having these ideas written down make it more real and tangible. Know that depression is most often curable but takes work and a desire to change (which you clearly have). Once you start feeling better about yourself and your life, your grades should naturally begin to improve, as you will have more motivation and energy to focus on that particular area. Best of luck to you!"
"I never get infections or scars or anything, and it doesn't bother me if it gets filled up with blood or something, but I'm concerned.","Hi Houston, The fact that you're concerned says a lot. If I was your therapist I'd ask you questions about your worries and how this is causing a problem in your life. You're causing perhaps permanent changes (damage?) to your body, and it's likely you're trying to express something...pain maybe? A therapist can help you to explore what's going on for you and how to get your needs for self-expression met in a more healthy way. Good luck!"
"I feel that I am struggling with undiagnosed bipolar disorder, and it is making my day-to-day life extremely difficult.","It sounds like you are experiencing a great deal of distress and you're wondering if it may meet a diagnosis of Bipolar disorder. There are a few different types of Bipolar diagnoses in the DSM (diagnositc and statistical manual) and the best way to find out if your experiences would meet that diagnosis would be to meet with a mental health professional. You can also look up the diagnosis online and see if what you are going through meets the criteria.One question that I would have for you is, what would it mean for you to find out that you meet the criteria for such a diagnosis? It sounds like whether or not you do, you are suffering and working with a therapist may help you get into a better place."
"For some reason, I look at my phone, and in no time, five hours has passed. During those five hours, I'm playing games and trying to find out how to make my phone fun to use so I don't feel like I wasted my time trying to improve my phone's performance in my life.","Start by spending small amounts of time with your own thoughts and feelings.Always being focused on what a phone offers keeps people at a distance from knowing themselves.As long as you make time to spend in an activity which is not interactive the way a phone is, and instead depends only upon your actions, you will be investing time and energy into your own life.Whether by consciously considering your own interests, or doing housecleaning or chores, by devoting yourself to areas which you decide to be involved in, you will increase your knowledge of your own interests.Then, to not be so involved with your phone will be natural and easy."
"This is my recovery, and I don't feel that it is okay for them to ask this. They told me it is policy due to the fact that I may run into a peer there. I am a peer counselor in the small community that I grew up in. I am in recovery myself. I was asked to come work for this organization after I was two years sober (I was in treatment in this organization). I work with mental health peers and run life skill groups. I don't work with substance peers.","You definitely want to make sure not to inadvertently create an inappropriate dual relationship with a client. In fact, it is not uncommon for state regulatory boards to determine that a clinician and client being in the same 12 step group is professional misconduct. You might want to consider attending a 12 step meeting that is located in a different community than the one you work in.  Another option would be to look for one-on-one or small group recovery support."
"This is my recovery, and I don't feel that it is okay for them to ask this. They told me it is policy due to the fact that I may run into a peer there. I am a peer counselor in the small community that I grew up in. I am in recovery myself. I was asked to come work for this organization after I was two years sober (I was in treatment in this organization). I work with mental health peers and run life skill groups. I don't work with substance peers.","Hello, and thank you for your question. I know that workplaces have some latitude when it comes to requiring certain behaviors from their employees. For example, they may require you to tell them if you get into some kind of legal trouble. But this situation seems completely different. For one thing, 12 step meetings are supposed to be anonymous. I am not sure how they would know that you attended unless you or someone else told them. I agree that it seems like to cross a line. Usually each state has an office that manages complaints related to employment, such as the Department of Labor or EEOC. You may want to see which entity is in your state and contact them. It would be worth asking them to see if this is a legal practice. If it is but you still want/need to stay at this job, then you may want to look for alternate sources of support for your sobriety. There are active online support groups that would allow you to do things from the privacy of your home. SMART Recovery http://www.smartrecovery.org/ is a website that many people like. There are also online groups that specifically discuss the 12 steps. No matter what, I give you a lot of credit for doing your best to keep your sobriety and continuing to see the value in having support. Robin J. Landwehr, DBH, LPCC, NCC"
"I have a relative who is in his twenties. He was in a drug rehabilitation program and got kicked out for using drugs again. No one informed family that he was using drugs again. He subsequently overdosed and was found dead.
 Is their accountability of counselors, therapists or the halfway house for not reporting that he had relapsed? Is there a legal case for failing to report?","I'm so sorry to hear of your loss.  This sounds like a really difficult situation for the whole family.  Since the answer to this question will depend a lot on the applicable state laws, I would suggest talking with a local attorney.  That being said, I see two competing issues here.  On the one side is the duty of confidentiality the counselors owed to your relative.  On the other side is the duty the counselors had to act reasonably to protect your relative from harm.  Generally there is not a requiremt for substance abuse treatment centers to notify family members if an adult client relapses.A local attorney will be able to provide more specific guidance on the legal obligtions and liabilities in this situation."
"I have a relative who is in his twenties. He was in a drug rehabilitation program and got kicked out for using drugs again. No one informed family that he was using drugs again. He subsequently overdosed and was found dead.
 Is their accountability of counselors, therapists or the halfway house for not reporting that he had relapsed? Is there a legal case for failing to report?",I am so sorry for your loss.  Generally therapists only have a duty to report self harm to ones self or others if it is expressed to them.  Often times they will not report relapses due to the fact that proper releases were not signed or patient has specifically asked them not to for fear of shaming or failure again.  I understand this may not be the answer you were hoping for.  I would encourage the family to seek therapy themselves for help coping with such a loss.
What do you do when a therapist and a parent drugs a child and makes up lies in order to stop the other parent's custody visitation?,"This sounds like a potentially serious situation. The most important thing is to make sure the child is safe.  If you suspect that a child is (or has been) harmed, I would strongly recommend that you report your concerns to your local law enforcement or to Child Protective Services. If you don't think that a child is in danger, you can still report your suspicion of counselor misconduct to the state regulatory board."
What do you do when a therapist and a parent drugs a child and makes up lies in order to stop the other parent's custody visitation?,"I will admit I am confused about this question. Are you the other parent in question or a concerned coworker of this therapist? Therapists do not prescribe or have access to medication. Most therapists won't even get involved in a custody battle. They know there is a good chance of their records ending up in court and that they themselves will have to testify in court. Of course, therapists are human and can make mistakes, but I find it highly unlikely that a therapist would knowingly and willingly do something like this that is such a major ethical violation. Not only are they losing their license to practice by doing this, they are going to face criminal charges and jail time. If their clinical judgment is that the other parent is a danger to the child, they don't have to resort to illegal means to try to prove this. If you have concrete proof that this has happened then there is a process in which you can file a report against the therapist with their licensure board. Every therapist is licensed in their state. There are different types of licensures so you would need to know this therapist's licensure.Most accusations from the other parent are expected in a custody situation because people do tend to get quite ugly. Don't accuse the therapist or the parent of anything just to try to make yourself look better and them look bad. Have evidence of wrongdoing before accusing them of this. If this has really happened then of course it needs to be reported, but don't try to ruin someone's career unless you are sure this occurred."
They discontinued treatment for no apparent reason after they thought to diagnose me with schizophrenia.,"The general rule against medical abandonment says thst whenever healthcare providers discontinue treatment with you when you still need it, they are legally required to make sure that you have access to another provider of equal or higher ability.In this case, if your treatment team decided to discontinue your treatment based on a diagnosis of schizophrenia, they still will likely be required to provide you with a referral to someone who can provide you with treatment. If you haven't already done so, I'd recommend that you explicitly ask for a referral."
"I had a dispute with my therapist regarding an appointment cancellation. Now, she is blocking me from seeing other psychologists at the same clinic (which takes my insurance), which is also where I get my psychiatric services. There is a strict 48 hour cancellation policy, and my appointments are at 3:00 on Tuesday. I called to cancel at 4:30 the previous Friday. I was late, so we contacted my doctor to tell her that I would be out of town. She said I could do a phone in session. The thing is we do double sessions.","My recommendation would be to try to talk to your therapist about this  from your description, it sounds like you have a legitimate explanation for missing your scheduled session. Maybe if you could explain that to her she would be willing to work with you. If she is not willing to consider your explanation and if she is not willing to continue working with you, she still has an ethical obligation to provide you with referral resources to another therapist."
"I terminated my counseling relationship with a social worker several years ago. I am now realizing that I would like to begin counseling again. The social worker’s voicemail message says that he returns calls in 24 hours, but he hasn't called me back. I called him on the weekend and made it clear that I want him to call me back. Can he just ignore me?","Mental health providers should promptly return calls from current clients as well as from potential clients.  This is even true if the social worker (or counselor) is unable to make an appointment with the caller.  In that case the social worker should call you back to let you know that he is unable to schedule an appointment with you.In addition, mental health providers have an obligation to follow through with their own communication standards.  For example, if the social worker in this case has an outgoing voicemail message that promises returned calls within 24 hours, he has an obligation to follow through on that promise.All that being said, it is also worth remembering that mental health professionals are just people too. It is possible that he had an unforeseen emergency that kept him from from returning your call promptly.In the end, I agree with Sherry's advice. If you feel this social worker is not a good fit for you, you probably should trust your gut and find someone else who is a better fit."
"I terminated my counseling relationship with a social worker several years ago. I am now realizing that I would like to begin counseling again. The social worker’s voicemail message says that he returns calls in 24 hours, but he hasn't called me back. I called him on the weekend and made it clear that I want him to call me back. Can he just ignore me?","Yes, your former social worker should return your phone call.It is the professional ethic to do so and plain human decency to do so.If he doesn't, there is nothing you can directly do about the fact of his ignoring you.There are formal complaints you can make, which you can consider doing.What matters most is receiving social work service.Stick with looking for another social worker who is willing to help you.The self-doubts you mention may be worth examining.They do not, however excuse the social worker mishandling himself."
"I think I have depression, anxiety, bipolar disorder, and I have anger issues. I told my mom over and over again. She told me she would get me a therapist, but she never did. I just found out that my mom can't afford a therapist for me.","It can be difficult to get counseling if you don't feel supported by family members.  There might be a few options.  If you are in school, I'd recommend talking to a school counselor or school nurse.  They often will be able to help you access free or affordable counseling resources in your community.  In addition, depending on where you live, it's also often possible to call 211 for referrals to free or low cost counseling services in your area.I'd encourage you not to give up. You are on the right track."
"I have major depression, severe, PTSD, anxiety disorder, and personality disorder. I had an appointment with my doctor. I was very upset, and I shared with him about that particular drug.","Your doctor might be required to tell your psychiatrist - especially if your doctor is concerned about your safety.It was definitely a good thing that you told your primary care physician about what is going on.  I know that must have been difficult to talk about with him.  By having that conversation, you are helping your primary care physician and your psychiatrist work together to best support your health."
How does a counselor decide when to end counseling sessions or to terminate working with a client?,"There are typically three reasons why therapy is terminated:1) Client has met therapy goals2) Client is not progressing 3) Therapist is not a good fit for clientIn order to properly assess whether therapy is helping and what progress is being made, the therapist needs to have ways of consistently checking in with clients sessions-by-session to determine what is helping, what isn't, and where the client is at in relation to their original therapy goals. When a client has met their goals, that is a good time to end counselling sessions unless the client has new goals or simply wants to check-in periodically to make sure that they are still on track (sometimes referred to as relapse prevention). When a client is not progressing, and feedback has been taken and attempts have been made to make the therapy more helpful for the client but to no avail, than it is considered unethical to continue to work with the client. In these circumstances, referring out to another therapist who may be a better fit is a good idea."
How does a counselor decide when to end counseling sessions or to terminate working with a client?,"Hello. The end of the counselor/client relationship is one of mutual respect and engagement. Counseling sessions can end for any number of reasons. Among them are the client's inability to make forward progress in therapy; the clinician's inability to help the client (for a variety of reasons); a mutually agreed upon time frame for a number of sessions to be provided; or the financial challenges of the client who decides that they need to put their resources elsewhere. In this last case, a counselor should never cancel sessions with a client simply on the basis of the client's inability to pay. That is traditionally seen as an unethical practice. Other arrangements can be made to provide care to the client, which in itself should be paramount.When the client and therapist decide that services are done, it is best if there is at least one or two more sessions to allow a case file review to occur, and to bring an appropriate psychological sense of closure to the client (and vicariously to the clinician as well, those this is perhaps not as important). This transition gives both a sense of having reached the end of a journey...rather than some abrupt departure from it. (An abrupt ending in therapy can have a varying level of impact both emotionally and psychologically on the client and therapist). Sometimes the closure of therapy is the result of a program of therapy being formally completed, in which there is a mutually known (albeit perhaps approximate) date of when that program will be finished. In this case, the client is likely feeling that impending closure and has time to prepare mentally and emotionally from a place of being the client in therapy, to a place of healing, growth and situational resolution.I have always worked in therapy with the following slogan (if you will), that I learned years ago during graduate school: ""Not every therapist is good for every client, and not every client is good for every therapist."" It is perhaps one of the most important guiding views I hold in working with clients. The therapeutic relationship is driven by mutuality - the desire of the client to get better at living life, and the therapist's desire to truly see the client heal and grow. When there is a block in this process from either side that prevents that synergy from occurring, the relationship that should be established may not be able to form. Or, if already formed, may at some point be unable to move forward. In these instances, referring the client to another type of service or clinician is appropriate. Usually, this can be seen pretty quickly by either party, though sometimes it is not always clear.Ultimately, the client and counselor need to work together to discover if the needs of the client (which is paramount) are being met in the therapeutic engagement with their current counselor, or if other arrangements need to be made to go elsewhere. If both are observant in this process, they can work together to maintain that sacred space and continue to reach the goals that have been set. Eventually, therapy will end, but hopefully based on the client's successful journey to the place where they wanted to go, and thus opening the next chapters of their life to a space that is more whole and brighter."
How does a counselor decide when to end counseling sessions or to terminate working with a client?,"Hopefully both the client and counselor would together decide when to terminate counseling sessions. It's really helpful for the client to leave counseling with a solid sense of what he or she has accomplished in counseling, so it can be a good idea to spend some time acknowledging that in the last session or sessions. Sometimes, however, a client has needs beyond the scope of the counselor's expertise. That's a good time for a conversation about those needs and ideas of  how best to meet them, whether by adding in care with an additional mental health professional or transferring care entirely to a new mental health provider."
How does a counselor decide when to end counseling sessions or to terminate working with a client?,"There are different reasons why a counselor may seek to terminate with a client and these will each have different processes by which the counselor will come to that decision. Here are a few examples. The counselor may determine that the client's needs are outside what the counselor is competent to be able to work with. A person may have come to the counselor talking about a particular issue but either when they first met or as counseling progressed, it may become clear that the issue is in fact something different or that there is an additional related issue. If that issue is outside the competence of the counselor, the counselor should look for alternatives, the most common of which would be to terminate and refer. Beyond clinical issues, this could also come up around particular other related facts, such as the culture of the client or linguistic issues. This could also be the choice of the counselor if they know someone that they feel would be a better match for the client's issues. Another reason for discharge (and possible referral) would be if the relationship does not seem to be a good fit. No counselor is the right person to work with everyone. If the right level of connection is not happening, the counselor will often look first at what they are doing, might talk about it with the client and ultimately will admit that things don't seem to be working to allow the desired therapeutic process to work. A similar process would be followed if the counselor determined that the client might not yet be ready for counseling as evidenced by lack of engagement such as frequent cancellations, not doing any agreed on work between sessions, showing up late or being really guarded in session. The easiest situation to decide on is when a person has met their counseling goals and have nothing new that they are working on. While this is the easiest one to determine, it is also probably the hardest one for the counselor as they may be like the client in not wanting the relationship to come to an end. However, counselors know that this is part of the process. They will also determine this by regularly reviewing the treatment plan or by sending in the sessions that the work has come to an end. This type of termination maybe final or may be with the intent that the client will return later to address other things that have been identified but for which they are not ready to move into. All of these (and other) situations involves the counselor being open to the relationship ending, to monitoring how things are going, then engaging in self reflection, possibly talking with the client and then coming to a conclusion on which the counselor  follows through."
How does a counselor decide when to end counseling sessions or to terminate working with a client?,"From the very beginning of counseling sessions I emphasize that the work will and must end at some point.In counseling there is an arc to the process. A beginning, middle and end. I am always digging, searching and exploring. There comes a point where things come to there natural ending.I always leave an opening for continuing counseling in the future. At least as a check in."
How does a counselor decide when to end counseling sessions or to terminate working with a client?,For most:  When the money/insurance runs out.When best:  When the job is done... and you're feeling much better.
How does a counselor decide when to end counseling sessions or to terminate working with a client?,"To be able to identify a clear ending to a counseling relationship, we must have a clear understanding of the goals and limitations of treatment.  Usually, during the initial evaluation, I identify my client’s short term and long term therapy goals.  As therapy progress, we verify goals on a monthly to a quarterly basis, depending on the frequency of the appointments.  Once the therapy goals have been met, there is a closing session, the counseling relationship is ended, and the client can stop attending sessions.  In some cases, the client can also establish new goals and determine if I am a good fit for their therapy needs or if they need a new provider, in which case I provide multiple referrals.The counseling relationship could also end due to other factors like noncompliance= when a client is not committed to the agreed treatment process, or when the client’s or a counselor violates the counseling relationship.  Either the counselor or the client is able to end counseling.  Although, as mental health providers we need to provide a reason for terminating our therapeutic relationship and referral options, as a client no explanation is needed, a closing session is highly recommended.  ¿Cómo termina la terapia?¿Cómo un consejero decide cuando terminar las sesiones de consejería o terminar de trabajar con un paciente?Para poder determinar el final de la relación del consejero, debemos comprender las metas y parámetros de la terapia.  Usualmente durante la evaluación inicial se identifican metas a corto y largo plazo con el cliente, y se discute con el cliente como esas metas serán alcanzadas.  Durante el proceso de terapia el consejero revisa las metas mensual o trimestralmente dependiendo de la frecuencia de las citas.  Ya que las metas de terapia son alcanzadas, hay una sesión de cierre y el cliente puede terminar la terapia.   En algunos casos el cliente puede identificar nuevas metas para la terapia y determinar si el mismo consejero u otro consejero le pueden asistir. 
La relación de consejería también puede terminar por no conformar o violentar los parámetros  establecidos para la terapia.   Tanto el consejero como el cliente pueden terminar la relación de terapia.  Como proveedores de salud mental los consejeros estamos obligados a proveer un razón para la conclusión del tratamiento y proveer referidos según aplique, los clientes no necesitan proveer una explicación, aunque es recomendable discutirlo en una sesión de cierre."
How does a counselor decide when to end counseling sessions or to terminate working with a client?,"It is usually time to end counseling sessions when it is clear to both the client and the counselor that therapeutic goals have been reached and enough improvement has been made that the client can continue without that support. There are exceptions to this rule, but for the most part this is when counselors begin termination. For some clients, this is an easy process that marks the achievements they have made in working through their emotions and difficulties. For some other clients, however, this is a difficult process in which they are losing a valuable support and are understandably anxious about what life will be like without the frequent meetings. Ultimately, termination is different for everyone, and there are many ways that termination can be healthy and helpful."
How does a counselor decide when to end counseling sessions or to terminate working with a client?,"As a therapist who believes in client self-determination above most other elements of the process, I want to as much as possible leave it up to the client to determine when they are finished. In the case of a termination because a client's distress has resolved, I might periodically check in with the client about how therapy has been going, and if we want to re-evaluate where we are.The more unfortunate situation would come about if I felt that I wasn't the best fit for the client. I would offer that in words, and ideas of therapists (with names) of who I thought might be a better fit and why. It still is up to the client whether to continue, however should they want to keep seeing me, a part of the work would be about that want (to see someone who professionally doesn't believe they can help as much as someone else.)I also find it perplexing when I hear a client (or on a personal level) tell me that their therapist said they ""didn't need therapy."" I don't know that I buy into that scenario all that much, because I do believe that yes, not everyone NEEDS therapy, but that everyone CAN benefit from therapy and I don't believe it is the therapist's job to deter someone from ever seeking out help of any kind."
How does a counselor decide when to end counseling sessions or to terminate working with a client?,"Ideally, termination should be a mutual process. It's not that the therapist kicks the client out at some point and says, ""Okay, you're done."" Rather, over time the client will decrease the frequency with which he/she comes to session so that it may start off as weekly, then decrease to biweekly, then perhaps once every three weeks, then once/month and so on. Throughout this process, the therapist and client should have had regular check ins about progress toward goals. If the client feels good about where he/she is in life, he/she might decide to suspend therapy for now. That being said, the therapist should make it very clear that if the client ever decided to return for ""maintenance"" therapy or a check in, he/she would always be welcome. There is no hard and fast rule to ending or a particular time period in which it must end. What matters most is that the client feels good about it and knows that the therapist will always be there should he/she wish to return."
How does a counselor decide when to end counseling sessions or to terminate working with a client?,"For a therapist, deciding to end counseling sessions or terminate working with a client is a thoughtful and intentional decision. One that is not entered into lightly. While there are many considerations counselors take into account, to help answer this question, I'll offer an example of two areas that counselor's take into consideration when ending counseling sessions:Does the client need different or more specialized care than the current counselor can provide? This requires the counselor to determine whether referring the client to another therapist or health care provider is needed.And, has the therapeutic relationship reached treatment goal(s)? While this question is specific to the counselor, I'd like to also add that a client, at any time, can end counseling."
How does a counselor decide when to end counseling sessions or to terminate working with a client?,"In general, I usually let the client decide when this should occur, sometimes with some clients it will be a joint agreement, but even in that case it should weigh mostly on what the client feels. In short, therapy ends when you feel your done.C"
How does a counselor decide when to end counseling sessions or to terminate working with a client?,"I will work with clients and continually review progress with them and determine if counseling is helping.  If a client appears to have less to talk about in sessions, appears more stable for a period of time and has reached therapeutic goals I will talk about termination.  Some clients however I may continue with on a monthly or bi monthly process to allow for check-ins to see how they are doing and if they need more help at that time."
How does a counselor decide when to end counseling sessions or to terminate working with a client?,"There are several reasons for a counselor to decide to end counseling.  A major reason to end counseling is if the counselor feels that he or she does not have the skills or experience to work with the client.  This may happen during the intake process or after working with the client for some time.  If the clinician feels that the client is not benefitting from the therapy, it is ethical to suggest that the client terminate the therapy.  The process of termination must not injure the client and, if necessary, the clinician may need to refer the client to other treatment modalities.  Another reason to terminate working with a client is if the client needs a higher level of care.  If the client has a crisis or is at risk of hurting himself or someone else, he or she may need a higher level of care.  In this circumstance, the clinician may need to involve outside services such as a crisis unit.  A third reason to terminate with a client is if the clinician feels that he or she cannot remain professional with the client relationship.  For example, if the issues that the client is working on bring up something significant for the clinician and the clinician feels that he is unable to separate that from the professional relationship.  In this instance, the clinician should refer the client to another therapist.  Finally, if the client has reached her goals for therapy and no longer needs treatment, the clinician and client should terminate treatment."
How does a counselor decide when to end counseling sessions or to terminate working with a client?,"Counseling ends when the client has received the maximum benefit from the therapist. Even if the therapist believes the client is not making progress, the client may feel they are improving and receiving a benefit. And the therapist may see a benefit and the client does not. It is best to have ongoing dialogue with the client to determine when termination is appropriate."
How does a counselor decide when to end counseling sessions or to terminate working with a client?,"Goodbyes can be hard.
Chances are most of the goodbyes you have experienced in your life have been
difficult. Saying goodbye to a therapist can be different. It can be an
opportunity to create a healthy ending in a positive relationship in your life.
If you work with a therapist who is skilled, then saying goodbye can be just as
transformative as the therapy itself. Ending therapy is also known
as “termination.” I know, “termination” doesn’t have a great ring to it!
However, it is what it is. It is an ending of the relationship as it existed.
It is reality cold and stark. Of course, when I talk to clients I don’t use the
word “termination,” I usually say “our goodbye.”  Under what circumstances does therapy usually
end? Therapy should end when a client does not need further assistance, is not
receiving any benefit from therapy, or might be harmed by continuing to work
with a particular therapist.In the best case scenario
the decision to move on from therapy and “say our goodbyes” happens when both
the therapist and the client feel like the client is ready to move on and move
up!  Ending the therapeutic relationship
should actually be worked on from the very first session. What I mean by that
is, there should be an understanding that the work we do together will have an
ending and that is a good thing because it means the client has gained the
skills to continue working on themselves independently. So the first session I
have with clients usually outlines a plan where the end goal is discussed and
we both have an understanding of the skills the client wants to learn or what
they hope to achieve. Now sometimes there are
situations where the therapist ends the relationship and the client may take
that personally, it is hard when any relationship ends and it might bring up
feelings of sadness, and fear or abandonment. Any good therapist will end the
relationship based on what is right for the client. What are some situations
where a therapist might end the relationship?If the situation the client
is dealing with is out of the therapist's scope of practice, the therapist may
end the relationship and refer the client to someone else. This is in the
client’s best interest. Another reason a therapist might end the relationship
is that the therapist is in a place in her life which prevents her from being
objective and helpful.  A therapist who
is going through a painful divorce may have difficulty working with a couple
that considering divorce. A good therapist may see that their judgement may be
clouded and want to refer the client to see someone else. This is good practice
and helps the client.If a client is actively
suicidal or actively using substances then the therapist may end the
relationship and refer out for a higher level of care. The client may need to
be hospitalized or may need an inpatient substance abuse treatment program.
Therapy may be terminated while they are being treated and may continue after
the intensive program is completed. 
Ending therapy should be a
time for connection and bringing together accomplishments, or reviewing the
next important step the client needs to take. It should not be an experience of
abandonment. A skilled therapist will help a client gain a new perspective on
closure. For some clients, it may be the one time in their lives when they get
a clean ending in a healthy relationship and they get to feel a sense of
control on creating that ending. Good luck to you!"
How does a counselor decide when to end counseling sessions or to terminate working with a client?,"In the best case scenario, it's a mutual discussion and decision. If not,  I've had the discussion initiated both ways, by me, when I sense the client has gone has far as they want, by lack of interest in accepting or completing homework assignments, missing or cancelling appointments, usually at the last minute, lack of participation during sessions.  Client initiates by asking me pointed questions about why the need for homework assignments,, by forgetting their calendar, or their checkbook :) , by suggesting that we make appointments over longer intervals (once a week to once a month, for example).  I rarely have had to terminate a working relationship--that's why I don't charge for the first visit, so we know if we are a good fit before we start working together.  Then I periodically ask whether the client feels we are making progress, moving in the right direction, talking about the most relevant issues etc."
How does a counselor decide when to end counseling sessions or to terminate working with a client?,"In my therapy practice the decision to end therapy is mutually made together with the patient.Otherwise, the person can end up with a sense of tremendous rejection and abandonment.The way you'll both know therapy is coming to a close is that the discussion will feel lighter and move easily.The person's mood will be better, they will smile more, sit in their seat in a more relaxed way, look more at ease, take better care of their appearance.One of the ways to end therapy is to gradually decrease the frequency of the sessions.Sometimes people who are in my practice start to come each three weeks, then monthly, then every three months.This gives a sense of security, friendliness, and casualness to the therapy, and de-medicalizes it as though the person was treated for a medical symptom and the symptom stops completely one day.Talk therapy is about life and life problems usually end gradually.I end my therapy in a way which mirrors the life process in which many interaction and situation problems show their effects gradually and show different effects over time."
How does a counselor decide when to end counseling sessions or to terminate working with a client?,"Hi there, There are a number of reasons why a therapeutic relationship might end including, but not limited to the client reaching their goals, the client reaching a place of acceptance where they wish to remain or even a breach within the relationship.  The last aspect should likely be taken to supervision in order to be fully processed.  All of these things could happen, and usually happen organically (again, except for the last example). Your question, however, was about the counselor ending treatment. This is a bit more difficult and can be very nerve-wracking.  It may be beneficial to take this with you to supervision, as well.  It's important to understand why you feel the need to end or terminate with the client, as well. Do you feel that they would be better suited for another therapist, have they achieved their goals or is it something else?In regular, open-ended sessions, I try to make a point of checking in with the clients fairly frequently. In these check-ins, I use the time to ask the client how they feel about the sessions and if there is anything they wish to focus on more astutely.  I also ask if they have any immediate goals that they would like to prioritize.  In goal-oriented sessions, I check in more frequently to ensure that both the client and I remain focused and, should they wish to shift their focus, that they recognize it is part of my responsibilities to make sure we move back to the desired goal. Often, especially in longer term therapeutic relationships, we as clinicians can see that the client has reached their goal, however they are apprehensive about ending therapy.  This is actually a great place to go with them; why would they feel unable to handle issues in their external or internal environment without you? Often, having this open discussion can increase empowerment and mastery. That said, it could also highlight other issues which the client may have been apprehensive about going into within therapy and now, as the relationship seems to be ending, feels more confident in bringing these up. In the case where the relationship is a toxic one, terminating with a client may be the best option for both of you. It's a difficult conversation, but recall that part of the role of the therapist is to model that these discomforts can be managed. I hope that this brief response can assist you going forward!"
How does a counselor decide when to end counseling sessions or to terminate working with a client?,"This is a question that is very specific to each person. There are definitely some variables, but I can give you some general ideas for when counseling might end:When a client has met all of their goals, at least to a degree when they feel that they no longer need to work on them with the assistance of a counselorSometimes a decision is made that a client is no longer benefiting from counseling at a certain timeSometimes clients have to remain in counseling in order to receive medication. This depends on agency policy, but sometimes it is a requirement. If the medication is necessary and cannot be prescribed by a primary care physician, frequency of sessions is usually decreased greatlyI'm not sure why you are asking this question, but it is also something that is often discussed at the beginning of treatment. Oftentimes ""discharge goals"" change as treatment progresses because more is known about clients, their goals, changes in their goals, and many other things. Changes are normal, but your counselor probably has discharge goals in mind, at least generally, from the beginning. I strongly encourage you to ask about it!"
"My therapist is gay so there are no sexual issues here. However, my therapist for six years has made me believe that he cares about me and that we are friends. I have loaned money to him many times, and he always paid me back.
   I had a medical emergency last weekend and I was heavily medicated. I knew that this therapist came into my home and wrote down my credit card information so he could pay back what he owed me, but this therapist dropped me off and never came again. I don't know what to do.","I'm sorry to hear that this has happened. Counselors are legally and ethically required to make sure that they always put the wellbeing of their clients above their own interests. In addition, counselor ethical rules, and the laws in just about every state, make it illegal for counselors to take advantage of a client financially. A counselor borrowing money from a client (even if the counselor pays it back) would usually be considered to be taking advantage of the client.There are a few options you have at this point if you can't (or don't want) to continue to try to contact him directly. You can file a complaint with your states' regulatory board and let them know what has happened.  An investigator will then look into the situation for you.  Another option would be for you to find a different counsleor who can provide you with an independent and netural point of view to help you figure out how you want to handle this situation."
"My therapist is gay so there are no sexual issues here. However, my therapist for six years has made me believe that he cares about me and that we are friends. I have loaned money to him many times, and he always paid me back.
   I had a medical emergency last weekend and I was heavily medicated. I knew that this therapist came into my home and wrote down my credit card information so he could pay back what he owed me, but this therapist dropped me off and never came again. I don't know what to do.","Do you want this therapist to have your credit card information?If not, then cancel the credit cards that you believe may now be accessible to this therapist.Therapists are expected to keep very clear boundaries between the therapy work and not have other relationships, such as ""friend"" or ""money lender"" with someone who is their patient.Therapists are never ""friends"" with their patients.Letting you believe that you are the therapist's friend, is a violation of professional ethics and almost definitely, a violation of the Consumer Protection laws in your State.Start by dropping this person as your therapist.  He has broken too many ethical standards to be worthy of offering therapy.Think over if you'd like remaining friends with this person, whom you describe as lacking integrity and stealing from you.If you need help getting back money from him, then contact the police and talk to a detective about what has happened so far.  The detective will advise according to the laws in your community and State, whether to file a police report, and what steps are necessary to utilize the Court system to get back your funds.If you'd like doing future patients who may be treated to similar ways by this therapist, a favor, go online and file a complaint with the therapist's Licensing Board.Good luck!"
"My therapist is gay so there are no sexual issues here. However, my therapist for six years has made me believe that he cares about me and that we are friends. I have loaned money to him many times, and he always paid me back.
   I had a medical emergency last weekend and I was heavily medicated. I knew that this therapist came into my home and wrote down my credit card information so he could pay back what he owed me, but this therapist dropped me off and never came again. I don't know what to do.","Therapists, regardless of the discipline (i.e. licensed professional counselor, social worker, psychologist) are expected to put the health and well-being of the client first. Each professional discipline does have a code of ethics as well as a licensing board in each state. In order to get licensed the therapist must agree to abide by the highest standards of conduct including state, local and federal regulations in addition to the code of conduct. You do have the option of reporting this person to the appropriate licencing board in your state. The other concern is if this person has unauthorized access to your credit card. If you did not give it to him or authorize use this becomes a legal matter that you can also report to the legal authorities in your city or town. Therapy and counseling are effective because professionals gain the trust of the client. Betrayal of that trust by crossing boundaries and developing a relationship outside the therapist/client relationship is hurtful. Please know that the vast majority of counselors are highly ethical individuals who put the welfare of the client first."
I just wanted to get to know one so I can hear about their college experience and the courses they took. I also wanted to know if they enjoy their job and how long they were in school.,"It's a great idea for you to reach out to find a psychologist to talk to if this is a field you might be interested in pursuing. Regarding the length of schooling, it generally takes 4 years of college and an additional 4 to 7 years of graduate school to earn a doctorate degree to become a psychologist. There are also other similar professions, including counseling that don't require a doctorate degree. Licensed counselors generally completed 4 years of college and an additional 2 years of graduate school. If you are thinking about a career in psychology, the local APA chapter would be a good place to start to find a local psychologist to talk to. Here's a link to the NJ APA chapter:https://www.psychologynj.org/"
I just wanted to get to know one so I can hear about their college experience and the courses they took. I also wanted to know if they enjoy their job and how long they were in school.,"Mental Health is an exciting and rewarding field.  I hear you saying that you want to be a psychologist, and that is one path to working in mental health.  You could study psychology, social work or counseling to become a practicing therapist. I am a Licensed Professional Counselor Associate and a Licensed Clinical Addiction Specialist.  I currently provide assessments and supervise several counselors in a large clinic in Asheville.  I also have a private practice online. I studied Sociology and Interpersonal Communication as an undergraduate, and then I received a counseling masters degree.   My master's degree was comprised of several supervised practice courses and theory courses.    I really enjoyed my education, and I find my career equally rewarding and enjoyable. If you are considering working in the field, I recommend emailing several counselors, social workers, and psychologists in your area and setting up an informational interview.  Not everyone you contact will be willing to give you their time, but many may.   This will help you determine which path to therapy may be right for you.  Licensing restrictions and abilities vary state to state and a local practitioner may be able to provide you with a specific list of challenges/triumphs about their particular license and education.    Psychologists are usually PhD level practitioners and require more education to begin.  LCSWs , LPCs and LMFTS can practice with a master's degree.  Best of luck! This is an exciting time."
"I am an international student, and it is my first semester in graduate school in the United States. I faced a cultural shock, and I was so depressed when I arrived here. My counselor in the university was my savior. He helped me a great deal. Now I am going back to my country for a vacation. I was thinking to get him something special with my country's name on it, and I remembered that he likes wine. My country is known for that. Is it appropriate to give him wine as a gift after Christmas?","This is a great question. In general it is not appropriate for counselors to accept gifts from their clients. There are some exceptions to this general rule - including a recognition that there may be a valid cultural aspect to this type of gift giving.It might be best to simply offer your counselor a holiday card as an expression of your feelings. You could also talk to your counselor about the gift and ask if him it if would be appropriate.In the end, I know he would most appreciate just knowing how much the counseling meant to you."
"I am an international student, and it is my first semester in graduate school in the United States. I faced a cultural shock, and I was so depressed when I arrived here. My counselor in the university was my savior. He helped me a great deal. Now I am going back to my country for a vacation. I was thinking to get him something special with my country's name on it, and I remembered that he likes wine. My country is known for that. Is it appropriate to give him wine as a gift after Christmas?","I don't think it's appropriate to give your counselor a bottle of wine. Your counselor helped you and supported you, which is great, But a gift is inappropriate. I can understand that you want to show your gratitude. There are many other ways to do that. You could drop your counselor a note or card, thank him in person, or tell him how much he helped you. These small gestures can be very meaningful for both of you."
"I am an international student, and it is my first semester in graduate school in the United States. I faced a cultural shock, and I was so depressed when I arrived here. My counselor in the university was my savior. He helped me a great deal. Now I am going back to my country for a vacation. I was thinking to get him something special with my country's name on it, and I remembered that he likes wine. My country is known for that. Is it appropriate to give him wine as a gift after Christmas?","Hi, Different therapists are guided by the ethical guidelines of their own associations or colleges when it comes to receiving gifts, so this may differ a bit from therapist to therapist. It's important to me that I be sensitive to cultural norms, and to my client's needs. In Canada, and the US, it is customary for people to sometimes express gratitude with a small gift, and I have from time to time received small tokens of appreciation because I believe it would be rude to refuse this. It is never necessary to give a therapist a gift, but if you wish to express your gratitude in this way, I don't think it's inappropriate."
"I have an eating disorder of binging. I've had gastric sleeve surgery. I need help with issues of abuse as a child, addiction, and abusive men. I have been in therapy for five months and get no feedback from my therapist.","It can be really frustrating to feel like your counselor is not providing you with the help you need.My recommendation in a situation like this would be to let your counselor know how you feel. Specifically tell Your counselor that you don't seem to be getting the amount of feedback you would like.If this doesn't help, then you might want to look for another counselor who will be a better fit for you."
"I have an eating disorder of binging. I've had gastric sleeve surgery. I need help with issues of abuse as a child, addiction, and abusive men. I have been in therapy for five months and get no feedback from my therapist.","Hi Anaheim,Relationships with therapists have some things in common with other relationships; they work best if there is dialogue about what your hopes, thoughts, emotions and needs are. Are you letting your therapist know what your goals are? It's okay to say ""I'd really like us to focus on this piece"", or ""I'm looking for specific direction about how to manage this part"". Your therapist is wise if they ask questions that determine what your needs are, but they can't read your mind. Not every therapist will be a good fit for you. I know I'm not a good fit for everyone I meet. We have different styles; some are more  passive and focus on listening. This might be the type of therapist you have. For some people this is what they want, but maybe it's not for you. Maybe you want someone who digs at you more, asks more questions, gives you strategies, lets you know what they think... someone more active. If this is the case, it doesn't mean s/he's a bad therapist...it's just not what you're looking for. Sometimes people think they can't end sessions with their therapist; they might be worried about hurt feelings. But, in the end, you don't owe your therapist anything if you feel it's not working or it's not a good match. Just move on and try someone new. Maybe ask them questions first about their style, even. Best of luck!"
I'm worried I should see a therapist due to past events and current mental status. I'm just so unsure of how to ask my doctor about seeing someone.,"Having this kind of conversation with a doctor can feel difficult. But remember, you are the expert on you. Any good medical professional will recognize that.You are absolutely right to think about the importance of being your own health care advocate. Generally, the best approach is simply to be honest. Let your doctor know what you are concerned about and tell your doctor what you think might help. If there is a specific issue that you’d like to address in counseling, let you doctor know about it. And don’t hesitate to directly ask for a referral.I know this may all feel a little overwhelming. It might help to bring a family member or significant-other with you to provide support when you talk to your doctor. It’s great that you’ve already taken this first step to reach out. You’re on the right track."
I'm worried I should see a therapist due to past events and current mental status. I'm just so unsure of how to ask my doctor about seeing someone.,"Thanks for your question. I'm glad you realize that you need extra support and are being proactive. Simply explain to your doctor the feelings you have been experiencing and how you feel that speaking with a mental health therapist would be beneficial. However, keep in mind that you do not have to go into detail about your personal feelings. You can simply state that you are feeling down, overwhelmed, stressed, or whatever it may be. I'm sure your doctor will be glad to direct you from there. Best of luck you you! I hope that you will be feeling better soon!"
I need help dealing with stress. How can I handle it all and feel less stressed out?,"In case you feel some relief to know you're feeling the tone of our times.We live with crumbling of our values which then gives rise to insecurity everywhere.  If someone doesn't know what their values are then its difficult to do anything, and right now everyday we hear uncertainty in what used to be our basic assumptions.You're more normal for noticing and feeling stressed than if you imagine life felt fine the way it is!One road to take is to accept that there are no clear roads forward.  This means to change long term goals into shorter ones.Also, in general the more focused you can be as to your particular wishes, motivations, interests, and people about whom you care, the greater will be your sense of confidence that your personal world is as secure as it can be for right now.And, it helps too to know that nothing lasts forever, eventually all of what is up in the air will start to land in a much more clear way."
I need help dealing with stress. How can I handle it all and feel less stressed out?,"Part of handling stress is making sure that your perception of the stress is accurate. Sometimes stress can seem more than it really is. One thing that I encourage my clients to do is to ask themselves, ""What is this stressor really about?"" Simplifying stress is a key to minimizing stress and leads to feeling less stressed out."
I need help dealing with stress. How can I handle it all and feel less stressed out?,"There are many causes for feeling stressed out. Between a demanding job, family responsibilities, and everything else that can come up, stress becomes more and more part of our everyday life. One of the best ways to combat the toxic effects of stress on our bodies, social lives, and overall well being is to engage in self-care. But not the self-care that most people think of like vacations or massages. The best self-care is the kind that helps you live the life that you already have rather than escape it. You see, the reason why vacations and massages don't work long term in reducing stress is that they allow you to escape from what is causing the stress without truly fixing it so you just return to what already stressed you out. So, instead you need to find ways to help live with the stressors that you already have. They can be things like creating a more manageable schedule, introducing healthy eating or exercising, financial planning, and even learning a few simple relaxation skills. The key to combatting stress is to make small but consistent changes to your life so that it becomes more manageable and more enjoyable."
I need help knowing how to deal with stress. What can I do?,"Something different works for each of us.There are the outward answers of self-pampering and making your home and work environment as pleasant as possible.A deeper level way to decrease stress is through exercise or alternative practices like yoga or tai chi.If the stress is more deeply rooted than temporarily feeling irritated for a few days, then give yourself some time to reflect and clarify what the meaning of the stress is to you.Self-understanding and appreciating your efforts to know yourself may decrease stress because you'll be more focused and attentive to who you are.  This will influence you overall to make good decisions for yourself and these will naturally be ones which decrease stress as much as possible."
I need help knowing how to deal with stress. What can I do?,"Our body reacts to stress typically by breathing more shallowly, increasing our heart rate and tensing our muscles - so one thing that I find really effective is to try to do the opposite of that, which sends the signal to our mind that we are relaxed. So that means, taking slower, fuller breaths and trying to relax any areas where we might be gripping our muscles. Check out meditation apps such as 'Breathe', which can talk you through a relaxing breath exercise. I recommend using the app daily, whether you feel stressed or not, and then also using it when you re feeling particular moments of stress - that way you are practicing the skill when you feel calm(wish) and it'll be ready and able to help you when stress hits hard."
I need help knowing how to deal with stress. What can I do?,Learn how to meditate. I recommend a Mindful Based Stress Reduction MBSR program.
"I'm in my late 20s. I have two jobs right now, I'm in school, and I feel like I just have a lot under my belt right now. I get stressed out really easily. I tend to worry and over-think. I'm just worried about money and everything.","A good start is to pay attention to some basic issues: sleep, nutrition, exercise and socially supportive relationships. A great car on an empty tank will not get you very far."
"Is it a type of fetish, or is it normal?",Maybe it is a way to secretly satisfy your own wish to be or to live life gay.
"I am a young adult, and I was sexually assaulted by an older man when I was a teenager (which has really intensified the guilt/shame). However, I've been attracted to much older men since I was even younger than that.","Sometimes the reason for being attracted to older men is because of growing up with a father who was distant.If you grew up having enough interaction with your dad to know you'd have liked more and didn't receive this, then maybe your longings of childhood are still active within you.It is ok to like older men.Just be sure you're not idealizing them, or anyone else.Because regardless of age, a relationship is based on who the two people really are, not how we'd like imagining them."
"I have been experiencing a lot of sexual tension with a lot of the guys that I talk to nowadays. I keep imagining having sex with them. I have never had sex before, nor have I had a boyfriend. I feel lonely and empty. I feel like my body is not okay, and I am missing something. I talk to so many boys in school, and I always fantasize about half of them. I want this feeling to stop because it is interfering with my time to study since most of the time, I am busy thinking about sex.","Hi Montreal, I'm glad you wrote. What you're experiencing is normal. We're sexual beings. We have a built-in desire to connect sexually with others, because it feels good, to keep procreation going, and mostly to ""connect"" with other people, because connecting with others makes us feel fulfilled and valuable. Sexual desire is a healthy part of you. Maybe your body is telling you it wants to dive into that water and taste it instead of just staring at it? It sounds like you're beginning to explore yourself sexually, and that's okay.At your young age, you also have another innate burning desire, and that is to know yourself. I see both of these desires burning and competing in you. It's a bit of a crazy time...you want to connect with others but you're not sure who you are or what you want from them. You want to know yourself but you can't learn about yourself in a vacuum. It's okay to trust your instincts. It's okay to connect sexually with others, as long as you're preventing disease and pregnancy and you know how to protect your boundaries. But even as I write this, I think maybe I'm being controlling and overprotective of you; it's your body and you're in charge of what happens to it! (But I do want you to be safe...whatever that means to you). Maybe talk to someone you trust. With each encounter you have with other people (sexual or not), you will learn more about yourself and what you want, both sexually and just in relationship or friendship. You will develop a sense of who you are.Have you tried to get to know yourself sexually? This is a super place to start, and knowing how your own body works can give you confidence when you eventually connect with others. When you explore your own body, what feels good? What brings you to orgasm? I wish you well as you explore both who you are and how it feels to connect with others safely. :)"
"Back in high school, my friend and I used to masturbate around each other. I hate even talking about it now because it's so weird. We didn't even realize how messed up it was at the time. One time, it escalated and we ended up doing it for each other. It wasn't supposed to be a gay thing, but it sure sounds like it now that I talk about it. I pushed this away until it recently came up in my head again. I'm having a lot of trouble.","Writing about your high school masturbation times with your friend, is itself a form of acknowledging the full picture of who you are.   You are doing well to reflect on your actions in the truthful way you are doing.Also positive is that you have perspective, that at your age and social maturity, you were innocently doing something that in adult terms, would be considered in a negative way.Maybe through your more mature mind's eye of today, you can feel some compassion and understanding for your high school self.  This way your sense of self-judgment may start to dissolve a little bit more."
"These ""jokes"" are made about everything. They seem to have the need to say something ""funny"" about everything. It's not funny, just awkward.","I agree, it is awkward when people make jokes about subjects which may not be funny at all.  And, if a person only jokes, then after laughing and realizing the person has nothing of themselves to offer, this can also be quite tedious.Realize that you are more aware of human interaction having many levels of expression.  You could start avoiding people who irritate you by the way they behave."
"My best friend and I were pranking her friend, and I told her to tell him that she likes him. She said no, but I forced her. After she told him, he told her that he likes her too. Their friendship is ruined because of me. She won't forgive me, and I feel really guilty. I feel like crying.","In order for your friend to forgive you she'd need to trust you understand the damage you introduced into her relationship with her friend.Its possible if you offer your friend expressions of your empathy toward her  over an extended time, possibly she'll forgive you.You're certainly learning relationship lessons on how to treat people and the effect of betraying another person, which will last forever.Maybe this was meant to be the outcome."
"My best friend and I were pranking her friend, and I told her to tell him that she likes him. She said no, but I forced her. After she told him, he told her that he likes her too. Their friendship is ruined because of me. She won't forgive me, and I feel really guilty. I feel like crying.","This takes time. I don't know how long it has been, but perhaps if your friend is willing to discuss other things with you for a little while, you could discuss this at some point in the future.Hopefully the true intentions will become apparent (in the idea that it was a prank).Also, I encourage you to look at how this is affecting you and how you feel about yourself as well. If it was meant to be a joke and it did not work, that is not entirely your fault.I wonder how you could forgive yourself for what happened?Are you able to seek what you meant to do compared to what actually happened?Do you notice that not everything that has happened here is in your control?Do you recognize that even though you would like things to be better, if your friend is not ready or willing, you are trying to do your part to make it right?Maybe everyone who is/was involved in this can talk together all at the same time to set straight what is truth and what was misunderstood.I wonder if you can think of your own positive attributes (for example: honesty, compassion, trustworthiness, friendship, good listener, caring) and look at what truly exists within you rather than just one your friend is able to see right now.This can be really difficult for multiple reasons, not the least of which is that it involves more than just you, so it's important to focus on the idea that you can ask these other people who were involved to discuss it, but that is ultimately up to them.Best wishes for looking at the positive parts of yourself and your friendships."
"I was “mentored” by this guy for a few years spiritually. It was okay at times, but other times, it was just weird. I try not to think about it too much, but a lot of manipulation and lying happened, yet no one else really believed me when I told them. It's like he's two different people, and no one else really sees that side of him. I was blamed for a lot of our troubles, and now we don't really talk much. I'm worried because he's in a trusted position of leadership and no one suspects anything. They just think I'm attacking his character. How do I know for sure?","You may intuitively be sensing what many professionals in the social sciences and psychology have already understood.Just Google ""psychopaths and leadership"" and many articles come up about boardroom politics and that psychopaths are very successful in these roles.Theoretically, is it terrible that corporate leadership qualities match those of psychopaths?  Well, yes.  And, I consider your question as a mark of your sensitive awareness toward other people.  Being able to recognize social dynamics, is a strength that you have.Psychopaths know how to be charming and to twist words so that others believe that their own interest is the same as the psychopath's.I agree with you about not being able to change people's minds who are attached to this person's interactions.The only way you can introduce a change in the relationship system of a psychopath is that if you are aware of illegal or law breaking activity, and you have evidence of this, that you contact relevant authorities.No one is allowed to break laws, including psychopaths."
"I was “mentored” by this guy for a few years spiritually. It was okay at times, but other times, it was just weird. I try not to think about it too much, but a lot of manipulation and lying happened, yet no one else really believed me when I told them. It's like he's two different people, and no one else really sees that side of him. I was blamed for a lot of our troubles, and now we don't really talk much. I'm worried because he's in a trusted position of leadership and no one suspects anything. They just think I'm attacking his character. How do I know for sure?","It doesn't really matter what the actual diagnosis is, and whether or not he is an actual psychopath, he has manipulated and lied to you, and that is enough reason for you to stay far away from him. Men (and women) with these characteristics can become violent. They can also make your life difficult by creating financial or legal trouble for you. Again, forget about him, and contact the police if you think he is in a position to harm others."
"Every time I send a message to someone or a group message on Instagram, iMessage, or snapchat people will read my messages but then they won't answer me.    Could it be that there is something they don't like about me? I don't understand why they won't answer my messages. How do I get people to respond to me?","I understand the feeling of not being liked due to not having any responses on the sites you list.More than likely the non-response has less to do with liking you than w liking the way you write your messages.Have you tried asking a question in your posts?  This would be one way to invite people to answer your post.When you write,  imagine yourself as the reader of the post.If you think about the wording of a question which would motivate you to respond, then this formula will very likely be the same for many others who read your post.Good luck!"
"Every time I send a message to someone or a group message on Instagram, iMessage, or snapchat people will read my messages but then they won't answer me.    Could it be that there is something they don't like about me? I don't understand why they won't answer my messages. How do I get people to respond to me?","Sorry to hear your friends aren't responding to you. If these friends are in-person as well as online, perhaps going to them in person and asking talking to them about your concern. Perhaps it's the way you send messages or the way they are receiving them. if they say no, then a simple request to respond to your messages. Measure the result and notice if there are even small differences. Also understand, why this is so important to you. Ask yourself, why it's so important for you to receive these messages from friends. What does it mean when they don't respond."
"Every time I send a message to someone or a group message on Instagram, iMessage, or snapchat people will read my messages but then they won't answer me.    Could it be that there is something they don't like about me? I don't understand why they won't answer my messages. How do I get people to respond to me?","I'm sorry that you are having a difficult time.I wonder about how your friendships are in person. If you get along well with people and have effective conversations with them face-to-face, there could be some kind of technology-related problem.Have you tried gently talking to people about how you send a message and they didn't answer? If you can phrase it in such a way that they recognize that you are asking for information and not blaming them for not answering you, that could be effective.I'd also encourage you to consider how much this is bothering you. If it is causing a significant amount of anxiety (say, more than 5/10 if 10 is really anxious), I would suggest talking with a local therapist.In the meantime, consider talking about this with someone you trust to whom you can get more details to get a more specific answer."
"She mostly targets me on social media. The bullying used to be much worse, but it is still going on. The comments are so vague, but I know that they are meant for me. Even when I confront her, she messages me short phrases to try to get in my head. If I try to fight back, she will ruin me.","Sorry to hear of your problem situation.  Feeling intimidated by another person is very unsettling.Stop having contact with the person.Bullies only interact with others either by intimidating someone or by themselves feeling intimidated by someone.Bullies do not have the same dynamics as everyone else.No one can convince or persuade or talk a bully out of their behavior.The best protection for yourself, assuming you are not being physically threatened by the person, is to close contact with them.This does not take away any of the disappointment or sadness of wishing for a better relationship with the person.Until the bully wants to interact differently with others, only harm can result from contact with them.Step one is to stop the bleeding, then to assess and learn to live with not having the person in your life."
It's really hard to not have negative feelings about friends who don't put any effort into nourishing our relationship.,"One thing I would ask is ""why are you still hanging with those {friends}?"" A relationship needs to be nurtured by both parties, it is a dynamic fluctuation between two people. I would ask you to question why you continue to remain together as friends, I always believed that a relationship should emit positivity towards all parties involved, if your in a relationship that is one-sided, it is inevitable that it will start to de-compensate. Never travel with the circus, never travel with fools, everything in life should have some positive payout, will things at times be negative, of course they will, but in order to keep something or someone in your life there should be more positivity than negativity.Hope this helps, C"
It's really hard to not have negative feelings about friends who don't put any effort into nourishing our relationship.,"Interpersonal relationship (either positive or negatives) need to or more persons who give and receive: attention, dedication, time and communication. But what makes friendships special is that they last trough time, at least with those who we call our true friends, those who know us well and whom we have a special connection and those from whom we disconnect at times, without fear of losing them.Consider what is that you are going trough yourself and with your relationship, talk to your friend about your concern; let him (her) know that you would like to spend more time together.  Plan an activity that you both enjoy or try to discover a new hobby. If your friend is not enthusiastic or engaged, give him (her) some time and focus your energy spending time with other friends or enjoying activities in solitude. After a waiting period, call again to let your friend know how you are and that you are still a friend.   If you continue feeling rejected, analyze why you value this relationship so much and consider if it’s worth to maintain it.Mis amigos no ponen esfuerzo en nuestra relación.Es muy difícil no tenerles sentimientos negativos a amigos que no se esfuerzan en cuidar nuestra relación.Las relaciones interpersonales (negativas positivas) necesitan dos o más personas que den y reciban: atención, dedicación, tiempo y comunicación.  Pero lo que tienen de especial las relaciones de amistad es que perduran a través del tiempo, al menos con los que llamamos nuestros verdaderos amigos, los que nos conocen bien y con quien tenemos una conexión especial, y de quienes nos desconectamos en ocasiones, sin miedo a perderlos. Considera que está sucediendo contigo y en tu amistad, conversa con tu amigo(a) sobre tu preocupación, déjale saber que te gustaría pasar más tiempo juntos.  Planifica alguna actividad que les interese a ambos o descubran algún nuevo interés.  Si la respuesta de tu amigo(a) no es positiva o entusiasta, dale tiempo y acércate a otras personas que compartan intereses en común, o dedícate a hacer cosas que disfrutas en solitud.  Después de un plazo,  vuelve a comunicarte para saber como esta, y dejarle su amigo(a) de siempre está ahí. Si sientes que tu amigo(a) no tiene ningún interés, buscar hacer nuevas conexiones, y enfócate más en ti y en otras actividades.  Si tu amigo(a) no responde, analiza porque valoras esta relación, y si conviene mantenerla, aun cuando tu amigo(a) no responde a tus esfuerzos."
I'm having problems shutting them out and putting up walls.,"It sounds like you would like to let other people get close to you and at the same time you are finding yourself compelled to keep people at a distance. Often times, when we have difficulty trusting others, it is because we have specific fears about what would happen if we get close or let our guard down. Such fears may be rooted in past experiences in relationships in which we were hurt and or disappointed. In working with a therapist, you can gain insight into what is underneath your compulsion to put walls around yourself and develop ways to form authentic, lasting, satisfying relationships with others."
"I'm having a quinceañera, and the girls don't like their dresses. They never told me, and now it's a week away. I don't know what to do.","How did you find out that the girls aren't happy with their dresses?Did you hear this directly from one of them or is this third hand information that someone else told you about one of the girls in your party?The answer matters because gossiping instead of directly telling you about a problem, is a problem in itself.I suggest a conversation with the entire group of girls in which you tell them how you actually are feeling about their opinions about the dresses.One topic you may consider bringing up is what everyone expects to get out of the party.  Are they coming because they like one another and wearing a dress in which the girl is happy, is only one way of having fun together?You may learn a great deal as to the difference in values about a quinceaña among you and your friends.I hope you'll have a fun party!"
I would like to be able to have more positive relationships in the present.,"Staying present is an attitude most of us aspire
to, and most of us have to work at it—certainly at first. I’m here to tell you
that living in the now or being mindful is a skill anyone can learn. Unfortunately,
the only way to do it is to do it. What a paradox! But there are plenty of
other skills that we are not born with: walking on stilts, riding a bike,
swimming, and driving a car are good examples. You can’t learn them by reading about
them.Having said that, I can recommend two books on
the subject: Eckhart Tolle’s The Power of
Now and David Richo’s When the Past
is Present. Richo asks that we don’t beat ourselves up about dwelling on
past events. This is nature’s way of reminding us that we have unfinished
business. But while we are attended to the wounds and confusion that litter our earlier lives, we can prepare to inhabit the expanded present that awaits us.He offers three helpful steps to making any important life
change:Step One: Hold in awareness the behavior,
belief, attitude, or characteristic you want to change in yourself and how you
want to be different. Awareness is the opposite of distraction and stuffing.Step Two: Live as if you have
already made the change. (This is hard and takes courage, but you can do it.
Ride that bike—even if for a foot or two.)Step Three: Be persistent.
(Practice, practice, practice.)Just as two-year-olds are able to walk
confidently after hundreds of hours of practice, you’ll be able to stay in the
here and now as long as you want after trying and failing many, many times."
I would like to be able to have more positive relationships in the present.,"Would you describe yourself as sensitive to your surroundings and emotions?If yes, this may explain why letting go of past problems, is itself a problem.The dynamic of living one day at a time and letting go of past problems, is more imaginary and wishful than real.It is a popular notion of TV, FB, and media.Doing the letting go, has nothing to do with what is actually possible to do.Problems are not ""let go"", they are resolved somehow.Living one day at a time isn't possible for anyone who has consciousness.  No one can really disconnect from reality every day on which they wake up.Instead of trying to do the impossible which is promoted online and in media, allow yourself time to recognize what went into creating a problem in your life, in the first place.  Understanding problems leads to peacefulness and resolution.  Then you will have more freedom to make new relationships.Also, be patient with this process and yourself.If you have deep attachment to painful situations in your life, then possibly now is your time for understanding what went wrong.This is a process which cannot be rushed if it is to be done well.If it is done thoroughly, then you very naturally will bring new relationships into your life.And life will no longer feel so painful that you can only manage ""one day at a time"" without hurting.  You won't need to forget what happened yesterday."
I would like to be able to have more positive relationships in the present.,"Hi Chapel Hill, I like your goal; research is telling us more and more that one of the most important keys to happiness is having healthy relationships. If we feel successful in that area, it can give us the confidence and hope to tackle anything life throws at us.There are personal barriers we all have to having healthy relationships; it's our ""stuff"", our ""baggage"" (not a steam trunk, right...you have a cute little Gucci bag!). You hint that people may have hurt you in the past. Maybe fear says ""stay away...hold onto resentment or you will be hurt again!"". Resentment, or simply focusing on the past is certainly a barrier to improving any relationship. Learning to forgive ourselves and others is so important. And remember...forgiveness isn't about saying something was okay; it only means ""It happened, I can't change that, and I don't want to carry it (anger, hurt, resentment) around anymore, so I let it go."" Or...sometimes fear tells us that people won't accept us; this keeps us isolated for sure! But really, all fear wants is power over us. Fear is a trickster! It tells us that if we let go of the past, we will be rejected or hurt. It says ""I'm trying to protect you!"", but what it REALLY wants is to paralyze and isolate us all so it can feel powerful. Once you pull the sheeps clothing off of fear, you can see that it doesn't help you at all!Once you see where your personal barriers are, and you start to refute those thoughts in your mind, you can begin to build new ideas about yourself and other people that are based on compassion instead of fear... Everyone deserves forgiveness and compassion.No one deserves to be judged by their worst moments.If I look in the rearview mirror, I can't move forward.We are all beautifully imperfect.I can't change the past, but I have the power to make the future good.I wish you the best on your journey!"
I would like to be able to have more positive relationships in the present.,"Take one day at a time!!!  Each day do things that make you happy, moves to a positive place, focusing on the future, give you a sense of fulfillment and accomplishment.  Journal at the end of the day of how well you did that day in focusing on these things.  Each day should be a step better than the previous day.  You will have days that you didn't do as well....that is human and OK.  Just get back on track the next day....At the end of the week, review how well you did and give your self a grade.  If did well, you deserve ice cream, etc.  If not so good, OK....tell yourself next week ""got to focus one day at a time"".  You can do it....it takes practice but will get better each day,  I wish you happy days and happy future..."
I would like to be able to have more positive relationships in the present.,"Remember, the past no longer exists and the future is just an illusion as we don't know what will happen tomorrow, so take the present as your guide. That is all we can do, so keep saying this to yourself and try to help someone each day.  The happiness is helping others to feel a bit better."
"In this argument my friends are all against me so I'm wondering if I'm exaggerating my feelings. I feel like I'm being attacked and that is making me blow things out of proportion and taking the role of the victim, when in reality I'm the one being unreasonable and I am simply annoying my reasonable friends. Or are they really being insensitive and not respecting me in our friendship?","Conflict is a tricky beast and shows up in every one of our relationships. What I'm reading is that you find yourself in a loop of  seeking validation of your thoughts and feelings from your friends rather than validating yourself. Am I right? If you aren't validating yourself, no one else will be able to either.  Try finding a small nugget of truth in the feedback your friends give you, this will help to lower your defenses and help your friends hear what you are really sharing.  And then if you are still feeling vulnerable, share that too..."
They're calling me names like hypocrite and a baby even when they act in the same manner as I do. I'm tired of being called names. What should I do?,"It sounds like your confused as to why your friends would be calling you a hypocrite when they act in the same manner, correct? Communication is key to any relationship. I would recommend speaking with your friends face-to-face to address why they feel your behavior is concerning. In-person contact is the best method of sorting out differences considering texts, emails or any written response can be misconstrued. Be upfront with them and let them know that being accused of hypocrisy is hurtful and you feel it is unfounded. If after speaking with them you feel that they have valid reasons for the way they are feeling, maybe you can consider modifying your behavior accordingly. Especially if this friendship is valuable to you. However, make sure they are aware that there is a respectful way to address these issues and name calling is not one of them. On the other hand, if you feel that their reasons are indeed unfounded, it may be best to distance yourself from the relationship. Not all friendships are healthy ones. And it is important that you surround yourself with people who are an asset to your self esteem as opposed to those that hinder it.I hope you are able to get this matter sorted. Best of luck!"
"I've been bullied for years and the teachers have done nothing about it. I haven't been diagnosed with depression, but i have been extremely sad for years.
   How can I deal with being bullied at school when the teachers won't help?","That's a very difficult situation that you are in. But you are not alone. I have several school-aged clients who find little to no assistance from their teachers at their schools regarding bullying.There are a few options that are available to you to help deal with being bullied at school. One option that I would suggest is for you to talk to your support network. Friends and family can sometimes be good sources of support. Another option would be to speak with us about your counselor, if you have one. And third, there are some excellent online sources of support regarding the bullying at school (www.stopbullying.org)."
"I've been bullied for years and the teachers have done nothing about it. I haven't been diagnosed with depression, but i have been extremely sad for years.
   How can I deal with being bullied at school when the teachers won't help?","Teachers don't do anything about it due to liability of the school (school and faculty would get sued and have claims made against them); wouldn't expect much out of them;Couple things:1) Realize that bullies accuse others of the very crimes they are doing themselves;2) Bullies aren't actually all that weak as others have said, but do not stand up against constant pressure of truth-telling;3) Research yourself, or pay someone, to locate the bully's mother and father, and let them know what you have experienced (by way of text, phone, letter, etc.);4) Access your own mother and father and tell them what you have experienced, and see if they will help;Long term, society must return to a more masculine way of being such that these sorts of troubles are dealt with at the home :)Learn to be man/woman, and watch the magic happen."
"I've been bullied for years and the teachers have done nothing about it. I haven't been diagnosed with depression, but i have been extremely sad for years.
   How can I deal with being bullied at school when the teachers won't help?","To be bullied is very painful.I'm glad you know the bullies are doing the wrong thing and whatever they are telling you is pure meanness.Depending on how independent you feel, why not tell either your classroom teacher or schedule an appointment with the vice principal?Bullying other students is taken very seriously in some states and schools are expected to address the bullying until the victimized student feels safe.If you hesitate to do this on your own, then would you ask either of your parents or even a friend of yours who is also in the school, to report the problem?In case you are afraid the bullies will retaliate for reporting them, then tell this to whatever school authority you decide to ask for help.You're entitled to be protected by your school."
"I nanny a three year old. When he wakes up in the morning he calls out for someone to come get him. If I am the one to go get him out of bed he gets really upset and refuses to let me near him. He screams that he wants his mom or dad (they work from home).    The rest of the day he loves me. But not in the mornings.
   What can I do?","It doesn't sound like he hates you, just misses mom and dad in the mornings. You could validate his feelings by saying something like ""I know you want to see mom and dad right now, but they are working"" and then give him a couple options of things that may take his mind off of it. This could be choosing what he has for breakfast or playing a game of his choice. If possible, it may also be helpful if you could create a routine in which he stops by mom and dad to say good morning. If this is routine, he will come to understand that he will be able to see mom and dad for a minute and not become anxious about seeing them."
"I nanny a three year old. When he wakes up in the morning he calls out for someone to come get him. If I am the one to go get him out of bed he gets really upset and refuses to let me near him. He screams that he wants his mom or dad (they work from home).    The rest of the day he loves me. But not in the mornings.
   What can I do?","Be lighthearted, this toddler may not be a morning person! He is most likely wanting to connect with either parent when he arises in the morning. It could be helpful to talk with his parents and establish a routine that he would be comfortable with."
"I nanny a three year old. When he wakes up in the morning he calls out for someone to come get him. If I am the one to go get him out of bed he gets really upset and refuses to let me near him. He screams that he wants his mom or dad (they work from home).    The rest of the day he loves me. But not in the mornings.
   What can I do?","It is very likely the child is upset by the fact that the parents have left, more than that he hates you in particular.The fact that by afternoon he is happy with you shows more likelihood that he reacts to the parents departure more than who you are."
I need to get on base to see my doctor. My ID card was in my wallet which was stolen. I’m unable to reach my husband at this time. He is only one who can take me on base in order to get a new ID so I can continue to see doctor. Is there anything I can do?,You should be able to get a replacement ID card either from the Personnel Office on your local base (the actual name of this office will vary depending on which branch of the military it is). You may also be required to go to the Military Police or Security office on base to report the loss of your old ID card.
I need to get on base to see my doctor. My ID card was in my wallet which was stolen. I’m unable to reach my husband at this time. He is only one who can take me on base in order to get a new ID so I can continue to see doctor. Is there anything I can do?,"Do you have any other form of identification? The first place to stop would be the Visitor’s Center or whichever department issues passes. They are located outside of the gate so you do not need a military ID to enter. If you have another form of identification it’s possible that they can give you a pass in order to go and obtain a new military ID. If you do not, you could always ask someone else to sponsor you on (a friend, coworker, etc.) that have military access. Depending on the threat level, they may not need your ID as long as you are with someone that has access. Keep in mind that currently (6/11/15) all military bases are on Bravo which unfortunately means you will need your own ID.Finally, if all else fails, call your doctor and explain your situation. I’m sure they would be more than willing to discuss your options.Also, it’s important to make sure that you report your wallet being stolen if you haven’t already. Security Forces on base can help you with this and to ensure your ID doesn’t get into the wrong hands. Good luck!"
I need to get on base to see my doctor. My ID card was in my wallet which was stolen. I’m unable to reach my husband at this time. He is only one who can take me on base in order to get a new ID so I can continue to see doctor. Is there anything I can do?,"As a prior military spouse myself I can happily report that you have several options in this case. First, you can go to the visitors center and let them know what has happened to get a temporary pass for a new id. Also, you can call the squadron commander or other official from your husband's unit to get them to tell you how to proceed. You can also contact the military personnel flight for more information The best thing is to get a new id as soon as you can. There should be no problems because it was stolen and yu might need to report it to the military police or security forces on base."
"I self-harm, and I stop for awhile. Then when I see something sad or depressing, I automatically want to self-harm.","In a way, self-harm can present somewhat like an addiction.  According to new research within the field of neuroscience there is a valid explanation for this.  When a person cuts or uses other forms of self harm, the body produces endorphins to help make a person feel better.  If a person was dealing with depression or high anxiety, that might be misinterpreted by the brain as a way to help oneself feel better and a new neural network or map might form (addiction) that would utilize this new behavior.  Another way to look at it would be thru a behavioral lens, a positive reward for a behavior, even though the behavior has other long term negative consequences.  Consider working with someone who can both have you work on and address those items that trigger your behavior and the root causes, in this case sadness or depression, and second find someone who can help give you alternatives that take into account the neurological requirement by replacing the behavior with another behavior (such as snapping a rubber band on the wrist) and working to extinguish the unwanted behavior.   Someone who is trained in Dialectic Behavior Therapy and/or Interpersonal Neurobiology would most likely have the skills and means available to address this with you."
"I self-harm, and I stop for awhile. Then when I see something sad or depressing, I automatically want to self-harm.","Self-harm has a way of becoming a go-to method of coping. When we get stuck using self-harm as a way to deal and manage emotions, when something serious happens it totally makes sense that that will be one the first things to go through the mind. It is its own kind of addiction. There is a therapy, DBT or, Dialectical Behavior Therapy, which focusing on giving you new tools to get through hard times, understand and manage your emotions, to stay present and to deal with relationships. This one of the most effective interventions there is for self-harm. If you are interested in DBT, reach a local therapist in your area and ask if they do DBT or can recommend you to a DBT program. This can help immensely. Self-harm recovery is totally possible, but it is definitely hard work!"
"After he got home from the hospital he was angry, then for a time wonderful. Now he is depressed and hopeless again.","Hello, and thank you for your question. This is a very serious time. I don't mean to frighten you, but you are right to be concerned. The time right after people leave the hospital after receiving psychiatric services is a time of high risk for suicide. It is very important, after hospitalization, to get follow-up care with a professional as soon as possible. If your husband has an established therapist, this is the time to call. It is also a good time to alert your support system of friends, family, clergy or others to let them know he is still struggling. This is good support for him AND you.It is important to think about means and opportunity to make another attempt. Means really do matter.  So, if you have a firearm in the home, it is really important to remove it. You can't remove all things that a person may hurt themselves with, but some things are more lethal than others. Firearms are very lethal. I am not sure what means he used last time, but try to reduce the opportunity for him to access it again. This is where your support system can help out. People can take turns hanging out with him until you are sure the crisis is over.If you believe that an attempt is going to occur, talk to your husband about going back to the hospital. If he refuses, you will want to find out what your options are to have him go even if he doesn't want to. I know the thought of that really hurts, but it can save his life. Calling 9-1-1 is always a good option if you are not sure. Usually a suicide crisis, meaning they want to harm themselves right now, lasts a few minutes, hours or days. Sometimes when you get them through the crisis stage, they no longer want to commit suicide. But, as you are indicating, that feeling of wanting to commit suicide can come back again. So, it is always good to have a plan. If you want more information, call the National Suicide Prevention Lifeline. They will always answer: 1-800-273-8255. They can help you create a specific safety plan. I do hope things work out alright. Be well. Robin J. Landwehr, DBH, LPCC, NCC"
"After he got home from the hospital he was angry, then for a time wonderful. Now he is depressed and hopeless again.","This is actually more common then we often realize, and actually understandable, as he has gone through a trauma, an unresolved existential crisis.  He was taken care of by others and now is again left alone with his own internal, and rather horrific inner struggle.In my work with CCT, or Contextual Conceptual Therapy, (see www.suicidetherapy.com) I have learned how trapped suicidal people are in their own isolation, also called a ""mysterious isolation,"" a form of self protection which cuts the off from their Self, or spirit.  And unless they address this message from their soul, accompany a guide on a journey to discover their own missing information, that is to recognize how their own uncomforted emotional pain has resulted in a coping stategy which has effectively cut themselves off from their own beauty, their Self, and their ability to receive love from themselves and others. Their attempt to kill themselves is a cry from their soul or spirit that they cannot live the life they are living any longer.  They take this literally and try to end their life, when in fact what their soul or spirit is saying is they need to begin to live the life they came here to live."
"After he got home from the hospital he was angry, then for a time wonderful. Now he is depressed and hopeless again.","I'm thankful to read your husband found care and that his suicide attempt wasn't successful.   While he was hospitalized, and prior to his release, your husband would've been provided in writing a self-care action plan. This typically includes things like committing to a contract 'not to harm' and what to do if he felt overwhelmed by his anger, depression, and hopelessness (e.g. call 911, call therapist, go to nearest hospital emergency department). Additionally, his protocol would've provided instructions for his taking medication(s) as directed, having a follow-up appointment(s) with his psychiatrist/psychologist/clinical social worker, and participating in some form of small group support.  If your husband's struggling as you describe, and you are feeling overwhelmed or frightened for his (your) safety, I'd encourage you to seek immediate assistance."
"After he got home from the hospital he was angry, then for a time wonderful. Now he is depressed and hopeless again.","This must be so difficult for both of you.  Watching someone you love suffer so profoundly can bring up lots of difficult feelings.  Without knowing what you are already doing, I have a few thoughts to share with you. First and foremost, know that you cannot fix this for him, and get support for yourself.As much as you are able, make space in your relationship for him to talk about what he is experiencing.  He might not want to talk, and that is ok.If he wants to talk, try to listen without judgement and without trying to talk him out of his feelings.  Focus on validating his feelings and just sitting with him in his pain.Let him know how you feel...that you love him, that you care, that you are concerned, that this is scary for you too, that you are here.I hope that this is helpful.  On my website (www.sarahmcintyrelpc.com), I've written a series of blog posts about coping with distress.  The techniques I've written about there may be supportive for you and your husband.  Sending warm wishes your way.  -Sarah"
"After he got home from the hospital he was angry, then for a time wonderful. Now he is depressed and hopeless again.","I appreciate that you are concerned about your husband's emotions and want to support him as best you can right now. I imagine that you must be going through your own difficult time too. You've had a complicated shock and trauma in your life and in your marriage; it's normal for both of your emotions to move from hope to despair to fear, anger, gratitude... there is no wrong way to feel and there is no particular pattern your emotions or his will follow. Try not to assume what he is feeling but ask him instead. ""How are you doing today?"" is something that can be asked over and over again and your love and compassion for him will come through. If he has a hard time talking, you can share your observations. ""I notice you're more withdrawn. This worries me."" Certainly it will help you if you know what he's thinking and feeling because he hid his intentions to hurt himself. It's normal that you want to know. If there is depression and hopelessness, this likely was part of what led to his initial despair. There is help out there. Depression is treatable, and seeking that treatment is important right now at this vulnerable time. This is the kind of complex situation that can be assisted by a therapist who is qualified to help you both understand and manage your emotions. Whether your husband seeks help or not, I hope that you do."
"After he got home from the hospital he was angry, then for a time wonderful. Now he is depressed and hopeless again.","A failed suicide attempt is commonly thought of as a “cry for help,” however it can also be a serious attempt to find a permanent solution to depression, hopelessness or other feelings a person feels are unbearable. It’s wonderful that you want to support your husband, but If your husband is feeling depressed and hopeless, you can best help him by getting him to a mental health professional. Feelings of hopelessness and depression, and previous attempts at suicide are all risk factors for future suicide attempts. With a mental health professional, or in the emergency room of a hospital, your husband should be evaluated for suicidal thoughts, intent and plan, and if he is a danger to himself he should probably be hospitalized again until he is stable. Without knowing the particulars, your husband may suffer from Major Depressive Disorder or some other illness on the depressive spectrum. In that case medication could help him immensely, at which point you can offer your support and encouragement him to practice gentle self-care. And do not forget to practice it for yourself.  Remember: a suicide attempt not only affects the person, but it is an immense stressor for his or her loved ones as well. As they say, “put your oxygen mask on first.” Then you will be better able to provide your husband with calm and loving care and attention.Kayla Schwartz, LMSW[email protected]"
"After he got home from the hospital he was angry, then for a time wonderful. Now he is depressed and hopeless again.","The fact that you're reaching out for help here is really helpful.The first thing I would suggest is that you consider seeing a local mental health professional yourself to be able to talk about the details, how this is affecting you, and how you can hold onto you are while also being supportive to you husband.From the way that you describe this, I wonder what has changed since coming home from the hospital. Perhaps you can have a conversation with your husband this and mention that you are asking him questions to learn more about his experience and you can discuss how you notice that things were going much better when he came home from the hospital, and now things are not as good. Perhaps he can tell you about what is different so that you may know him would be most helpful to him.I also hope that you husband is still continuing with his own treatment.There may also be a local peer support telephone number for the county that you live in that they be able to help you determine whether your husband needs more immediate treatment if he is feeling hopeless again. There are national crisis telephone numbers listed below as well."
"After he got home from the hospital he was angry, then for a time wonderful. Now he is depressed and hopeless again.","Since as husband and wife your lives are closely joined, how your husband feels greatly influences the way you feel.Give yourself some time to concentrate on how you've been affected by your husband's suicide attempt.   Even if you decide against immediately telling him how you're feeling, knowing this about yourself will guide how and the topics you bring up with him.Is your husband talking easily with you?Do you have some ideas as to what is creating his feeling of hopelessness?The ideal approach would be if the two of you are able to discuss what bothers him and what bothers you.Depending on how far away you each are from such a position, you may benefit from speaking with a licensed professional therapist who can guide you and or you and your husband on opening up for discussion what feels stressful enough to merit taking one's own life."
"After he got home from the hospital he was angry, then for a time wonderful. Now he is depressed and hopeless again.","It seems like you are very receptive of your husband’s emotions and want to support him trough this time.  But it is also important of being aware of your emotions.  How are you feeling after the suicide attempt?  It is common to experience negative feelings while you try to make sense of the incident.  Feelings like anger, shame, guilt and fear are frequent; while, wanting to avoid, minimize and become distant from the person are parts of the defense mechanism to attempt a quick resolution.  Once you understand and overcome those feelings you may be in a better position to help your husband; who may be experiencing some negative feelings as well.First, it is important to have a safety plan in place, which includes removing harming objects from the home, knowing who to call if there’s a new attempt (either 9-1-1, or nearby treatment center), have a professional expert who monitors you and your husband’s progress, either a Counselor or mental health provider could help you manage negative feelings and identify ways to handle triggering situations.Once the safety plan is in place,  make him feel supported and not judged, saying open ended statements, like: “I am glad that you are here, please let me know what I can do to help you through this process”.  Making small changes toward a healthier living may help as well.  Exercising, eating healthier and practicing new leisure activities may be good ways to start.  Also, explore your spirituality and your husbands, looking for ways to encourage each other by joining a support group or finding people who share your spiritual beliefs.If you have more questions or concerns I offer teletherapy in the State of Texas, and traditional Counseling in Puerto Rico, call 787-466-5478. ¿Cómo puedo ayudar a mi esposo después de un intento de suicidio?Después de que el llego a casa del hospital estaba enojado, luego por un tiempo maravilloso.  Ahora está deprimido y sin ánimos.Parece que estas muy atenta a los sentimientos de tu esposo, y que lo deseas ayudar durante este momento de su vida.  Pero también es importante estar consciente de tus propias emociones.  ¿Cómo te has sentido luego de este intento de suicidio?   Es común que experimentes emociones negativas mientras los recientes sucesos hacen sentido.   Sentimientos como coraje, vergüenza, culpa y miedo son comunes, y el querer evitar, minimizar o distanciarte son mecanismos de defensa igualmente comunes.  Ya que comprendas y superes estos sentimientos,  estarás en una mejor posición para ofrecerle ayuda, recuerda que tu esposo también debe de estar experimentando sentimientos negativos. Es muy importante tener un plan de seguridad, esto incluye remover todos los objetos que pueden ser dañinos o facilitar un futuro atentado, saber a quién llamar en caso de una emergencia (9-1-1 o una clínica de emergencias cercana),  tener un experto que monitoree tu progreso y el de tu esposo, puede ser un Consejero u otro experto de salud mental que te ayude a manejar los sentimientos negativos y situaciones retantes.Ya que el plan de seguridad sea activado, crea un ambiente donde tu esposo se sienta apoyado y no juzgado.  Utiliza frases abiertas para comunicarte, dile que estas feliz de que este contigo, y quieres saber cómo puedes ayudarlo durante esta etapa.   También haz cambios pequeños para mejorar su calidad de vida como pareja.  Hacer ejercicios, comer más saludable y compartir actividades puede ser un buen comienzo. Explorar tu espiritualidad y la de tu esposo también puede ser de ayuda, y encontrar personas o grupos que compartan esos mismos intereses puede ser una manera de mantenerse motivados.Si tienes más preguntas o preocupaciones sobre el tema, ofrezco teleterapia en Texas y Consejería Tradicional en Puerto Rico, llama al 787-466-5478 para más información."
"How do therapists classify the type of personality their clients have? What characteristics do they look at to decide what type of personality the client has? I've read about this online, but I'd like to understand this from a therapist's point of view.","This is a great question, and I am happy to have the opportunity to explain my approach. When I am determining what type of personality a client has, I take my time and really absorb their lens/ point of view to themselves and others. Determining a personality type takes some time getting to know the person, and building rapport. After taking time to get to know them, and learning about their view they have of themselves and others, it is important to pick-up on more specific personality traits, which comprehensively contribute to a personality type. Clinicians, including myself, often witness certain traits that are enduring and consistent, which indicate a type of personality. For example, if a therapist is noticing that a client is exhibiting traits of organization, needing to be on time, planning, and perfectionism, these traits contribute to the ""type A personality"". In addition to utilizing clinical judgment, clinicians often use personality assessments and follow the guidelines of the DSM-5/ ICD-10."
"How do therapists classify the type of personality their clients have? What characteristics do they look at to decide what type of personality the client has? I've read about this online, but I'd like to understand this from a therapist's point of view.","That's a great question. There is such a wide range of ways to define ""personality"" that it is difficult to identify specific characteristics that are used to identify personality types.That being said, some clinicians will use standardized tests (or assessments) to assess a client's type of personality. While these tests can't tell us everything about a person, they can help us understand where we are within larger groups of different personality styles.Some counselors will also use a diagnostic tool (like the DSM or ICD) to help a client understand a diagnosis that is related to a personality disorder."
"How do therapists classify the type of personality their clients have? What characteristics do they look at to decide what type of personality the client has? I've read about this online, but I'd like to understand this from a therapist's point of view.","Not very well :)So, you got the Jungians, and you got the Big Fiver's, and you got every manner of Ivory-Tower Orc in between, loosening the chains on their drooling, snarling Pet Theories...The real truth is, does it matter?  If it does, what does it matter?If it's still of keen interest to you, I would presume that God designed most of his creatures with a ""simpler set"" of personality blueprints; not a complex set as theorized by man;Also realize that this level of reality is dualistic in nature; that means there is two of everything;So, imagine that whatever personalities you observe, and whatever words come to mind, also think of the opposite word, and you'll have a good sense of what actual personalities look like :)Then, share your findings; it'll be pretty neat to see what you come up with."
"How do therapists classify the type of personality their clients have? What characteristics do they look at to decide what type of personality the client has? I've read about this online, but I'd like to understand this from a therapist's point of view.","In my therapy practice I avoid characterizing people except for whether or not they are self-harming or a risk to harm other people.As long as someone is sincerely trying to know more about themselves my work is help the person clarify who they really are and how their true self may be quite different than the life the person created for themselves, based on satisfying other people's standards.In broad terms, personality disorders have stock characteristics which change very minimally over time instead of  uniqueness  which constantly flows and changes with circumstances over time."
"I keep having these random thoughts that I don't want. Things like ""you aren't worth anything."" I know they're my own thoughts but it feels like someone else is saying it.
   What is wrong with me, and how can I stop having these thoughts?","I think we all go through a period of time where we think we aren't worth anything. Sometimes these feelings are a result of low self esteem or because of shame. The most important part of dealing with this thought is to separate feelings from reality. ""I don't feel worth anything, but I know what I do is important, I know who I am matters to others. I know I am loved and cared about.""When you find yourself having these thoughts, stop, take a few deep breaths and try to reframe what you're thinking."
"I keep having these random thoughts that I don't want. Things like ""you aren't worth anything."" I know they're my own thoughts but it feels like someone else is saying it.
   What is wrong with me, and how can I stop having these thoughts?","There is nothing wrong with you! Sometimes we get intrusive thoughts that can be worrisome. One things that can be helpful is to identify if there is a trigger to these thoughts - something in your life that makes these thoughts more common (an experience, a person, a place, a situation, etc.). It will also be helpful to try and challenge this type of thinking by focusing on ways in which you are worthwhile as a person and have worth in your life. CBT (Cognitive Behavioral Therapy) may be particularly helpful with this, also. If you are open to seeing a therapist, find one that does CBT. You can also find resources on CBT online. It focuses on stopping and challenging unhelpful and harmful thinking patterns and replacing it with more helpful and healthy thinking patterns."
"I keep having these random thoughts that I don't want. Things like ""you aren't worth anything."" I know they're my own thoughts but it feels like someone else is saying it.
   What is wrong with me, and how can I stop having these thoughts?",We all suffer from random thoughts from time to time. Being able to manage your thoughts and choose what to think about yourself is something you would learn in  counseling. An effective treatment modality for this situation is cognitive behavioral therapy.
"I keep having these random thoughts that I don't want. Things like ""you aren't worth anything."" I know they're my own thoughts but it feels like someone else is saying it.
   What is wrong with me, and how can I stop having these thoughts?","A lot of times the thoughts we have about ourselves are messages we have received from other people and later internalized them. So in that sense, these thoughts are yours and belong to you, but you have received these messages from somebody else. Even though we all receive messages like this at times, it pays to be careful not to ignore other messages we are receiving, such as a loved one appreciating your help or attention, a friend responding to encouragement, or a colleague showing interest in you. I hope this helps."
"I keep having these random thoughts that I don't want. Things like ""you aren't worth anything."" I know they're my own thoughts but it feels like someone else is saying it.
   What is wrong with me, and how can I stop having these thoughts?","Those kinds of thoughts can be quite difficult to handle, but if they are your own thoughts (and not voices you are hearing, which can be very different), they likely are not new to you. From what I've learned from clients I work with, often these thoughts have been quite useful for them over the course of their lives, that through criticizing oneself, it is a way of motivating oneself. However, in your case and in most of those clients, it has caught up to them and it's almost like they no longer need the motivation (that they can do just fine motivating themselves by themselves!)I think it's important to see these thoughts as the voice of the ""inner critic."" That inner critic was there for a long time, again, because ""it"" (I like to identify it as a thing inside of you) thought that you needed motivation in the form of criticism to stay on task with your life. But now that that kind of sentiment is no longer needed by you, it might be time to have a different kind of relationship with it. But it wants to be heard. It doesn't want to silenced (Or ""stopped"" in your words.) So instead of trying to ignore it, perhaps we can see all the ways you are worth something and internalize (take in, let those ways resonate with you, sit with them, think about them) so that the inner critic can see that it isn't quite correct in what it is saying. In essence, you are instead sitting with the thoughts or worthiness instead of worthlessness.If that is challenging, sometimes seeing someone who is objective, such as a therapist, can be helpful. They can help you see the ways in which you are strong, have resilience, as well as any positive attributes that might be hard to see in the face of this loud inner critic. And, above all, if you feel like this doesn't resonate for you, and that the voices might actually be voices, an evaluation should be sought to further tease out what sorts of symptoms you are experiencing."
"I keep having these random thoughts that I don't want. Things like ""you aren't worth anything."" I know they're my own thoughts but it feels like someone else is saying it.
   What is wrong with me, and how can I stop having these thoughts?","We have thousands of thoughts a day. Some thoughts we choose to think, and some thoughts are random as you describe. We can't control the first random thought but as soon as we become aware of it we can make a conscious choice to change the thought. Positive affirmations are messages we intentionally read to or tell ourselves to help us counteract negative thoughts. If you find yourself under stress on some days more than others you may notice an increase of these negative thoughts about yourself.  To help you neutralize your negative thoughts and make it more natural to randomly think positive thoughts about yourself you might find it helpful to work with a therapist who specializes in cognitive behavioral therapy. This professional can help you build insight into your errors in thinking, help you develop a stress management plan, and provide you with additional tools to boost your self-esteem."
"I keep having these random thoughts that I don't want. Things like ""you aren't worth anything."" I know they're my own thoughts but it feels like someone else is saying it.
   What is wrong with me, and how can I stop having these thoughts?","Many people have thoughts like those you describe, and often it feels like someone else is saying it because they are things that may have been said to you when you were very young.  When young children hear negative things about themselves they tend to internalize these negative ideas and to form negative core beliefs.  The good news is we can learn to stop these thoughts and to replace them with healthier thoughts.  The first step is to catch yourself when you are thinking these thoughts, and to stay ""stop!""; then replace it with another thought.  So for instance, maybe you fail a test or get rejected by a romantic interest.  You catch yourself saying ""you aren't worth anything"". Stop this thought, and replace it with ""You didn't do as well on that test as you would have liked.  Let's figure out how you can do better next time.""  Or ""she may not want to go out with you, but someone else will"". So the idea is to develop a voice of a ""friend"", who can tell you the kind of things you would say to your own best friend.  You might also pick up the book, Feeling Good, by David Burns. He gives many tips for how to change Negative Self Talk."
"I keep having these random thoughts that I don't want. Things like ""you aren't worth anything."" I know they're my own thoughts but it feels like someone else is saying it.
   What is wrong with me, and how can I stop having these thoughts?","Talking to a licensed profession who can discuss this in greater depth can be best. As a general information, in short, I can say that our thoughts are greatly influenced by our early life experiences. Our thoughts are processed through schemes, these are mental images or templates by which we make meaning of the world around us.  While our upbringing has a great influence on the way we see and interact with the world around us as adults, However, we are not condemned to abide by them for life, in psychotherapy, you learn to change negative schemas with positive ones. Yeah, if you had less than optimal childhood you would have some sort of negative schemas that unconsciously lead to self-sabotage your efforts for success and happiness. The research in the field of interpersonal neurobiology suggests that without conscious awareness and reflective practices we tend to interact with the world by repeating old habits of mind. On the other hand, in psychotherapy you can learn helpful strategies to increase your conscious abilities to stay in control of your mind in the present moment and reduce intrusions of negative mind habits. Yoga, meditation, and tai chi are also found to increase self-awareness and lessen the intrusions of negative self-judgment on one's psyche."
"I keep having these random thoughts that I don't want. Things like ""you aren't worth anything."" I know they're my own thoughts but it feels like someone else is saying it.
   What is wrong with me, and how can I stop having these thoughts?","Life is beautiful without unwanted thoughts and stress. With proper strategies and tools it is possible to regain control over your thoughts. I guess you are just having ""thoughts"" and not actually ""hearing voices""? My suggestion is to see a therapist and go from there."
"I keep having these random thoughts that I don't want. Things like ""you aren't worth anything."" I know they're my own thoughts but it feels like someone else is saying it.
   What is wrong with me, and how can I stop having these thoughts?","First off, there is nothing wrong with you.  In fact, having random thoughts we feel we cannot control is actually quite common and normal.  Sometimes our thoughts think they are protecting us (if we think we aren't worth anything, it won't hurt when we get rejected) but they are actually doing quite the opposite.  They are keeping us ""stuck"" and creating a self-prophization.  (If I think I am not worth anything, I don't have to try, and I will keep proving to myself that I am not worth anything).  There are many techniques to work through and start to change our negative self-talk.  There are actually many self-help workbooks that can help with this as well.  A technique I like to use is meditation or mindfulness.  This can teach us to accept our thoughts (not fight them) and then learn to let them go.  Release the power they have on us.  If we can learn to release these and not ruminate on them, this will give us the space to allow more positive and supportive thoughts to come in.  Mantras can help with this as well (I AM worth a lot, I AM important, I have value).  Saying these to yourself everyday over and over (even if at first you don't believe) can retrain our brains to believe it (and allow us to believe it).  I have even wrote positive mantras to myself in my bathroom mirror so I am forced to look at these throughout the day.Please remember to not be hard on yourself as you begin to attempt to change the automatic thought patterns.  It took a while for you to get where you are and it will take a while for this change to kick in and feel normal.  So allow the process to happen slowly and allow yourself to accept you as the amazing and brave person you are."
"I keep having these random thoughts that I don't want. Things like ""you aren't worth anything."" I know they're my own thoughts but it feels like someone else is saying it.
   What is wrong with me, and how can I stop having these thoughts?","Those  critical thoughts most likely came into your mind as the way you understood what one of your parents or some other adult who was very meaningful to you, at a very young age.When we are too young to distinguish whether what a grown person tells us, feels accurate, we absorb their opinions as our own.Your question shows you've reached the point of emotional maturity to know that your opinion about yourself is not the same as what is inside your emotional brain and stored there since you were too young to know that someone else's opinions are not necessarily your opinions.Nothing is wrong with you, everything is right with you to wonder how to more firmly establish your own point of view.Start the habit to revise any viewpoints about yourself which don't feel true.Then replace these thoughts with better ones which you decide on your own.After a while of doing this you'll either automatically think the more positive thoughts about yourself or at least be in the habit to know that negative viewpoints about you are not necessarily true."
"I'm currently struggling with diagnosed depression, anxiety, and Misophonia. Also, I am 99% sure I have Borderline Personality Disorder and Avoidant Personality Disorder. I read the DSM-IV, taken college psychology, etc. I know it in my heart I have them. Is self-diagnosing okay with the right research?","Any diagnosis is limited in its usefulness.Knowing the name of some typical ways you may feel, think and behave, doesn't help you or anyone to understand why the person is the way they are and how to change any of these characteristics.Both self-diagnosing and being diagnosed are equally unhelpful to know why you are the way you are and what to do about it.Consider yourself a person who wants to find a better way to be who you are, and this will get you further with better results than to read a list of descriptions which all are very indicting and negative sounding."
"I'm currently struggling with diagnosed depression, anxiety, and Misophonia. Also, I am 99% sure I have Borderline Personality Disorder and Avoidant Personality Disorder. I read the DSM-IV, taken college psychology, etc. I know it in my heart I have them. Is self-diagnosing okay with the right research?","Hello, and thank you for your question. Self-diagnosing is something that we all do about one health issue or another. Taking a guess about what may or may not be happening to us is completely normal, however the actual clinical diagnoses of a mental health disorder requires a licensed mental health professional. Here are a few reasons for this: 1. Making a clinical diagnosis often requires other things besides matching up the symptoms of a disorder. To come to a diagnoses for any of the things you mentioned, a counselor would consult the DSM, but they may also use some type of screening tool, assessment or scale. Many disorders have similarities and it requires someone with training to tease out the differences in the symptoms. 2. Our judgement is sometimes off when it comes to assessing ourselves. We really can't be objective. Something as serious as determining a diagnosis really needs to be done by someone who has that objectivity. In addition, once you know your diagnosis, treating it usually requires help from a professional. 3. Sometimes the symptoms of a mental health disorder makes self-diagnoses impossible, in and of itself. For example, someone could be having hallucinations or delusions and not realize it. That would clearly make it impossible for them to diagnose themselves. There a many examples where something like this could happen with different mental health disorders. There are other reasons, but these are three important ones. Now, does this mean that you are wrong about your diagnosis? Maybe not. You may be correct. But, it is important to get this confirmed by a professional mental health clinician. If a disorder is then found, you can begin to talk about treatment. Hope this was helpful. Be well.Robin J. Landwehr, DBH, LPCC, NCC"
"She has trouble falling and staying asleep and she's always either extremely hungry or not hungry at all. She also gets angry and feels like crying really easily for no reason. She says she is always ""kind of down.""
   Is this depression? What can I do to help her?","Sounds like signs of someone who is depressed.Since the person in question is your friend, offer your friendship to listen to any situations or feelings she has about herself and the way her life is going.Depressed people are often lonely people and feel as though no one around them cares or notices them.  Your willingness to be available to her may lift her spirits.  Feeling loved goes a long way to dissolving depressed feelings.Also, if in the beginning when you offer to talk, there is a high chance she'll be defensive and turn down your offer.Try again on another day and then another day.When people feel depressed they usually shut down.  So you may need a few or several tries before your friend accepts your offer to show her you care about how she is doing.Also, watch for signs within yourself that your friends' depression is not sinking your emotions.  Depressed people are draining to be around because they often see and talk about only the negatives and drawbacks of situations."
"I had a very troubled up bringing and I'm currently dealing with alot right now. I know some people may not think so, but to me its a lot. I feel overwhelmed. Could this be depression?
   I use to be in therapy as a child. Alll throughout elementry, middle, and high school I had counseling 2-3 times a week. I haven't be in counseling lately though.","What matters most is how you feel and what you're doing, with whom you're interacting, whether you feel you've got enough interaction to be happy.Whether or not a clinician would decide to identify you as ""depressed"" matters much less than how you actually are feeling, if you have some ideas as to what might improve your sense of being, and how to go about reaching your goals.If therapy during your childhood made you feel better and you feel you may be depressed, then trying therapy at this point in your life, makes sense.The worst that can happen is you find you feel better than you first understood.The best that can happen is you find a caring therapist who helps you find faith in yourself again."
"I empathize so much, even with characters on tv or in video games, that I actually feel physical pain. This has made life difficult to say the least.
   I believe I have an actually case of something called hyper empathy disorder. But since it's such a new disorder I can't find any information about it. Could this be what is going on with me?","Sometimes it's helps to have a name for a problem - it can make you feel less alone as in, ""oh there's a name for this and other people have this experience too."" On the other hand naming the problem can also make it stick around longer as in ""now I have a special problem that has a special name, and that's an important part of who I am.""Bottom line, whether it's a disorder or not, you would like life to be easier and not have to be pulled so much by other people's energy and feelings. You might want to try imagining that you have a volume dial on your empathy (just like the volume dial or button on the tv) that you can gently turn down to the point where you still feel what's going on but it's not so ""loud"". You can also try imagining pulling your own energy back as if you were drawing your energy back home to the center of your own body and being, letting go of the other people or characters that pulled your energy out so far. This is a way create better boundaries and protect your own vulnerability. Just like on an airplane where they tell you to put on your own oxygen mask first before helping anyone else, your empathy will most likely not really help others if you allow yourself to be depleted."
"I empathize so much, even with characters on tv or in video games, that I actually feel physical pain. This has made life difficult to say the least.
   I believe I have an actually case of something called hyper empathy disorder. But since it's such a new disorder I can't find any information about it. Could this be what is going on with me?","It sounds like this would be difficult at times, particularly if you feel misunderstood.You may or may not know that we all have chemicals in our brain. We also have different sections of our brain that become active when different things happen. There is a part of our brain where a lot of our emotions originate that is also designed to protect us when we are going through things that have been physically or emotionally painful in the past, and when that part of the brain is sometimes overactive (perceiving threat when there is no actual threat at the time), sometimes anxiety can develop. This doesn't necessarily mean that everyone has an anxiety disorder, but often if we are afraid of something that is not actually a legitimate concern (for example, most insects are not going to hurt me, but I still do not like them very much), we have anxiety about it.The first thing I thought of when I read your question is that perhaps some part of your brain are overactive. I did find an article that may be helpful to you, but I just want to caution you. Not everything listed here applies to you. Also, the article uses the term ""brain anomalies."" This does not mean that there is something majorly wrong with your brain. While I cannot tell you exactly what is happening, I'm asking you not to panic over the term and to just consider that perhaps some of the chemical reactions in your brain may be a little overactive, which may be able to be corrected with medication or something similar. I can't tell for certain from what you posted whether or not this is what is happening, but I would recommend that you either talk to your primary care physician or a therapist or psychiatrist.Here is the article: http://blogs.psychcentral.com/addiction-recovery/2012/09/too-much-empathy/When you meet with your doctor or a therapist, please try to convey how much this is affecting your life.Thank you so much for posting here and I wish you the best."
"I empathize so much, even with characters on tv or in video games, that I actually feel physical pain. This has made life difficult to say the least.
   I believe I have an actually case of something called hyper empathy disorder. But since it's such a new disorder I can't find any information about it. Could this be what is going on with me?","The world needs more people lately who have such a high degree of empathy which you describe in yourself!If it feels a little burdensome, then look to balance what is too much with its opposite.  Since you're giving a lot of empathy, maybe you'd like receiving a lot of empathy.In the situation you describe, when you start empathizing with others, real or cartoon, ask yourself whether you've felt empathy coming in your direction lately.Often people give to others what they feel within themselves is missing.The emotional brain reasons that if I give you my support, say, then at least I will feel half of what being supported is like.Obviously the wish to receive more empathy cannot be fulfilled by you directly.  Empathy is delivered by someone who is willing to offer it.Reflect on whether you are allowing those who are in your world, to know when you would like to receive their empathy.Is it possible you keep your feelings to yourself and present as though you are able to handle a great deal more than you'd like to handle without anyone's kindness to support you?Being open to others about your own inner thoughts and feelings is much more difficult than it sounds.It sounds easy to just tell someone how you feel.Sometimes the first step is the most difficult, of accessing how you feel.Start with knowing the amount of empathy you'd like from others and what stops you from asking.Also, about your diagnosis and the lack of  studies and lists and formulas.  Each person is unique, the instructions and guidelines don't necessarily mean very much.  Often having a diagnosis makes a person feel weak, stigmatized, incompetent. Forget the diagnosis and concentrate on what you need to do differently in order to feel better.The answers are inside you, not inside a book or website."
