questionText,answerText
There's this boy who asked me out awhile ago. I said no because my friends and family would think weirdly of me. How do I be with him and tell him and tell my friends?,"Since you've decided to be with the boy who already showed you his interest, then why not simply tell him you decided to accept his invitation to be together?Probably your first concern about hesitating to accept this boy into your life due to the way you imagine your family may react if you do, is the more complex matter to solve.Forming a relationship does bring up our values and the way these are different or similar to our own.    At the same time, we already have values which are rooted in those from the family in which we grew up.Your dilemma of wanting to be with this boy shows there is a clash between your values as an individual, including your choice of partner, and the way your family understands the values which support being part of a couple.Stay true to what you feel, whether this comes from your family or the way you currently are evolving.This will guarantee that your new relationship will be built on the values and person you truly are."
"I have suffered many things at home and school. We never went to the doctor to diagnose depression or anything like that, but I always feel like a part of my heart is missing. I try to fill it in with objects or, in this case, a woman.",Maybe the reason is not having confidence in the love you give to yourself.Possibly you consider the quality of your self-love as inferior to love someone else gives you.The best way to push through to your own self-comfort and acceptance is to be aware of this tendency so you can remind yourself to practice appreciating the unique love you give to yourself.
"I have suffered many things at home and school. We never went to the doctor to diagnose depression or anything like that, but I always feel like a part of my heart is missing. I try to fill it in with objects or, in this case, a woman.","There could be many reasons but often people feel validated when they are in a relationship, the need to be in a relationship can be related to a belief of unlovability which often stems from our childhood. The relationship sort of soothes this temporarily and the others interest or desire helps counteract the ingrained belief. There are many questions that may help understand why, how was your relationship with your mother (caregivers)?  How was your childhood etc.? Many people describe having a hole or void they try and fill with material things or people but it only is a temporary fix which usually drives the person to the next relationship, or object in hopes it will be fulfilling but it never is because fulfillment is work we need to do ourselves. This journey involves finding acceptance and love for ourselves. Once we have that we don't need to look elsewhere for fulfillment."
"I have suffered many things at home and school. We never went to the doctor to diagnose depression or anything like that, but I always feel like a part of my heart is missing. I try to fill it in with objects or, in this case, a woman.","There are a lot of ways to look at this. It sounds as if there is a part of you that is looking for support. I wonder what it is that you feel when you're not in a relationship?Because of the way you asked the question, I'm getting the impression that you are referring to romantic relationships. I wonder if you have close friendships that could form a network to help with this when you are not romantically involved with someone. Even when you are in a relationship with a romantic partner, having friends is still an important element.I wonder if you could also notice what changes for you inside of yourself (as far as emotions) when you move from not being in a relationship to being in one.Perhaps you could take a look at what you value about yourself.In general, it is natural for people to want to be in relationships with others (in this case, relationship has many meanings and degrees). Most of us enjoy sharing elements of our days, thoughts, feelings, etc. with someone else who we trust and care about – also hoping they care about us in return."
"I have a friend that who I used to be in a relationship with. It was brief and turned into us being just good friends.
   I spent the weekend with him and it upset my boyfriend. Was i wrong?","It is not the case of being right or wrong, in my view. If you are asking, I believe you truly care for your boyfriend. It seems like he is having difficulties in establishing trust in this relationship. The ideal would be to come closer to his upsetness and to show him that you are there for him. I hope all goes well. Rossana Mag."
"I have a friend that who I used to be in a relationship with. It was brief and turned into us being just good friends.
   I spent the weekend with him and it upset my boyfriend. Was i wrong?","The most important thing to ask yourself here is, ""how did this action affect my relationship, and is it worth the consequences?"" Regardless of your intentions in this action, your boyfriend is uncomfortable with this type of behavior. From here, we can objectively decide if spending time with your previous partner (because that is likely what your boyfriend sees them as) is worth harming the relationship you currently have. It is very rare that a person would be comfortable with their partner spending more than a very little amount of time with their exes. Many times, it just gives the wrong impressions. It is very possible that your partner may believe that since you spend so much time with them, that they are still a contender for the most intimate relationship you have to offer, and truth be told, they kind of are. The best intimate relationships, are friendships first and foremost. It is also a good thing to consider what you are getting out of the relationship with your ex that you are not getting out of the relationship with your current boyfriend. If you go to this person for emotional support before your boyfriend, then it is very likely you're involved in some ""emotional infidelity"". When we turn to others instead of our partner, it is as if we ""ran into another person's arms"" instead of theirs. No matter who you are, that hurts."
"I have a friend that who I used to be in a relationship with. It was brief and turned into us being just good friends.
   I spent the weekend with him and it upset my boyfriend. Was i wrong?","Depends on your definition of ""wrong"" on this one. Was it objectively wrong to spend the weekend with a good friend, who also happens to be an ex? Probably not. But, it upset your current boyfriend, and he is entitled to his feelings if you are in a relationship with him. He may be out of line if he assumes that anything happened between you and your ex that would compromise the relationship, however your boyfriend being upset might also mean that he wanted to spend that kind of weekend with you and did not get to do that.Long story short, it might help your relationship to understand more, and be curious, not judge-y, around what is upsetting for him. Perhaps having empathy for his experience of the behavior could help him to feel more secure with you having relationships with your ex(es)."
"I have a friend that who I used to be in a relationship with. It was brief and turned into us being just good friends.
   I spent the weekend with him and it upset my boyfriend. Was i wrong?","While you can't be responsible for your boyfriend's feelings, relationships do come with expectations.  Both people in a relationship bring their own expectations into it.  These expectations are usually unspoken, but result in conflict as you are experiencing here!  Your boyfriend expects you not to spend the weekend with this guy.  He may expect you not to spend the weekend with any guy at all.  He may expect you to spend every single weekend with him!  You'll have to decide if his expectations are ones you can live with.  Relationships do require some compromise out of concern for our partner, but you get to choose how much you compromise. We get upset about things that make us feel insecure.  You spending the weekend with an ex makes your boyfriend feel insecure.  That doesn't mean you did anything wrong.  It just means that you have to decide if it's more important for you to maintain your freedom to spend weekends with whomever you wish, or to help your boyfriend feel secure in your relationship. Good luck!  Hope that helps,Allison"
"I have a friend that who I used to be in a relationship with. It was brief and turned into us being just good friends.
   I spent the weekend with him and it upset my boyfriend. Was i wrong?","Hello. There are a number of factors playing into this situation. A former romantic partner coming back onto the scene during a current relationship; you spending alone time (and spending the night) with that former partner; and the uneasy feelings experienced by your current partner (boyfriend). Now those are the ones you have openly expressed. There are very likely other issues that prompted this behavior on your part. You ask if you were wrong. It is not a question I will be able to answer, because it is not one I am meant to answer. It is up to you to find that truth. Now, if you are feeling guilty, was it because of some sexual engagement occurred when you spent the night? If so, you might want to look at why that happened. Do you feel secure in your current relationship? Is this the relationship you want, or do you want to be with the former boyfriend?Important questions, but ones you need to ask and answer. Odds are, there is something that triggered this event to occur and it becomes a focal point in discovering any unexplored discomfort or other issues with your current boyfriend. Seeking relationship counseling can be effective in sorting this out, so be open to that possibility to help you clarify your thoughts and feelings.Best of luck to you."
"I have a friend that who I used to be in a relationship with. It was brief and turned into us being just good friends.
   I spent the weekend with him and it upset my boyfriend. Was i wrong?","Ideally you and your boyfriend will reach a balance point where you and your boyfriend are each happy with the level of involvement you have with your former boyfriend.Start w a discussion with your current boyfriend as to what specifically he doesn't like about your friendship with your former boyfriend.It is possible that you can answer his concerns as well he can find out from you more as to what the friendship is all about.As a therapist, I've never seen a former romantic relationship become only a friendship.   As sincere as you may be in your intention to only keep the friendship with the former relationship partner, if  your former boyfriend secretly has romantic feelings for you, then at best, you've got an unclear friendship with this person.The obvious possibility is to socialize together with your current boyfriend and your former one. If neither guy would go for this, then this would show there is an undercurrent of competition for your romantic attention.Basically make your romantic partner's feelings and your own, the major considerations and discuss from this perspective."
"I have a friend that who I used to be in a relationship with. It was brief and turned into us being just good friends.
   I spent the weekend with him and it upset my boyfriend. Was i wrong?","This can be a very complicated situation. The boundaries of relationship include the rules to follow in the relationship. It is important to follow the rules of your relationship  in regards to each person being able to spend time with exes. If you and your boyfriend agree upon a rule about spending time with exes, then there should be no problem."
"I have a friend that who I used to be in a relationship with. It was brief and turned into us being just good friends.
   I spent the weekend with him and it upset my boyfriend. Was i wrong?","Thank you for submitting this question. I think this type of situation can be common for many couples struggling with how to keep friendships with past relationships while being in a new relationship. For me, more information is needed here...but given the information provided, the way I interpret the question is...I'm assuming your boyfriend didn't know you were going to spend the weekend with your good friend?  Working off of this assumption, I would suggest beginning an open and honest dialogue with your boyfriend about what specifically upset him? And to talk about your point of view regarding spending the weekend with him. I would also suggest talking about how you both envision your relationship when it comes to spending time with others. If you feel like you can't have this conversation without it going off track, please consider seeing a couples therapist. They can help you begin these important conversations that can help shape and develop the relationship you and your boyfriend long for."
"I have a friend that who I used to be in a relationship with. It was brief and turned into us being just good friends.
   I spent the weekend with him and it upset my boyfriend. Was i wrong?","That is a difficult situation and there is no right or wrong. You both need to discuss it and come up with a solution that works for the both of you. You want to spend time with your friend but your boyfriend  may feel betrayed by you spending quality time with another man you have been intimate with. There may be a way for you both to get your needs met. Maybe you only spend short periods of time with your friend, not a whole weekend. Or you check in with your boyfriend  periodically when you see your friend. It really depends on the two of you. If it becomes too difficult, you may need a neutral party to help you establish appropriate boundaries around this issue. Good luck!"
"I have a friend that who I used to be in a relationship with. It was brief and turned into us being just good friends.
   I spent the weekend with him and it upset my boyfriend. Was i wrong?","It's completely understandable that you would have male friends and that you would want to spend time with them.  When you cross over from friends to a relationship, it does change things.  Some people are very easy going and wouldn't feel threatened by what you did  Others would be upset.  If your boyfriend is upset by you spending time with this male friend, then you need to talk about it.  Each of you needs to express your feelings about the situation and listen to the other with patience and respect.  Then you can make a decision on what is best for you and your relationship.  Maybe he wouldn't be upset if you saw this friend while you were with your boyfriend.  Or maybe your boyfriend would feel better if he got to know this person better and could trust him.  Most likely you can come up with a situation that will make both of you comfortable going forward.  You didn't do anything ""wrong"" because it doesn't sound like you intended to hurt your boyfriend.  But if you really care about your boyfriend, then you probably care about making him upset.  Instead of looking at this issue as a problem, try to look at it as an opportunity to connect.  If you can both listen to each other and understand each other, your relationship can become even closer."
"I've been with my partner for 4 years. She's given me no reason not to trust her. But lately I've been overreacting a lot when she's just doing normal things. I think it's triggering my bad past relationships.
   How can I get rid of these insecurities and be more trusting with her?","Two paths are possible.You're not overreacting and instead are genuinely sensing that something feels unsettled within your girlfriend.You are overreacting because you have difficulty accepting how safe and loving your relationship is with this person.The only way to find out is to start conversations with your girlfriend on how you feel.This will allow new light to open an answer as to the truth.Once you know what truly is going on between the two of you, your self-trust naturally will grow stronger. Self-trust will give you an accurate read of what and whom you are able to safely trust."
"I've been with my partner for 4 years. She's given me no reason not to trust her. But lately I've been overreacting a lot when she's just doing normal things. I think it's triggering my bad past relationships.
   How can I get rid of these insecurities and be more trusting with her?","Remember that all relationships center around 3 simple values: HonestyTrustand Respect......in that order, too...If you are unable to trust, then you are fundamentally dishonest about something in yourself;Moreover, whatever you do not honestly experience, you do not honestly express out to another;To be honest with oneself is where most people fall down... and, when you do fall down, pick yourself up... and get back on the horse :)"
"I've been with my partner for 4 years. She's given me no reason not to trust her. But lately I've been overreacting a lot when she's just doing normal things. I think it's triggering my bad past relationships.
   How can I get rid of these insecurities and be more trusting with her?","What's most important is that you recognize that what you've been doing is off base - that what you've been feeling is ""overreacting,"" that you have ""insecurities,"" and you suspect your actions and reactions are connected to your own past and not to the current situation or to your partner. That's an excellent first step because without recognizing these things about yourself, it's unlikely that you would change.That said, you sound as if you are really ready to start some therapy to work on your own personal growth... not because there is something ""wrong"" with you, but because you're ready to learn more about yourself and make some creative changes in your behavior. Yes, there are lots of self-help books and courses, but we humans often make the most progress when we have support in  real-time from another human being who can sit with us, point out our blind spots, and teach us some skills that are hard to learn on our own."
I’ve been in a long distance relationship with my girlfriend for just over a year. This past week she admitted to me that she has feelings for another guy. She says it’s “just a crush” but I don't know how to cope with it.    How should I deal with this?,"I can only imagine how hard that must have been to hear. On one hand, most of us would say we want our partners to always be honest with us, but on the other disclosures like this can lead to feelings of worry and inadequacy if we're not careful. So let me first of all say that it is very normal for human beings, even very committed and happy partners to have moments where they notice an attraction for someone else. Quite honestly, the brain can't help it. It sees something good looking and it pays attention. And when we pay attention to something good, our brains send out neurochemicals associated with that happy thought...and we get a rush of what your girlfriend is labeling ""a crush."" The difficulty here is deciphering whether she was just attempting to honor her commitment to you by sharing this feeling OR if she is continuing to feed those feelings. I would encourage you to thank her for being honest if you haven't already, and ask her to further describe the nature of these feelings and what she'd like to do from here. As weird as it is to say, at the end of the day, what helps the most is typically reassuring yourself that you WILL be okay not matter what! That it is worth it to invest in your relationship and give it your all and if someday, god forbid, this woman chooses to walk away, then she is not the one. Will it hurt? Of course. But is it the end? Hell no! There are 7.5 billion people on the planet and I firmly believe statistically speaking alone, there are at least several hundred thousand that could be AMAZING partners for you. Cheering you on,Tamara Powell, LMHCP.S. You might enjoy this excellent book by Esther Perel for further inquiry into the fascinating world of love and mating behaviors: ""Mating in Captivity”"
I’ve been in a long distance relationship with my girlfriend for just over a year. This past week she admitted to me that she has feelings for another guy. She says it’s “just a crush” but I don't know how to cope with it.    How should I deal with this?,"Hi! It sounds like you are stuck in a difficult place. You do not want to appear to jealous and yet, it's hard not to be, when you hear about ""the crush"". It's only natural to feel a little insecure and you're doing a great job by asking how to cope better. First of all, long-distance relationships are very hard. Is this situation likely to continue for a long period of time? The old adage that ""absence makes the heart grow fonder"" simply isn't true. It requires a lot of work to keep the fire burning. Are you, guys, talking to each other a lot? Visiting each other relatively often? Making common plans for those visits or your future together? Do you manage to have fun together, despite the distance (e.g., laugh on the phone, have ""shared"" experiences such as watching a movie simultaneously at your different locations, perhaps having phone sex)? All of the above are good ways to ensure that your bond stays strong and there will be less space left for interest in other people. Based on the fact that  your girlfriend told you about the crush t I would guess that she thinks it's innocent enough - nothing too threatening. Try to talk to her about your feelings and brainstorm together ways you can increase your intimacy, which will likely improve your sense of security in the relationship but also help her get over the crush. Good luck! Zofia"
I’ve been in a long distance relationship with my girlfriend for just over a year. This past week she admitted to me that she has feelings for another guy. She says it’s “just a crush” but I don't know how to cope with it.    How should I deal with this?,"Long distance relationships are very difficult to maintain, not just for the lack of communication, but also because of the lack of intimacy that comes along with it. Even if you have spectacular communication while in a long-distance relationship, it is difficult to maintain intimacy because you are lacking in the physical contact aspect of intimacy. Here, we are not talking about sex, but about the emotional connection that happens along with physical contact. It is also hard to have shared experiences when the two of you are in separate places. These are the challenges that you face, but there are some ways to improve your odds. The first thing to remember here is that dating is all about finding a person that you want to eventually dedicate your time, resources, and self to. If either of you finds that the relationship is one that you are not necessarily committed to, it is better to find out and have the opportunity to date others before a commitment is made. The second thing to remember is that open communication is a good sign in a relationship. That being said, I do not believe that sharing details about your ""crushes"" is the best thing for a relationship. Instead, I would recommend working on improving the relationship as best you can. It is a wonderful thing when we can feel that we have given our best efforts on something, especially something as important as the act of loving. Here are a couple things that you can do to improve even a long-distance relationship. Start by downloading the Gottman Card Decks App here https://www.gottman.com/couples/apps/. While on the phone or video chat, try asking each other some of these questions so that you can build a deeper knowledge of one another. Some may seem silly, but they help you know the other person more intimately. It is also helpful to make sure that you are having regular communication with each other. Some situations make it very difficult to communicate, but if at all possible, daily communication via phone or video chat would be best. Even if it is just for 30 minutes a day, really dedicate your time and attention to each other during those calls. Next, it can be helpful to know each other's love languages so you can show each other how much you really care. Take the assessment for the 5 Love Languages and talk about the results together. You can find the assessment here: http://www.5lovelanguages.com/profile/Attraction to other people is completely normal and involves biological processes. Intimacy, on the other hand, creates real connection and dedication to each other. Learn about each other, spend time together, and you will create intimacy."
I’ve been in a long distance relationship with my girlfriend for just over a year. This past week she admitted to me that she has feelings for another guy. She says it’s “just a crush” but I don't know how to cope with it.    How should I deal with this?,"Thanks for writing in. Several things come to mind:I don't know how you are communicating, but there is a great deal of difference between communicating through videoconferencing compared to text message when discussing subjects like this. Being able to hear and/or see each other will help you to be able to gauge a lot of the emotions connected to what is going on.Are you in a place where you can ask your girlfriend questions about this crush and actually listen to her answers? If you can listen non-defensively and ask questions about what is actually going on (kind of like an investigative reporter might), you are likely to hear about her experience, thoughts, feelings, etc., so you can actually see what the crush is like for her and how you want to react to that.Then you could see if she is willing to listen to your questions and answer them for you.Another tip: Find out when is a good time to have this conversation. If you are talking to your girlfriend after she just worked a 10 hour shift and she is frustrated about that, it is likely that the emotion will transfer to the conversation that you are having even though it doesn't have anything to do with that.Find a way to keep yourself grounded and centered during the conversation. Notice your feet on the floor or your hips in the chair. Mindfully play with an object or something like a paperclip or a pen. Doing this mindfully (by being aware of your senses) will help you to not feel so overwhelmed during the conversation.After you have more details, communicate about what it is that you want or wish for. It is often easier to hear and discuss as opposed to talking about something that you need.Remember that while anger is a very real emotion, there is always something else under it. Be aware of what else could be there: hurt, disappointment, betrayal, fear, etc."
I’ve been in a long distance relationship with my girlfriend for just over a year. This past week she admitted to me that she has feelings for another guy. She says it’s “just a crush” but I don't know how to cope with it.    How should I deal with this?,"Often, communication is the key within relationships. When faced with our significant other telling us about a “crush”, it can create or highlight feelings or thoughts that can promote feelings of insecurity. Talk to your partner about their crush and use the conversation to strengthen your bond."
I’ve been in a long distance relationship with my girlfriend for just over a year. This past week she admitted to me that she has feelings for another guy. She says it’s “just a crush” but I don't know how to cope with it.    How should I deal with this?,"No one can tell you how to deal with your own relationship, even a therapist. But, you should absolutely give your girlfriend the respect of believing both of those statements she gives you: development of feelings and it being a ""crush."" If that makes you feel a certain way (mistrustful? no difference in feelings) then that is what is most important to understand. When you understand exactly how YOU feel about hearing this news, then we can know how you should deal with this.You have every right to be in the relationship or to leave the relationship. But if trust is broken, first and foremost it needs repairing. What that repair looks like varies (but can often involve couples therapy, which may be complicated because of the long-distance nature of the relationship.) Otherwise, staying in a relationship that has become mistrustful for you, and not prioritizing the repair, is a recipe for disaster."
I’ve been in a long distance relationship with my girlfriend for just over a year. This past week she admitted to me that she has feelings for another guy. She says it’s “just a crush” but I don't know how to cope with it.    How should I deal with this?,"Long distance relationships have the addition strain of being far away.  It sounds like you and your girlfriend overcame the initial challenges considering that you’ve been together for over a year and she was honest in telling you about her crush.  These are some clear strengths in your relationship.  Now moving forward, continuing to have honest conversations about your relationship will help ensure you two are on the same page.  Explore with her how this crush came about and what her feelings are about this relationship.  Be prepared for the answers and express your feelings as well.  You’ve invested over a year in this relationship, it may be worth figuring out how to mend it.  Ignoring this issue will potentially lead to other issues."
I’ve been in a long distance relationship with my girlfriend for just over a year. This past week she admitted to me that she has feelings for another guy. She says it’s “just a crush” but I don't know how to cope with it.    How should I deal with this?,"Did your girlfriend tell you her reason to tell you about the new person?Your feelings of insecurity is natural because you don't know where the crush fits into her life.Since any long-lasting relationship in which both people thrive, means each partner freely speaks their mind and will be listened and responded, then your current situation is a good one to start these foundations of talking with one another.Tell your girlfriend whatever is on your mind regarding her crush.   As your trusted partner, theoretically she would like to know all about how you feel.Keep the expectation that talking about anything at all, is the best sign of closeness.Once you learn more about this crush you can decide what, if anything to do differently in your relationship."
I’ve been in a long distance relationship with my girlfriend for just over a year. This past week she admitted to me that she has feelings for another guy. She says it’s “just a crush” but I don't know how to cope with it.    How should I deal with this?,"Those words must have been extremely difficult to hear or read. It sounds like you are both having difficulty with the distance, and I can only imagine that you have both been coping with this distance as well as you can. There are a few scenarios that I think would have pretty radically different paths for your own mental health, and I would like to explore them separately. The first scenario is that she has this crush, but still chooses you and wishes to stay with you. Keeping the value of her choice in mind, and the bravery she has shown in admitting this crush, handling her gently in that vulnerable place will pay off. You may find it worthwhile to explain your feelings about it, to share how it is hurting you to know of this, and what she means to you. Explaining those feelings will help you to not act out in your with emotions to cover up by becoming angry or withdrawing. Acting in this way will help assure her of her choice in you, and sharing these emotions and feeling supported by her may help you cope with this.The other scenario is that she has a crush on this man and she is wanting to leave the relationship with you to have one with this other person. As before, it would be useful for you to share your feelings with someone. It can be difficult to process through these emotions, as they are intense and often overwhelming. In this scenario, it may be too difficult to share these feelings with your girlfriend, but it is still important that you acknowledge this loss and allow the associated emotions to have its place. Grieving the end of this relationship could be a great source of personal growth.I hope this has been of some help."
"I've been with a man for four years. For the last year, he has said he is done, but he still talks, texts, visits, and has not moved on with anyone else. His words do not match his actions. I love this man, but it's hurting so much.","If I understand you correctly, this ""maybe-boyfriend"" has done a partial break up, and wants to maintain a partial relationship.  Is that ok with you?  And, if it is, what does it cost you?  He says he's ""done"" but still wants the connection.  That seems to leave him free to explore other options, but it doesn't allow you to do the same.  Break ups are painful, and I know you'd like to avoid that.  I get it that you feel attached to him - you have been in a relationship with him for 4 years, so that makes sense.  However, loving him appears to be costing you a lot, without much in return. If you wait for him to define what he wants, you could be on hold for a long time.Please don't wait another year to advocate for yourself.  See a therapist who can help you figure out what you need out of relationships and why you have allowed yourself to be on ""pause"".   It is possible that once you get clear, you will be able to have a true relationship with him.  If not, please don't settle for this.  Take good care of yourself."
"I've been with a man for four years. For the last year, he has said he is done, but he still talks, texts, visits, and has not moved on with anyone else. His words do not match his actions. I love this man, but it's hurting so much.",That does sound very confusing...and hurtful.  You do not have to tolerate someone treating you in a way that hurts you.  It may be helpful to decide where the boundaries are for you and to stay true to them in your interactions with him.  You teach other people how they are allowed to treat you.
"I've been with a man for four years. For the last year, he has said he is done, but he still talks, texts, visits, and has not moved on with anyone else. His words do not match his actions. I love this man, but it's hurting so much.","Have you brought up the topic as to the way you're feeling?The best way for someone to understand us or to understand someone, is to directly talk about  the specific problem.To start the discussion w your partner, understand your own reasons for continuing the relationship.Given his stated disinterest in the relationship, your mood is probably affected by this.Once you are clear on how the range of your feelings, especially any fears on being alone, suggesting you may be staying w this guy simply to avoid such fears, then you'll be ready w your self-knowledge, to start a conversation w your partner about your relationship."
"I've been with a man for four years. For the last year, he has said he is done, but he still talks, texts, visits, and has not moved on with anyone else. His words do not match his actions. I love this man, but it's hurting so much.","This can be difficult and confusing.If you think your boyfriend would be open to having a discussion, try asking him for a time when he is willing to have an important discussion. When that time matches with a time that is good for you, try discussing the type of relationship that you each want to have and what you can start and stop doing to get there. He may want to be really good friends. He may also be trying to figure out what he is feeling. If you end up talking over one another, try letting one person be the one who is talking about their feelings for about five minutes and during that time, try having the other person asked questions to gain more understanding of their experience. Then you can switch. Also consider asking questions that cannot be answered with yes or no, but lead to more explanations.Questions that start with the words how, what, when, who are usually better than questions starting with ""why"" because they can be emotional triggers for some people.If this is difficult to do between the two of you, consider seeing a therapist who specializes in couples."
I'm having relationship problems and I want to fix them to make things right before I lose her. How can I learn how to listen and get myself together?,"What an important question, and the fact that you're asking it is a big step in the right direction. To answer in detail would require having quite a bit more information about what ""relationship problems"" have occurred  that woke you up to the fact that you're not listening as well as you could and that you're running the risk of losing her.Given that I don't have all that information, I'll offer one simple suggestion. Your girlfriend is the expert on what she needs and wants in relationship. You could simply say to her that you know you still have a lot to learn about how to have a good relationship and you realize you're not yet understanding what she needs and you really want to. Then take a deep breath, settle down, and listen. Don't argue, don't interrupt, don't judge... listen. Let her know what you understand and that you're open to hearing more, learning more if you're not quite getting it yet... and then listen some more. Be present and curious about this person you love dearly and don't want to lose. This is the first step toward intimacy."
I'm having relationship problems and I want to fix them to make things right before I lose her. How can I learn how to listen and get myself together?,"Hello, and thank you for your question. First, I want to say that it is great that you are are willing to admit that you share some responsibility in some of the relationship problems you are having. This isn't always easy to do, but it sure is important if you want to see improvement. It does sound cliche, but communication really is the bedrock of relationships. And not just intimate partner relationships, but really any relationship that is significant to us. It sounds like you are saying that you have a difficult time really listening to what your partner is telling you and then responding in a way that is helpful. I want to tell you that you are not alone. Good communication skills are not really something you are born with, we actually have to learn them. The good news is that there is great information available to help you do that. Ultimately, some people must seek professional help through couple's counseling in order to get help with this process. This is because some of the hurt and anger could be at such a level already that you may need help setting boundaries, creating a plan, learning new skills, and staying on track. If that is not something you can afford or can do right now, here are a few suggestions that may help. Personally, I am big fan of Dr. John Gottman. He is an expert in relationships and wrote a really great, easy-to-read book called The Seven Principles for Making Marriage Work. Dr. Gottman discusses the kind of communication that healthy couples seem to have, which can be helpful and worth trying. You can buy Dr. Gottman's book on Amazon for under $9. It's a good deal. There are a variety of websites that have good information that may help you build your communication. Here is one that I found that has a few good tips. http://www.helpguide.org/articles/relationships/effective-communication.htm You can try them and see if they are helpful. ***It is important to remember that like all new skills, communication requires practice and we surely fail several times before we start getting good at it. If you were ever a pitcher in baseball, then you know you have to throw thousands of pitches before you really start hitting your strike zone consistently. Allow yourself to make mistakes, own them, and start again. I hope these suggestions help, and good luck.Robin Landwehr, DBH, LPCC"
I'm having relationship problems and I want to fix them to make things right before I lose her. How can I learn how to listen and get myself together?,"Thanks for your question. Becoming a good listener is an essential piece in being a better communicator. Being an effective communicator will almost always improve the quality of your relationships. What stands in your way of listening to her? Do you find yourself becoming defensive when she brings up issues? Do you often find yourself thinking of what you want to say next? Do you take her words personally, preventing you from having the ability to problem solve?Here are some tips that may help you with being a better listener:1. Concentrate on what you are hearing, not on what you will say next.2. Ask questions if you need clarification or don't understand.3. Summarize what you're hearing after every couple of minutes to make sure that you're not missing anything.4. Ask your partner what she needs from you. Is she expecting advice or does she simply need to vent?5. Keep eye contact and avoid using non-verbal cues that demonstrate defensiveness or irritation such as eye rolling or crossing your arms.6. Remember that it's okay to disagree and, if this is the case, then decide as a team, how you want to move forward.I hope this helps. Good luck to you!"
I'm having relationship problems and I want to fix them to make things right before I lose her. How can I learn how to listen and get myself together?,"The best tool for becoming a better listener that I know of is called Imago Dialogue. It consists of 3 steps:1. Mirroring what she says (without judging, commenting, refuting, defending, arguing, or scoffing--just listening, no matter the content) and repeating it back, word-for-word. Continue to ask if she has more to add until she doesn't.2. Validating. You tell her you you understanding why she feels this way. (If you don't understand, then find a way.) You can also say, ""That makes sense"" or ""I hear you"" or ""I get that.""3. Empathizing. Tell her how you think she must feel about what she's telling you. Your job is to try and feel what it feels like to be her.This is a very different way of communicating than we're used to. My guess is that the arguments, discussions, and debates you've had with her have been counterproductive because you're both trying to win. With Imago Dialogue, you both win. She gets to be heard and you get to hear for a change.At the end of the exercise, switch roles. For more info: http://imagorelationships.org/pub/about-imago-therapy/imago-dialogue-101/"
I'm having relationship problems and I want to fix them to make things right before I lose her. How can I learn how to listen and get myself together?,"I love that you are so thoughtful and proactive about this!  If only every client came in as solution focused as you, my job would be so much easier. I would second Robin's suggestion of reading ANYTHING by Gottmann. He's fantastic. Other favorites of mine are:“Getting Together and Staying Together: Solving the Mystery of Marriage” by Dr. William & Carleen Glasser“Eight Lessons for a Happier Marriage” by Dr. William & Carleen Glasser“Hold Me Tight” by Dr. Sue Johnson“Divorce Busting: A Step-By-Step Approach to Making Your Marriage Loving Again” by Michele Weiner-Davis, M.S.W.“The Five Love Languages” by Gary Chapman“The Flight from Intimacy: Healing Your Relationship of Counter-Dependency – the Other Side of Co-Dependency” by Drs. Janae & Barry WeinholdI'll also add to Miriam's assertion that your partner is the expert on her. You can help things along by becoming a better expert on you as well. What is it that you are craving and likely trying to get your need met in potentially unhelpful ways from your girlfriend or in ways she doesn't understand or vibe with?  If you can better explain your own needs while trying to understand hers, you all have a recipe for great success! When both partners seek to serve one another and stay curious about each other in the process, intimacy abounds!Best of luck my friend! And if you get stuck, of course seeking help from a professional is always a great idea too. ;)"
I'm having relationship problems and I want to fix them to make things right before I lose her. How can I learn how to listen and get myself together?,"The first step for making this sort of change is being motivated to change and it sounds like you have that, so you are already on the right track.As far as learning how to listen, try some of these steps:Ask whether a certain time is a good time for your girlfriend to have an important conversationIf she has a subject that she would like to discuss, consider listening to her as an investigative reporter and asking questions that help you to gain more understanding of her experience. These questions usually begin with words like who, what, where, when. Questions starting with the word why can sometimes make people very uncomfortable because they may not explicitly know why they are asking for something or feeling a certain way. You can try communicating this way for just five minutes or so on until you feel as though you can restate what your girlfriend is saying and have her agree that you are recapturing the essence of what she is trying to communicateThen you can switch so she is listening to you trying to understand your experience. You could also start by talking about something that is important to you.Remember that stating that you follow or hear something that she is saying doesn't mean that you agreeAlso, try sticking to one subject at a time. It's difficult to really understand one topic if you are on to the next within just a minute or twoTry to use the word want or wish instead of need. Saying that you need something (or if your girlfriend would say that) that is not a need for safety or something like that can make whatever you are asking for sound like an obligation. That takes away from that whole motivation to change from inside the partner who is agreeing to change or try to changeSomething else to try would be using some sort of timeout. Consider this:Discuss the idea of using timeout before you actually need it and before the discussion starts. Timeout is a way to give each of you a way to calm down for five, 10, 15 minutes, or maybe even an hour. When there are a lot of emotions happening, each person gets wrapped up in protecting themselves from the emotions they are feeling and can lose track of what is actually going on in the conversation as compared to what they are perceiving.When using timeout, say to your girlfriend (or she can say to you) ""I need an hour before we can go back to this."" Then actually come back to the discussion.Some people are very afraid to use this technique because in the past not talking about something right away meant that it never was returned to and was never resolved in any way. This is why the agreement is important before you need it.While it may be helpful to ask your girlfriend what it is she may want from you, it is you that would be in charge of deciding whether you want to make that change and putting it into practice.Try to remember that part of being in a couple is holding onto your own wants, wishes, and desires while recognizing those of your partner.As one final idea, consider spending about 15 minutes a week together where you are not problem-solving about anything, just connecting with one another.I encourage you to see a therapist who specializes in couples if you would like some more specific ideas for what is happening within each of you and between you.Best wishes!"
I'm having relationship problems and I want to fix them to make things right before I lose her. How can I learn how to listen and get myself together?,"Let go of your ego, the ego tends to get in the way of things, be a man and listen, do not react so uch to life around you. life is not out to get you, just listen and work on how your reactive to people and sitations around you. C"
I'm having relationship problems and I want to fix them to make things right before I lose her. How can I learn how to listen and get myself together?,"I'm glad to read about your willingness to develop new ways to invest yourself with your partner.The easier way to fix a relationship is when both people are helped to recognize the ways the couple dynamic falls short of what each person would like.Couples therapy is exactly this.Still, relationships can change if one person changes since changing one part of a system will change the system itself.Besides starting to work with a therapist on what you can do differently, reflect within yourself on the situations when problems arise between the two of you.See if you can figure out what you wanted and what you partner wanted in that particular moment. Was one of you trying to help the other and the person felt insulted by the suggestion of needing help?This is only an example of how intentions are misread or not welcome by one partner from the other.Also keep in mind there is a limit to everyone's flexibility.Reflecting and self-awareness are the first step.The second step is to know when you've reached the end of possibilities to change yourself and not be accepted for who you are.This raises the question of whether the two of you are far apart in similarities in order to be happy together.Good luck in enjoying the changes you will try to make!"
I'm having relationship problems and I want to fix them to make things right before I lose her. How can I learn how to listen and get myself together?,"Hard to say a whole lot without knowing more. However, if you focus your attention on her, what she's saying, what she's feeling instead of trying to make yourself heard and understood first, that's often a good step. Also, work on building win-win agreements with her, and follow through on them. Those are the areas I see men fall short on most often. Hope that helps!"
"Recently my boyfriend broke up with me because of my bad language. But he thinks I'm a total b***h. I know I'm bipolar and can be selfish. He called me today and says he can't go through with the breakup. I was broken and didn't want a breakup to begin with, but I know I'm horrible at times and can't help it. It's like I'm battling myself. What do you feel?","Both options seem reasonable.  Seeking individual therapy will help you to cope with the mood changes that come with bipolar disorder, will give you a space to vent your negative thoughts, and will allow you to find the coping mechanism to address life and relational challenges.  IF your boyfriend is interested in attending couples therapy with you, it will assist in identifying the problems in the relationship that pushed him to the breakup and will give both of you the tools to communicate and resolve conflicts.I am a Licensed Professional Counselor in Texas, currently providing individual, couples, and family therapy services in West Houston.  You may reach me at 787-466-5478 to schedule an appointment.    ¿Debería buscar ayuda yo sola o junto con mi novio?Mi novio me dejo recientemente por ser mal hablada.  El piensa que soy una p***a.  Yo sé que soy bipolar y que puedo ser egoísta.  El me llamo hoy para decirme que no puede continuar separado.  Yo estaba destruida y no quería que nos dejáramos desde el inicio, pero se lo horrible que puedo ser a veces y que no lo puedo evitar.  Es como si estuviera en guerra conmigo misma.  ¿Qué piensas?Ambas opciones son razonables.   Buscar terapia individual te ayudara a manejar los cambios de estado de ánimo que son partes del desorden bipolar, también te dará espacio para ventilar los pensamientos negativos y encontrar herramientas para enfrentar problemas relacionales y de la vida diaria.   SI tu novio está interesado, también pueden asistir a terapia de pareja para poder identificar las razones de la separación, y obtener las herramientas apropiadas para  comunicarse apropiadamente y resolver conflictos. 
Soy Consejera Profesional Licenciada en Texas y Puerto Rico, veo clientes en el este de Houston y proveo servicios de tele terapia.  Para una cita puedes llamar al 787-466-5478."
I told him I liked him. He called me lovely and pretty but he said he didn’t want a relationship. He would always flirt with me.,"Well, as disappointed as you may very well feel from hearing this guy's answer, you know he doesn't want a relationship.What type of move would you like him to make?If you mean you'd be happy to have sex with this guy and not a relationship, then wait for as long as your patience allows.To wait for him to change his mind that he does want a relationship, doesn't have a very strong base on which to stand.Its possible to do this only consider the emotional price of your frustration to wait for someone to change their mind."
"I'm in a long-distance relationship with my ideal man, but I'm not as attracted to him as I should be. Everything else is perfect about him, but I find myself lusting over more attractive men. The next step is marriage, but I want to marry someone who I can wake up to and fall in love with all over again. However, I also don't want to throw away a great relationship over what might just be lust. Am I asking for too much in the ""perfect guy""? Is there such a thing? Am I truly in love?","Attraction is important but sometimes over-rated. I'm curious about your comment that you are not as attracted as you ""should be"" - What is your measuring stick is for what you are supposed to feel in terms of attraction in a relationship? Do you want to be sexually intimate? Do you enjoy having sex with him? Are you satisfied with your sexual relationship when you are with him? The fact that there is lust for other more attractive men does not necessarily mean anything. There will always be attractive men and more attractive men than your partner and these attractive men will be even more appealing when you are in a long-distance relationship far from the arms of your partner. Loving someone does not mean that you stop being a sexual being who no longer notices and desires attractive men. Attraction results from a number of factors beyond appearance - including the degree to which you feel emotionally open, safe, and connected and how in tune you are with each other's bodies. It sounds like you think very highly of this man ""everything else is perfect about him"". Maybe it is worth spending some more time together in the same place if that is possible before deciding on marriage or that you are not truly in love."
"I'm in a long-distance relationship with my ideal man, but I'm not as attracted to him as I should be. Everything else is perfect about him, but I find myself lusting over more attractive men. The next step is marriage, but I want to marry someone who I can wake up to and fall in love with all over again. However, I also don't want to throw away a great relationship over what might just be lust. Am I asking for too much in the ""perfect guy""? Is there such a thing? Am I truly in love?","The basic guideline for relationship satisfaction, is to know what you can and cannot live with and without.  And, since you are considering marriage, for how long do you imagine yourself being satisfied living with and without certain qualities of your partner.There is a hard wired dynamic between two people that defines the basic structure of the relationship.While life is filled with surprises and can change in an instant, the basic way in which the partners of a couple, connect.Do you understand why you are not attracted to your partner?   Whatever the reason, now is a good time to state this about yourself.  He may be quite willing and interested in developing new ways of sexually stimulating you.  Maybe he is just as shy about talking about this topic as you are.  On some level he must know that he doesn't satisfy you.  He may be relieved to hear you bring up the topic!As always, remember that if discussing a relationship matter feel hard to start, consider utilizing therapy services with a professional, credentialed and licensed therapist."
"I'm in a long-distance relationship with my ideal man, but I'm not as attracted to him as I should be. Everything else is perfect about him, but I find myself lusting over more attractive men. The next step is marriage, but I want to marry someone who I can wake up to and fall in love with all over again. However, I also don't want to throw away a great relationship over what might just be lust. Am I asking for too much in the ""perfect guy""? Is there such a thing? Am I truly in love?","Hi Montgomery, Your first sentence says it all. He might be an amazing person, but there's something missing for you. I'm curious...you say this is a long distance relationship. Did you make a connection through social media or email first? Maybe a dating website? I'm just wondering if this is the case. These modern ways of meeting people are awesome because we can be exposed to a wide variety of people who we never would meet in the grocery store or a friend's party. There are complications, though, and one of the drawbacks is you can feel very connected to someone and care about them a great deal before you ever meet them in person. Then, when you finally meet them and there isn't that spark of magnetic physical attraction, you're in a bit of a difficult spot because you've already established that you're drawn to each other in other ways; you're already connected. It can be very awkward then to say ""Now that I meet you, it doesn't feel the way it should for me"". In the future, I suggest meeting up in person early on, to answer that crucial question ""Are we physically attracted to each other?"". Clearly, this is not only important for you, but it is for most of us.My guess is that you feel you owe this man your affection and commitment even though you're not really all that into him (lusting after other men is a sign of that), because you like absolutely everything else about him. But honesty is crucial here, both with yourself and this man. Just because you don't find yourself attracted to him doesn't mean that you're a bad person, or that he's not attractive. Someone else might drool over him and I think he deserves someone who does just that. You can have both love and lust. For most people, only one of them isn't enough."
"I met this girl in high school. She had switched schools at the end of the year, and I have not seen her since. It's been a few years. We had a very good and friendly relationship, and we seemed to have a lot in common. I never gained the courage to ask her out.","One way to make good use of the situation you describe is to prepare and rehearse within yourself the way you'd handle a similar situation in the future.Since a lot of time has gone by since you and this girl saw each other on a regular basis, right now you've got no idea if you'd feel the same way about her today as you did a few years ago.The relationship does point out the priorities and values you hold for a potential partner.  That you liked the friendliness you shared is good for you to recognize.  This way you realize you like friendship as a relationship property.  To have lots of similar interests, is another quality you appreciate in a partner.The more you know about what you do and don't like in a partner, the greater your chance to notice these qualities in someone new who comes along your path."
My boyfriend is in recovery from drug addiction. We recently got into a fight and he has become very distant. I don't know what to do to fix the relationship.,"My empathy goes out to you. Relationships are tough enough and i'm sure your partner being distant has been upsetting for you. You are confused and want to mend the relationship with him, but are finding it so hard to do. Relationships require both people to work consistently in order to keep them happier, but if it is only you that is actively trying to repair the relationship, it can be emotionally draining. Perhaps expressing you feel using I, you statements can be beneficial. Do not accuse him or use ""you"" statements like ""you are so distant""  or ""you don't even care"".Start out sharing your feelings by saying ""I feel sad when you don't return my phone calls"" or ""I feel confused about our relationship ever since you have been keeping to yourself"". He may have a valid point, or might have been hurt by the argument and retreated as a result of it. Regardless of why, use this time as a great opportunity to practice healthy communication. If you think you are not ready for a conversation like that, couples counseling can be excellent. You will have a skilled facilitator guide the conversation and help you both communicate with one another."
My boyfriend is in recovery from drug addiction. We recently got into a fight and he has become very distant. I don't know what to do to fix the relationship.,"I'm sorry you have tension between you and your bf.A relationship means two people who relate, right?!   If only one person does all the work to change their approach, what they expect, what they offer the other, then this becomes the new problem to solve.If you've already done a significant amount of reflection and change in the way you relate to him, then the next step may be to be patient as long as possible while he decides what to change about his part in the relationship toward you.Substance abuse recovery requires profound effort and reflection.  If it is successful then the result will show very different qualities in your bf than the ones you know currently.He may be so absorbed in the recovery that he can only concentrate on this.   Of course if the fights persist and you have been patient for what feels too long, then there are different questions to address."
My boyfriend is in recovery from drug addiction. We recently got into a fight and he has become very distant. I don't know what to do to fix the relationship.,"I would first suggest you sitting down with him and voicing your concerns about how distant he has been, or more importantly you have felt that he is.  This will give clarification to the situation as we need to remember that everyone's perception can be different. Remember that relationships take work and take communication."
"I was never single, afraid to be alone, and I looked for my boyfriend to make me happy. I finally worked on my self, was in a relationship, and I did everything a healthy girlfriend does and it didn't work out. Now months later, no man peaks my interest. Am I ready to date again? Is there a reason no one sparks my interest?","Yes, of course there's a reason!There's always a reason for most dynamics!Depending on the nature and qualities of what changed as a result of your new self realizations, you may be more deeply affected by your new awareness than how you imagined these would go.Since you already are on the best road possible for yourself, since this resulted from your own introspection, keep trusting your own self work as to what develops and at what pace your relationship attraction qualities grow."
"My boyfriend is always saying he's done with me and says he's leaving, but then at the end of the night, he's still here. He wakes up in the morning, acts like nothing happen, and repeats this every night.","Do the two of you ever talk over why he does this or your reaction to it?Are you asking your question because his behavior upsets you or only out of curiosity to understand him better?Basically, first know your own reason for your question.   Then go ahead and tell him if what he does bothers you.  In the best of cases, he doesn't realize how his actions affect you and he will change."
I was with my boyfriend for years on and off. We dated and broke up three times. Since we broke up five months ago I can't move on. I want to get back together but he won't talk to me. What should I do?,"Probably being sad to lose the relationship would be a good next move for you.When a relationship ends the daily life structure changes significantly.  A break up means adjusting to differences in everyday life, not only that the person is no longer connected with us.Since your boyfriend isn't talking to you then you're keeping yourself sadder than necessary to not accept his actions.  There's nothing you or anyone else can do change the fact that when someone decides to stop talking, this person is the only one who's in charge to start talking.Maybe since you've had several breakups w this person that you require more time to pass before you're willing to accept that his changed interest in the relationship is permanent.Be patient with your uncertainty as to whether he will or will not resume the relationship.  Once enough time passes so that you're considerably past the point at which you and he come together, then accepting his leave-taking will feel natural.Right now its very understandable to have hope since you've been on this road before.  In time you'll have your answer as to whether your future is with him or not."
"I really like this guy and I think he likes me back, but his sister is my bestfriend. I'm afraid that if I tell her I have a crush on her brother she would loose it. I once told her I thought her brother was cute and she got really angry. I've gotten to know her brother better lately and I've realized he may actually feel the same way. I don't want to lose her friendship. What do I do?","Do you and the brother to whom you feel attracted, ever see each other or are in surroundings in which the sister/your friend, isn't?If yes, then this gives you the chance to find out whether you and the brother actually do like each other.If no, then definitely have a private and direct conversation with your friend about the fact you're attracted to the brother.Find out the reason your friend becomes angry to hear you like the brother.Anything is possible from, she'd like to warn you about qualities in her brother which you may not know and if you did, wouldn't like or react negatively.Or, if protection isn't your friend's reason, then maybe she's fearful to lose your friendship if you start a relationship with the brother.Friends are people who care about each others' lives.  Let your friendship with this girl work on behalf of each of you!"
"I feel like I took our relationship for granted and he's now to the point that he's giving up.
   I have had trouble feeling like I could trust him but he's given me no reason not to trust him. I know my attitude is also a big issue for him. I have a lot of obligations at home so we don't spend a lot of time together.    How can I fix this relationship?","A key factor in a relationship is trust.I'd start by understanding more about why you feel unable to trust your bf.Does this have something to do with a bad encounter you had from previous relationships, or with a sibling or parent?Its also possible you're intuitively sensing you can't trust your bf bc he's not trustworthy.  Sometimes people sense the basic safety items in a relationship before they emerge.Also, your bf may have similarly suffered broken trust and he gives off a feeling of not welcoming your trust.Its possible you're feeling his own self-protection about being in a relationship with you.The best way to open these topics is to actually talk about them together with him.Whatever the underlying tensions are, talking about them always adds positive feeling and confidence to a relationship."
"Whenever I sing along with a song that I like (even if it's just for the beat and not the lyrics), my boyfriend assumes that the words of the song mean something negative about our realationship.    I don't why he gets so mad and assumes I mean something negative from every song. Now I can't enjoy and sing a song without him thinking I'm trying to give him a hint. He even accuses me of cheating and lying. It's driving me nuts. I love him and would never do such an awful thing ever. How can I get him to understand?","Well, have you told him similar descriptions of your feelings as you just wrote here?This will give him the same understanding you're allowing us to have here on this site.Keep in mind that the best, the amount and the number of times you tell your boyfriend some information about you, still means that whether or not he is willing to accept and rely on your information, is in his hands only.Try to feel satisfied with your own effort to explain yourself.   Another path to open is to ask your boyfriend his reason to feel insecure about your love for him.  This may open a wider discussion about what he feels he'd like from you so he feels good in the relationship."
"I have a lot of child custody concerns, financial issues, insecurities and weigh gain. I also have no local family support. It's hard for me to stay positive. I get very emotional and take it out on the people I love. How can I stay strong?","There's online forums and blogs, some of which have interactive discussion groups.Also, depending on exactly  what you mean by becoming ""emotional"", feeling overwhelmed by feelings typically happens when people feel a lot of stress and pressure in their lives.   Loneliness contributes to feeling overwhelmed too.Your feelings may be perfectly normal.Similarly, depending on what you mean ""take it out on"" people, you may be expecting too much of yourself.If you're expecting other people to listen to your upset feelings, this is reasonable.If you're harming them as a a result of your upset feelings, this is unreasonable.Depending on what exactly you are doing when you ""take it out"", you may be quite reasonable to do so."
"I was talking to my fiance about changing my hair. He recommended a very specific hair style. Then I found out his ex has that exact same hair. I feel like he must know she has that hair style. Am I nuts, or does this show that he's still in love with her?","Maybe your finance's hair preference for you reflects he still is in love w the ex.There are other many reasonable options too.Maybe he doesn't know a lot about hair styles, or didn't want to even think through the question carefully and also didn't want to tell you this directly.He may have tried to take the easy way out of involving himself in your question.The key whether or not he loves you is how you feel most of the time in your relationship.   If most of the time you trust the sense you are loved and you love him, then this gives you some reassurance about how the both of you feel toward each other.It is possible too that your finance has some remaining feelings for the ex.   Whether or not this makes any difference to you depends on how stable and reliable you feel is the love between the two of you."
"My girlfriend recently started hanging out a lot more with one of her friends who did her wrong in the past and just walked out on her. So for the past 3 years its been just me and my girlfriend. Things have been great up until the last month. Now she ignores me and texts and hangs oit with her friend more and more.
   I dont know what to do anymore. My girlfriend is so distant. How do I keep from losing her?","Well, if you each want to be with the other, than no one will be lost.Have you told her about feeling slighted?  Start telling her about your feelings.  How she responds to you will tell you a lot about where her heart is and maybe too some of the reasons she has been so involved w the friend.Who knows, maybe the friend has problems of her own and your gf is spending extra time w the friend to help the friend, and doesn't even know you feel hurt.You would do yourself and your gf a lot of good to tell more about your feelings.  Either you will get more closeness and consideration, or not.  At least you will have the truth."
I don't know how to tell someone how I feel about them. How can I get better at expressing how I feel?,"""Practice makes perfect""!Simply by expressing yourself and listening to if others listen and understand you, then modifying your next try with whatever improvements you think of based on the impressions you feel others have of you, will progress your self-expression.Also, one way to lessen the tension before speaking to someone is to tell them you feel unsure on how best to express yourself.  This way you've prepared them to be patient with whatever words you do state."
I don't know how to tell someone how I feel about them. How can I get better at expressing how I feel?,"Let's just start with being real. Expressing
yourself is vulnerable, and being vulnerable is hard. It takes courage and work
to be vulnerable. My guess is that you have been shown in your lifetime that
being vulnerable (ie, expressing yourself) is unsafe. My assumption would be
you have been criticized, or ignored when you have expressed yourself in the
past, it has taught your emotional self to simply not do it again. This is a normal
protective mechanism that you have used to cope with past feelings of hurt. It
will take time and work to engage again in an emotional way.I would start my practicing and
identifying how you feel to yourself. Check in with yourself multiple times a
day to gage where you are at emotionally. After you feel you have a good grasp
on this, start to engage in emotional conversations with others. Choose others that
feel safe to you, a good friend that knows you well, or a sibling or family
member. Expressing yourself is a behavior that you have suppressed out of
protection, so you can choose to engage in safe emotional expression behaviors
just the same. Best of luck!"
"My boyfriend and I have been dating for almost 2 years. I've been really sad lately and for the past few months I've realized I'm just way too dependent on him. It makes me really upset to be so dependent on someone else, but I can't help it. I don't even know who I am without him.
   How can I be less dependent on my him?","From what you write you've got good motivation to change and awareness as to what you'd like to change. These are very good predictors that you'll be successful in what you'd like to change.Try, the next time you realize you're depending on your bf instead of friends, yourself, to interrupt whatever typical action you'd take.Do something different instead!If when you'd like advice and usually ask your bf, ask a different trusted someone.Or, when you feel lonely, contact a friend or introspect on your own if usually you'd contact your bf.Also, being dependent on a bf is part of a trusting intimate relationship.   Dependency in the sense that you each are reliably available to each other, is a good quality.Only if it seems excessive, such as you're isolating yourself from other close friendships, is dependency on a partner, a problem."
"My boyfriend and I have been dating for almost 2 years. I've been really sad lately and for the past few months I've realized I'm just way too dependent on him. It makes me really upset to be so dependent on someone else, but I can't help it. I don't even know who I am without him.
   How can I be less dependent on my him?","Recognizing that you're too dependent on your boyfriend can be a wakeup call and an excellent opportunity to work on your own personal growth and independence.  It sounds like it's time to explore and develop your own interests and engage in some activities that excite and challenge you.  If you have time, it could be useful to begin a new activity or class, cultivate friendships outside of your relationship with your boyfriend, and begin to reflect and meditate on ways to enhance your own personal fulfillment."
"I feel so alone. I have so many people around me, but it seems as they just listen and dont understand. They say it will all be okay, or they don't listen to me st all. Everyone says they are here for me but it doesn't feel like they are. Why do I feel so alone?","We feel alone because we are not comfortable with being our self. When you find that nobody is around do you feel alone? Your never alone. Once you take the journey to really understand who you are and unconditionally loving all that is you, there will never be an alone moment. We seek outside of self to fill inside. This is the big lie of the planet. All you need and have ever needed you supply yourself. www.lifecounselingorlando.com"
"I feel so alone. I have so many people around me, but it seems as they just listen and dont understand. They say it will all be okay, or they don't listen to me st all. Everyone says they are here for me but it doesn't feel like they are. Why do I feel so alone?","Hello there.  Thank you for sharing your heart here.  I want to start off by saying, in kind of an ironic way, your struggle is something many people go through, I might say quite often.  Many feel alone with one another quite frequently.  THe reasons for feeling alone vary much between person to person.  In reading how you presented things, I will just respond from how this strikes me.  Sometimes feeling alone might be the result of not completing the second half of the equation; meaning that although people ""listen"" it wont necessarily equate the elimination of being alone. Instead, its when you follow up by inquiring and listening to others that you  may discover they feel and think and struggle just like you do. And as a result, you discover you really were never alone; when people discover common struggle and feelings, we are connected.  Second, we as humans are sometimes feeling alone because we may be lacking some self-acceptance.  Not fully accepting myself or situation , can be in the way of feeling the presence of others or the hearing the voice of others too. Or in other words, not bein 'ok' with myself makes it difficult being with others.  Third; feeling alone may be us not clear on what we are really needing from another person?   These are just some thoughts to consider.  Aloneness feels so real; and yet it has much to do with our perspective and view of things...  we are all alone in a crowded world until we speak and listen more closely.Kindly-keith hughes M.A.  keithcounseling.com"
"I feel so alone. I have so many people around me, but it seems as they just listen and dont understand. They say it will all be okay, or they don't listen to me st all. Everyone says they are here for me but it doesn't feel like they are. Why do I feel so alone?","Although we can have moments when we feel alone, even with the presence of family and friends, feeling alone most of the time could be a sign that there is a lack of connection between you and your loved ones. Generally, the lack of connection can occur when you don't feel heard, understood or valued. These are common emotional needs that result in a good and secure emotional connection that reduces feelings of loneliness. You mentioned that ""they listen but don't understand."" Do you communication clearly about what you need emotionally (understood, accepted, valued, heard, empathized)? To help you ask for the right type of support, you can ask yourself what it is about the situation that is bothering you and how you would wish for your friends and family to respond to you. The result may be an answer that is more informative to your loved ones. For example, you might say, ""Thank you for listening to me. When I feel alone, I feel like nobody cares about me because everybody seems busy with their lives. I just wanted to hear and feel that I'm valued by receiving caring messages and phone calls."" Dr. Virginia Chowwww.psychologyresource.ca"
"I feel so alone. I have so many people around me, but it seems as they just listen and dont understand. They say it will all be okay, or they don't listen to me st all. Everyone says they are here for me but it doesn't feel like they are. Why do I feel so alone?","You ask a very deep and sensitive question which reflects good self-awareness.It is possible you are a more sensitive and aware person than the people whom you describe as listening and not really hearing you.Not everyone has the same capacity or willingness to pay careful attention to what is going on in life.Maybe for right now, until you are able to find in person friends whom you're able to feel hear you the way you'd like to be heard, find online forums and groups of likeminded people.If you google a topic which you wish your friends would be better at understanding, there will be scores of groups, including google groups, which come up.You're not alone in the sense that there are definitely people on this earth who are sensitive, caring, and willing to talk and understand others."
"I don't speak up if I'm uncomfortable and hardly ever make plans for us when we hang out. He is a very open and straightforward person, so he is getting upset with me for my lack of proper communication. We've been together two years and have identified this as our main problem. Arguments have arised from this single issue many times.","Do you know what you're afraid may happen if you do speak up?Usually people don't talk freely because they feel afraid to do so.  Sometimes the fear of being rejected by the other, of being criticized or judged by the other person, or that what you will say stirs anger in the other person.If you are able to know what your particular reason is for not talking, then maybe you and your partner can talk about what makes talking easy or hard.Also, since speaking up is new for you, then ask your partner to be patient while you learn to do so.  Everyone does better at learning new skills when they feel supported and welcomed."
"We’ve been together almost three years. We argue and he ends it by telling me he doesn’t love me. It's hurtful because I am all about resolving the problem, and he dwells on the issue even if I drop what he's done and just swallow my pride and say I am sorry. How can this be resolved? We have kids, and I don't want a broken family because we can't communicate.","Under duress the very youngest parts of you and your boyfriend emerge. So, while you still look like grown ups, your actions and words are motivated by very early preverbal parts of both of you. In simple terms it is as if two infants somehow acquire the ability to say words but they are motivated by very basic early wounds that were created due to deficits in what was able to be done for each of you, and likely understandable in terms of caregiver's life experience, and that still fell short of what you needed. You are both still trying to get very early needs met. The best advice I can offer is to try and remember this as early as possible when things start to heat up, and then restrain expression that you already know leads nowhere helpful. And seek out a therapist who can help you to work with these early issues and can support you to grow and develop from this stuck point.Avraham Cohen, Ph.D, R.C.C., C.C.C."
"We’ve been together almost three years. We argue and he ends it by telling me he doesn’t love me. It's hurtful because I am all about resolving the problem, and he dwells on the issue even if I drop what he's done and just swallow my pride and say I am sorry. How can this be resolved? We have kids, and I don't want a broken family because we can't communicate.","Communication involves a listener and a speaker.  Both have to be willing to do their part to make communication work.  This is something that takes both and not just one.  Without both, communication is impossible.   Staying together and the kids observing unhealthy communication is already broken.  Seek help to improve communication.    Couples' counseling would be helpful."
"We’ve been together almost three years. We argue and he ends it by telling me he doesn’t love me. It's hurtful because I am all about resolving the problem, and he dwells on the issue even if I drop what he's done and just swallow my pride and say I am sorry. How can this be resolved? We have kids, and I don't want a broken family because we can't communicate.","Try having a conversation with your boyfriend about your views and wishes for the relationship, when the two of you are having a calm time.  A few questions I'd like to ask him is why he says he doesn't love you when the topic at hand is about a specific practical matter.I'd also like to know what he hopes will happen from dwelling on a matter.And, why are you swallowing your pride?  Sooner or later this will come up on you in much bigger ways.  Instead, try to know your own wishes that you are either not stating or are being ignored by your boyfriend.The best way to resolve accumulated tensions is to slowly open the discussion between the two people.It is possible to stay together forever.  What you each need to realize, is the terms under which this would most likely take place.Sending lots of luck!"
"We’ve been together almost three years. We argue and he ends it by telling me he doesn’t love me. It's hurtful because I am all about resolving the problem, and he dwells on the issue even if I drop what he's done and just swallow my pride and say I am sorry. How can this be resolved? We have kids, and I don't want a broken family because we can't communicate.","You can't fix this by yourself, but I applaud you for trying. One person working hard in a relationship can make things better for a while., but in the long haul you need two people giving some effort. I'm reading between your lines here and I wonder if your need to keep the family together is getting you to apologize when you've done nothing wrong and ignore things you've felt hurt by. I sense that you're doing all the work...that it's not balanced. I have worked with many couples and I've learned never to underestimate what kind of change is possible; anything is possible. But in order for change in a couple to occur, you need two people who are both willing to own their choices and behaviours, and who have empathy. Your boyfriend doesn't appear to have these components; he pushes you away and blames you when he's done something hurtful.Can you be honest with yourself about what's happening? I encourage you to sit down with a trusted friend or therapist and look at what you have here and what your options are. I wish you well."
"I'm dating this guy, Peter. My friend Jennifer used to date him a while ago, and she's fine with us dating. My ex-boyfriend, Paul, broke up with Jennifer, and she's devastated about it. Peter and I are going through a rough patch in our relationship. All of a sudden, Paul is in ""love"" with me, and he wants me back. I don't know what to do because I can't hurt my friend or my boyfriend, but I think I might Paul again.","Hello. The dynamics of having a romantic relationship with someone is not always clear. Sometimes we jump from one relationship to another without giving ourselves a chance to adjust and grieve for the one we had to leave behind. When you find yourself in a situation where a previous partner is coming back into your life and desires to be with you again, it is important to ask yourself what the motivations are prompting that return. Is the person afraid of being alone? Are they jealous of your current relationship? Do you feel the same way about this returning relationship as you did before it was ended? How long and/or how committed is the current relationship you are in now with your current partner? Does your former partner not like being ""dumped"" and maybe they just want to get back together with you so that they can ""dump"" you instead? Some of these questions you may not be able to answer, and some of them might require your own internal reflection.You likely want to make a good decision, and you also might want to consider who it will impact, and how that will happen. Other friends might be upset at this sudden change, and it could create a strain on your friendship. You will want to carefully consider the value of that friendship before you take any actions that could damage it. Also perhaps think about what led you to end the relationship with your previous partner in the first place. Has there been a change in events or behavior that would cause you to think of a valid reason to give that person a second chance? How it will it impact your current relationship?Going into relationships should be done with reflection, patience, and full awareness. Ultimately you choose who is in your life, so you want to make those choices based on appropriate decision making, and with the ability to protect yourself from harm. No one else can make this choice for you. However, gaining the insight of friends or family can be helpful, as can seeking out the counsel of a therapist. In your heart, you will likely find the right answer. Learn to trust that more, as that is where the core of emotion tends to be when you need it. Use your mind to analyze things, but allow yourself to also feel your way through the situation too. The answer will arrive if you let it."
My boyfriend called me a particular profanity and I broke up with him. This is the third time he's called me this and I'm just completely done with giving him chances. He knows how much it bothers me. I just want to know if I'm over reacting.,"It sounds like you are reacting to an issue in communication patterns, rather than a particular word.  The ability to listen considerately to your partner and to have your partner listen to you is one of the keystones of a successful relationship.  If your partner is not listening to, acknowledging and remembering your wishes, that is likely an indicator of some fissures in the foundation of the relationship."
"My boyfriend is in Ireland for 11 days, and I am an emotional wreck.","It sounds like you and your boyfriend are very close.  Do you typically spend most of your time together?  If so, it may be important to reflect on how you feel when you are apart.  If any separation is difficult, you may need to examine why.  Think about what it is that you miss and what you are anxious, upset or worried about.  If you examine the causes of your distress you likely will experience some relief.   It is important to learn how to be happy when you are alone, it will only improve the way you feel when you are with your boyfriend."
"I have high functioning autism and I have been on a lot of dating sites like meet me, match, and zoosk. I haven't had any luck on any of the dating sites I have been on.
    I really want a boyfriend but I don't know what I should do. I just want to be in a relationship. How can I meet someone?","Are there dating sites for people who have autism on the high functioning end?If not, then find out the names of different organizations which support people who have autism.  At least one of these groups will have some guidance as to social activities for dating or even specific sites for dating when autism is a criteria.All the rejection on dating sites is rough for anyone to handle.How do you know that you're being passed over by guys who are on dating sites because you have autism?    Any reason is possible.Unless you've heard from a few particular guys that their reason for looking beyond you is because of your autism, it is possible you're in the same boat as everyone else who feels similarly frustrated by dating site rejection!"
We've been in a long distance relationship for two and a half years. I recently saw his phone and saw the people he texts the most and one of them was a female coworker. I don't know how to approach this situation. How do I ask him about it?.,"I agree with Sherry that in a close intimate relationship, you are entitled to ask questions about his relationship with significant others. These questions help couples to build connection and trust. It's based on the idea that if you reach out to him for whatever reason (support, openess, understanding, empathy), you can count on him and can expect him to be responsive. How he responds to your question will give you an idea whether he helps you to feel more emotionally secure and builds trust or if you feel that you cannot be open with him. If your partner responds in an open and understanding manner, it usually indicates that he cares about your feelings and values your importance. If he responds in a defensive manner, it could mean that he does not like that you are questioning your trust in him or that he has something to hide. Either way, you may wish to explain that building trust is something that is very important to you in a relationship and that talking to him openly helps to foster that. If he continues to be defensive or evasive, then there might be some bigger issues at stake and the two of you may benefit from couples counselling or having a discussion about the values that are important to you in the relationship and how the two of you will go about supporting those values with actions.Dr. Virginia Chowwww.PsychologyResource.ca"
We've been in a long distance relationship for two and a half years. I recently saw his phone and saw the people he texts the most and one of them was a female coworker. I don't know how to approach this situation. How do I ask him about it?.,"I think honesty is the right approach in this situation. Share with him that you looked at his phone, as well as sharing with him any fears or concerns that you're having about the long distance relationship. Trust is the foundation of any successful relationship and when doubt & distrust creep into a relationship it can undermine the long term health of the relationship. Hopefully, he will understand your concerns and appreciate your honesty. This also might be a good time to seek couples counseling to work on relationship & communication skills."
We've been in a long distance relationship for two and a half years. I recently saw his phone and saw the people he texts the most and one of them was a female coworker. I don't know how to approach this situation. How do I ask him about it?.,"The best way to get an answer is to just ask. I would defintely let him know you are asking out of concern and not to judge or criticize. Allow him to explain his answer and see how you feel about it. Try to ask him when you both are already discussing other topics and just say, ""Can I ask you something?"" Earl Lewiswww.RelationshipsGoneRight.com"
We've been in a long distance relationship for two and a half years. I recently saw his phone and saw the people he texts the most and one of them was a female coworker. I don't know how to approach this situation. How do I ask him about it?.,"Just ask him.I'm not sure how you saw his phone if you're in a long distance relationship, because long distance means you live far apart from each other and don't get to see each other in person. Therefore, I think we may have a different understanding of the definition of ""long distance relationship"" which makes it hard for me to adequately answer this question for you.I don't know how old you are, but if you're an adult, after two and a half years, I don't think it's unreasonable to have an open and honest talk with each other about where the relationship is going and what you both want and expect. Long distance relationships are difficult to keep alive because you don't ever see each other in person. Talking, texting, and video chatting isn't enough, and the longer the physical distance remains, the more difficult it becomes to keep an emotional closeness. It may be time to evaluate the situation, figure out when (if ever) the two of you will be able to be together in person, and if you can and want to wait that long. Do you both want the same things out of life? If one of you wants to take the relationship to the next level but the other doesn't, then it doesn't matter if it's long distance or not - if you aren't on the same page with the relationship, it is going to be difficult to make it work.Trust is important. Issues with trust, insecurity, jealousy, lying and/or hiding things from each other, being afraid to speak up and have an honest conversation - these things can ruin relationships if not addressed. I know confrontation of any sort can be hard for some people, but it is necessary at times. Evaluate your true feelings for him. Are you with him for reasons other than love, such as being afraid to be alone or thinking you wouldn't be able to find someone else? Has he ever given you reason to be suspicious of his female coworkers or friends before? Some people, unfortunately, develop a track record of indiscretions and give their significant others ample reason for distrusting them. However, if this is not the case, you may be unfairly judging his texting through the eyes of your own insecurities. It may be time for you both to take an honest assessment of your own reasons for being in the relationship, figure out what you want, and make a decision. This may result in bringing the two of you closer and taking the relationship to the next level. Or, it could lead to a decision to end things. I know that can be difficult, but you both deserve to be happy and to be allowed to make the decisions that will lead to your personal happiness."
We've been in a long distance relationship for two and a half years. I recently saw his phone and saw the people he texts the most and one of them was a female coworker. I don't know how to approach this situation. How do I ask him about it?.,"If you'd like to ask a question, then go ahead and ask!Boyfriend/girlfriend is a close relationship and it is usually understood as an exclusive relationship.  You're definitely entitled to know if your wishes to not have him texting another woman, are being respected.Often people are afraid to ask because they fear the truth will hurt them.In the short term this is definitely true.In the long term, knowing you are getting what you want and at the very least stating your expectations to your boyfriend, will clarify for him, what is meaningful in your relationship."
"We weren't long distance until he joined the military. I love him and I know he loves, me but it's complicated. He said he's not going to find someone else, but I'm afraid. How do I keep our relationship going?","Hello. You are asking a very good question about how to sustain a long-distance relationship. Although maintaining a long-distance relationship has its challenges, with the proper communication, commitment, and understanding, many long-distance couples are able to thrive and maintain a close connection. Without knowing more about the ""complicated"" nature of your relationship, I wonder whether your boyfriend has given you reason not to trust him that makes afraid that he will find someone else. Has he cheated on you in the past and has shown romantic interest to another person that made you fear losing him?  Or, is your thought just a fear but not based on evidence? Knowing that distinction is important because if it is the latter, you may benefit from refocusing on the wonderful qualities about your partner that makes you feel good about him and the relationship rather than focusing on the unknown or uncertainty of the future. The more you focus on ""what if"" situations, the more you may feel anxious about a reality that is not accurate and make you act in ways that are insecure. However, if there is reason for you to question his fidelity, you may have to speak to your boyfriend about how to build trust in the context of a long-distance relationship. To help the conversation, you may need to consider what you may need to experience or receive as support to feel safe in the relationship to build trust. Is that you wish him to contact you regularly, or to include you more in his life, or to make a clear commitment? For many of my clients in my private practice, that may include talking to their partner often and using a variety of modalities including text, phone, and Skype. It's hard to believe in a relationship when you never talk to your partner, and it's hard to build a relationship when you don't know what's going on in your partner's life. Other times, it is Making sure they talk often to their long-distance partner so that they can participate in each others lives and to feel their presence.. Regular communication, understanding and caring is the key to sustaining any relationship, but this is especially true for long-distance ones. Dr. Virginia Chowwww.PsychologyResource.ca"
"We weren't long distance until he joined the military. I love him and I know he loves, me but it's complicated. He said he's not going to find someone else, but I'm afraid. How do I keep our relationship going?","Loving someone in the military is hard. My husband and I joined the USAF two months after we got married! How long do you expect to be apart? Do you have access to Skype or something similar? How far away from each other are you? Can you meet half way periodically? I have a number of military friends who have dates over the miles with facebook live. They pick a restaurant, order, and talk about their day. It's super cute and sweet. What are some things that you have tried?"
"We weren't long distance until he joined the military. I love him and I know he loves, me but it's complicated. He said he's not going to find someone else, but I'm afraid. How do I keep our relationship going?","You're wise to be aware of possible changes to your relationship once your bf is away from you for extended time periods.All you both can do is state your intentions and wishes, keep in contact as much as possible, and wait to see how your relationship unfolds.To a large degree, each of you is relying on faith that if the relationship is meant to last for a while, then it will.   The military may add stress.This doesn't necessarily mean the stress will dissolve the relationship.Sometimes all anyone is able to do, is try."
"We weren't long distance until he joined the military. I love him and I know he loves, me but it's complicated. He said he's not going to find someone else, but I'm afraid. How do I keep our relationship going?","You're right that long-distance relationships can be complicated. If he loves you and you love him, that's a great start. I wonder if you would be able or willing to have a discussion about what you love about each other and what makes each of you feel loved, valued, special, and appreciated.When having important discussions, consider the following:Make sure it is a good time to have a discussion (and if you're doing it in writing because of the distance, you could type something in the top of the message about not reading any further if the person who is reading doesn't have 10 minutes or something like that)Try to listen as though you are an investigative reporter trying to find out information about each other. Asking more questions in this manner can be a helpful way to be less defensive during difficult or emotional conversations.When having discussions face-to-face, I often recommend using timeout when things become very emotional and saying that you agree to go back to the conversation in 15 minutes or one hour or some short duration of time that allows for some of the immediate emotions to dissipate so it is easier to also talk about them. As for how that translates to distance, maybe each of you would say that you are working on figuring out how best to explain it and will answer the next time you have access to the Internet (or, if possible, use some kind of timeframe).Consider what questions you would like answers to. For example, are you wondering:What should I do if I miss you or want to talk to you more? I don't want to make you feel guilty, but I also don't want to hide my feelings. Can I share them with you?If you have days or weeks when we cannot be in contact directly, can I keep sending you messages or is that overwhelming?How will you ask for support from me?Some couples really want to protect each other. In doing so, instead of hiding our emotions, can we share them and work through them together?Whatever else comes to mind.Gary Chapman is famous for his books about the 5 Love Languages. He has one specifically for military families: The 5 Love Languages Military Edition: The Secret to Love That Lasts.Here's a list of books related to loving from a distance: http://www.longdistancerelationships.net/bookstor.htmI have not read these books myself, but I have read other works by a lot of the authors.One final tip: Consider making a list of times when you work together and both feeling calm, safe, and comfortable. These memories could be helpful to you during difficult moments.Best wishes to you. Remember that you could each see therapists in your respective locations if that would be helpful to you."
"When I ask him who he is talking to, he tells me no one. But, it sounds like he is holding a conversation with someone. I have even accused him of having a secret cell phone. I ask so much, I feel like I am losing it. Is he trying to make me question my sanity, or is he talking to himself?","A rare topic & likely extremely troublesome for you... I would need to have more background information on the two of you before beginning to offer any insight. Feel free to email me.I would also like to add that aside from the reality of whether or not these conversations are actually occurring, as your partner, he should be just as concerned about something that is disturbing you to this level.  Partners need each others' trust and support, no matter who is right or wrong."
"Over a year ago I had a female friend. She turned out to be kind of crazy so I decided to stop talking to her. When she would call me I wouldn't answer the phone. This made my girlfriend really suspicious. She would ask me why I wouldn't ever answer that phone number. I told my girlfriend that I don't want to be friends with that other woman, but I don't think she believes me. How can I get my girlfriend to understand?","We women really do tend to struggle with the comparison game. And Hollywood culture hasn't helped with romantic comedies and song lyrics telling us that when a man appears evasive, there's something to worry about. It's been my clinical experience though that most women value transparency and security in their relationships. So you might try sharing a little bit more about your history with this woman. For example:Where did you meet her?How long were you friends before you decided to call it quits? Why don't you want to be friends with her (i.e., what do you mean by ""kind of crazy"")? I promise this tends to matter to women.Were you ever intimately involved with or even attracted to her?If your girlfriend can truly see that you view her as the filet mignon to the other woman's hamburger, and that she is your favorite person on the planet and has NOTHING to worry about, she may start to come around.Now, IF she's more concerned that you might be taking this woman's calls behind your back, while I'm not typically a huge fan of sharing passwords or phone records, you might print them off and highlight this female's number and show your girlfriend that you absolutely are telling the truth.And if you really want to step it up, I would be intentional about doing all the little things that you know your girlfriend loves that helped make her fall in love with you in the first place (e.g., little love notes for her to find or sweet text messages, buy a rose or her favorite flower, have her car detailed, do the laundry...date nights...you get the idea).  Bottom line - show your girlfriend why out of all the women on the planet that you could be with, you CHOSE HER.  And would continue to do so all over again.  AND why you love HER as a person.  This will help her trust what you're saying. Best of luck to you!  Tamara Powell, LMHC"
"Over a year ago I had a female friend. She turned out to be kind of crazy so I decided to stop talking to her. When she would call me I wouldn't answer the phone. This made my girlfriend really suspicious. She would ask me why I wouldn't ever answer that phone number. I told my girlfriend that I don't want to be friends with that other woman, but I don't think she believes me. How can I get my girlfriend to understand?","Do you know why your girlfriend doesn't believe you?It is strange that your girlfriend prefers you to take the phone call of another woman.Have you blocked the unwelcome phone calls?Has your girlfriend said she doesn't believe you or is this your interpretation?Find out the answer and then ask your girlfriend to tell you her reasons behind her thoughts.It is much easier to help someone understand a situation if the person is engaged in a conversation.Whether or not she understands is up to her.All you can be responsible to do is to offer your explanation, which sounds like you've already substantially offered.Keep or reintroduce the topic for the two of you to talk about again."
"Over a year ago I had a female friend. She turned out to be kind of crazy so I decided to stop talking to her. When she would call me I wouldn't answer the phone. This made my girlfriend really suspicious. She would ask me why I wouldn't ever answer that phone number. I told my girlfriend that I don't want to be friends with that other woman, but I don't think she believes me. How can I get my girlfriend to understand?","Open and honest communication can go a long way in situations like yours. Your girlfriend may be suspicious if you don't give her enough information. Answer her questions fully. Ask for her suggestions as to how to handle this female friend. Ask for your girlfriend for help in getting the female friend to understand that you are not interested in continuing the friendship. If you are honest with your friend, your girlfriend will probably feel like you are being honest with her."
"My boyfriend and I have a toxic relationship due to his emotional and verbal abuse but he makes me feel like I could never find someone better, and that I can't be happy without him.
   How do I get away from this relationship?","I'm glad you recognize your own best interest and that your life will be much better without verbal and emotional abuse.One of the terrible results of being abused in a relationship which is expected to be loving, safe and supportive, is that the one who is being abused, starts to question their own judgement, rights, opinions, overall way of thinking.This happens because partners who are intimately involved with one another are very meaningful.  Regardless of how irrational, wrong, mean, selfish, intimidating, thoughtless, a partner is to the other, the person on the receiving side gradually starts questioning whether they are wrong for not accepting these sorts of interactions.Stick with what your own intuition tells you.There is a part within each of us which knows the truth of what is going on.Leaving a relationship is always difficult to some degree.  People are in familiar patterns of daily behavior, no one wants to suddenly ""be alone"", even if this only means showing up as a physical body, not as a truly loving partner, no one wants to start telling others about a breakup, answer questions about it, feel blamed, worry what others think.These are secondary matters to following the truth in your own heart.Listen to yourself about leaving this guy. Your inner self does not lie to you."
"We had great chemistry, but then he became distant. I had the feeling that I can't be without him. As soon as I felt the difference, I was scared to lose him. I started freaking out if he did not answer, thinking that something bad happened.","People often care deeply for those whom they love. I don't know how long you have been together. It is also common to want to be very closely connected to people who are important to you.It may be helpful to have a conversation about talking more or talking about how you feel when he is not there and how he feels about answering you right away. It may be helpful for both of you to listen to each other and what you are feeling and experiencing so that you can look at what may work for both of you. For example, maybe you could remind yourself that he will answer you when he is not busy or as soon as he can.Sometimes just talking about these feelings can be helpful so that you can both have open discussions about whether the amount or type of communication is too much or in a style that is not working for both of you. You could also consider leaving text messages or something that does not require an immediate response so that when he is busy, you have the ability to write a message, and he has the ability to answer when he can.I also wonder where you are getting the idea that something bad happened. I don't know whether something happen with this person in the past or perhaps at another time in your life.Some people benefit from ideas such as not going to bed angry, but this is difficult for others.I would suggest considering what makes each of you feel loved, valued, appreciated, or special.Also think about what styles of communication you both like and what is and is not okay in the context of an argument.It may be difficult to talk about what has related to him being distant and it may be helpful to talk about ways to communicate about this first (such as taking a 10 minute timeout if it becomes overwhelming).Perhaps talking with a therapist who specializes in couples would be helpful if talking about this between you is confusing or if you do not both feel heard by the other person. Remember that feeling heard does not mean that you have to agree with one another."
"We had great chemistry, but then he became distant. I had the feeling that I can't be without him. As soon as I felt the difference, I was scared to lose him. I started freaking out if he did not answer, thinking that something bad happened.","The simplest answer is that love feels good, obsessions don't.Love deepens a sense of peacefulness and security.Obsessions give anxiety and worry of feeling abandoned.One suggestion is to study more about yourself and why you'd feel so ill at ease when you aren't w this person."
"I’m in my early 20s. My ex’s parents are friends with them and have told them bad things about me. I left my ex due to an abusive situation, and they are making me look like I was the bad one.","Maybe you can talk with your partner about this first look at the different elements of a possible conversation in the future. If you are at a place where you are willing or able to disclose the reason that you left your ex, that could be one element of the discussion, but it doesn't have to be.I don't know how long we have been together with your current partner, but perhaps his or her parents would see you for who you are and make their own opinions over time. That may be a discussion to have with them as well.Hopefully your partner will be a good sounding board before these conversations."
"I try to do everything right just so we won't argue, and it doesn't help the only time he is calm is when he is drinking alcohol. I get anxiety over having fights with him.","Because of the way that you say your boyfriend is only calm when he is drinking and you have concerns about flights, it would probably be most helpful for you to speak with a local therapist so you can have specific conversations about what happens during these fights.When you do ""everything right,"" are you saying that you don't argue? It sounds a bit as though you are trying to read each other's mind without being able to communicate effectively. I recommend working on this with a therapist, though (even if you end up going without your boyfriend to sessions), so that you can talk about specific strategies and what you can do when he is not calm."
"Ever since I was little, I loved the idea of loving someone and spending my whole life with them. I treated everyone nice. For girls I liked, I would spend every second with them. It always ends the same way: “I like you as a friend,” or “I love your attention but not you.”",Attention is often something that is both wanted and sometimes not wanted all the time. Maybe when you're in a relationship with someone you can discuss the amount of attention that you are both comfortable with and/or what you are both looking for as far as amount of connection.
"I'm dating a guy I really love. We have our problems, but I could see myself with him long term. But there's this other guy who I've had feelings for for awhile now. He gives me butterflies when we talk, and my heart beats fast when I see he's texted me, which i never felt with my current boyfriend.","There are different types of attraction.  You said that you've never felt this sort of feeling of your heart beating faster with your current boyfriend. Depending on how long you've been together and if you're looking at different ways of making a life together and getting to know each other on a deeper level, that's a different stage in a relationship and sometimes it feels different. Some people look at it as a difference between levels of passion and compassion, but there are many different terms to try to talk about it.Perhaps with this guy that you really love, you could talk about ways to keep things new and different in the relationship. Maybe you can leave notes for each other during the day or have a small surprise at random intervals (maybe an invitation to a picnic, for example).As for the other guy who makes your heart beat faster, what do you see in him? You said you really love the other guy, which is why I'm asking.What do you look for in the person who you want to be with long-term (whoever that is)?"
"My ex-boyfriend and I have been back and forth for over a year now. He's in his late 20s, divorced for like five years now with two kids. He has a lot of narcissistic behaviors. He lies and cheats, but I love him. I've tried to date other people, but I always go back to him.","There are a lot of pieces to the decision of whether to stay or leave. Can you have open conversations about your concerns? Is he able to listen to that? I'm not sure how you know for sure that he lies and cheats, but does he recognize these things as problems? Which part of you is bigger: the part of you that wants to stay or the part of you that wants to leave? Can you consider what you want, wish for, and desire while also considering the same for him? Can he do that for you?"
"I'm in a relationship, but I feel like I'm always putting more into it and not getting reciprocated. My ex told me that I will never find anyone else, and that's lingering in the back of my mind.","The most crucial key to any relationship is that mutual feeling you hold between you both: that you matter. Sounds like you are stuck in a cycle of hearing your ex say you don't matter. That's why it didn't work with him btw. He wasn't reflecting to you that you mattered. However it ended, clearly though that's the sentiment that's lingering with you. So here you are hanging around a new man why is telling you the same message. Move on. You aren't unworthy, you just haven't found a man who is worthy of you! To be worthy of you, he must see your worth. Often though before anyone else can see your worth, you have to believe it."
I blame my past relationship for it. I know it is bad to be this way. I want to get past it.,"We humans are social beings. We learn how to BE in relationship as children. The caregiving you received (or didn't receive) set the stage for how you show up in all your adult relationships. Insecurity in relationships often has much to do with feeling unheard or unseen, perhaps feeling like you don't matter. There are many ways to rewire these relational patterns, the first step of which is taking pause and noticing that you are feeling insecure - so congrats on that because clearly you are already there!  Next I'd suggest finding a relationship therapist to help you sort through your insecurities, either as a couple or individually."
I blame my past relationship for it. I know it is bad to be this way. I want to get past it.,"How did you come to the conclusion that you are acting needy?Is this what your partner told you or are you feeling this way about yourself?The difference is that what you'd like from a relationship may be very reasonable, only that your partner is not someone who wants to meet your needs.One way of evaluating whether you're actually needy is whether you feel that you give yourself love, take good care of yourself when you're in situations that are not connected to being part of a couple.If being by yourself feels uneasy most of the time, then probably practicing self-love, consciously treating yourself with consideration and thoughtfulness, may help you feel less needy of others.This way, when you're with a partner, the time together will be in enjoying the partner, not getting love because of not figuring out a way of giving love to yourself."
"I am currently suffering from erectile dysfunction and have tried Viagra, Cialis, etc. Nothing seemed to work. My girlfriend of 3 years is very sexually frustrated. I told her that it is okay for her to have sex with other men. Is that really okay?","Hi, First and foremost, I want to acknowledge your efforts to gain (your) ideal erectile function. If the medications are not working and you have taken them as prescribed, I would encourage you to seek the help of a sex therapist as the dysfunction may be due to a psychological and/or relational issue rather than a physical/medical one. As for your question, only you can answer this. Is it OK? Are you OK with her sleeping with others? Have you thought through what this may look like, feel like, become for you and her? Opening up a relationship is a choice only the people in the relationship can answer. Even then, the answer may change at any point by either of you. I encourage you to also determine what the intention is underneath your telling your girlfriend she could sleep with others. Be clear with the intention and then together have continuous conversations about the expectations of opening up (i.e.: are there any kinds of sex that is off limits, areas of the body where touch or intimacy is not allowed, are uses of safer sex required or not, do you want to know the details or not, so forth). An excellent resource would be the book ""Opening Up"" by Tristan Taormino. I wish you the best of luck!Dr. Lily Zehner, MFT-C"
"I am currently suffering from erectile dysfunction and have tried Viagra, Cialis, etc. Nothing seemed to work. My girlfriend of 3 years is very sexually frustrated. I told her that it is okay for her to have sex with other men. Is that really okay?","Hello, and thank you for your question. I completely agree with Dr. Zehner. Many couples are in open-type or polyamorous relationships where one or both partners engage in sexual relationships with others. The key thing about this is that it really does have to be something that both people are okay with. Now, as Dr. Zehner indicated, what may be okay today may not feel okay tomorrow, so good communication is essential. The truth is, even in polyamorous relationships where partners are in agreement, jealousy does sometimes happen. Here is a good article about polyamorous relationships and the issue of jealousy: http://everydayfeminism.com/2016/02/polyamorous-dealing-jealousy/This site has many other articles about polyamory. If you type in ""polyamory"" in their search box, you will find some good information. I wish you well,Robin J. Landwehr, DBH, LPC, NCC"
i was addicted to porn since the second grade. I'm in my early 40s and overcame my addiction during my separation from my wife of 15 years.,The person who can answer this question is the person you want to rebuild that trust with.  They are the only one who can tell you what it will take for them to trust you again.  What they tell you may seem hard or impossible but unfortunately that is what THEY need.  It is up to you if you feel and know you can provide what they request.
"He isn't violent, but he has anger issues and deep insecurities. He's working on them and has improved. We started counseling, and he participated in one or two individual sessions, but we broke up again shortly thereafter. Now his constant questions and accusations are getting really draining.","From what you write, you're not too happy with how your boyfriend treats you and how he handles his own life.What keeps you feeling connected to him in positive ways?If you're truly not happy most of the time in this relationship, then you're at the time of asking why you'd want to remain in a relationship which is draining."
"He isn't violent, but he has anger issues and deep insecurities. He's working on them and has improved. We started counseling, and he participated in one or two individual sessions, but we broke up again shortly thereafter. Now his constant questions and accusations are getting really draining.","Sometimes relationships just do not work.  Don't feel that the first, second, or even third relationship is the relationship you are suppose to be in for life.   The one that is meant for you will require work but should be be draining and a constant roller coaster of breaking up.  It is good you all went to counseling, but one or two sessions may not be enough to make and see a change in behavior.  It takes times and it takes both working toward the same goal.  I would suggest doing you...meaning focusing on your own growth at the time.  If he wants to grow with you, he will make the necessary steps.  If he doesn't...wish him well."
"He isn't violent, but he has anger issues and deep insecurities. He's working on them and has improved. We started counseling, and he participated in one or two individual sessions, but we broke up again shortly thereafter. Now his constant questions and accusations are getting really draining.","Hello and thank you for your question. I worked for a number of years with people who have been both abused in their relationships and those who have been abusive. Being involved in a relationship with a partner who does the behaviors you describe can be incredibly difficult, and many would argue is even harder than overcoming actual physical violence. I was a little confused about whether you're are still broken up with this person or if you are still thinking about it. I am going to assume you are still undecided. Some of the things you are describing sound like emotional abuse. Even without physical abuse, being emotionally abused can still be traumatizing. When partners question and accuse, they are often trying to exercise power and control over their partners by hurting them with unfounded accusations.  The accusations serve to make someone feel guilty and to manipulate them. For example, if your partner accuses you of cheating when you go out bowling with friends, you may elect not to go bowling just to satisfy your partner and prevent a fight from occurring. The person being accused or questioned often tries to prove over and over again that they have done nothing wrong, but it doesn't matter. And that brings me to the point of what some people who experience these behaviors do in order to start feeling like they have some power again. Here are just a few things:1. They realize there is no right answer. Trying to be logical with someone who doesn't want to be logical doesn't work. Many people simply stop trying to defend themselves against false accusations because there was no answer that would satisfy their partner anyway. In addition, the rules of the relationship seem to change on a daily basis, and what may be okay with your partner one day may make them angry the next. And this can leave people constantly feeling like they are on eggshells.  2. The find support. Finding a support group or a group of people who remind you on a daily basis that you are a decent person is always a good idea. One of the things that can happen when we are with someone who does emotionally abusive things is begin to have a negative concept of ourselves. Surrounding yourself with people who remind you that you are a good person is a great idea. 3. They reinvest in themselves. Try to find some time for yourself. This couldn't possibly sound more cliché, but it is actually true. Whether that is taking up a new hobby or doing an old one. One thing that can happen when emotional abuse takes place in a relationship is the person being abused can begin to isolate and not do the things that make them enjoy life. Taking some time for the self can sometimes bring things into perspective.I don't know if you are still in counseling, but if you are and you are getting what you need then that is great. If not, there are others you can try. It's important to find the right fit. As for the question of whether or not you should leave your partner, that is a question that can only be answered by you. But you could ask yourself some questions  like these to help you decide:1. What are some of my values about relationships? Do I want Trust? Honesty? Ask yourself if you have these things in your relationship.2. Do I feel like this relationship brings out the best in me, or does it seem to bring me down?3. If I want to stay in this relationship, what are some specific things that need to change? Hope some of these suggestions help. Good luck to you. Be well.Robin Landwehr, DBH, LPC, NCC"
"I have had a crush on this guy for years. I last talked to him a few years ago when we graduated from high school. We left off on a good note. Should I message him and see how he is doing, or is it too late?","You'll only find out whether or not it is ""too late"", by following through with wanting to message him.Regardless of whether the response you receive is what you'd hoped to hear, including not hearing back from him, you will have done yourself a great honor and respect by following through on a wish and curiosity you've had for some time."
"I have had a crush on this guy for years. I last talked to him a few years ago when we graduated from high school. We left off on a good note. Should I message him and see how he is doing, or is it too late?","It's never to late to let a person know how you feel.  You never know where it will take you.  You don't want to hold this regret of not letting your feelings known and wondering ""what if"" for the rest of your life.   That can be torturous.   Now prepare for whatever..if his feelings are the same or if they are not.  If they are the same...great.  If they are not, feel good that at least you let a person know they hold a special place in your life and wish him love, peace and happiness in his life."
"I've been with him for a couple months. We will talk everyday and he will get mad over something I will say and not talk to me. We have our great moments, but I just need to focus on my personal situations, and I feel he is slowing me down with that. I still wanna be with him, but not now.","It sounds like you're pulling away instead of being honest. If you really want to be with him, why not now? If you don't have time for a relationship, why are you dating at all?I don't understand the whole ""phasing out"" thing that people do these days (or ""ghosting"", where you just stop talking and disappear!). I get the sense that this relationship isn't working for you, but for some reason you're stopping yourself from being honest with yourself and him and just ending it. In the early stage of a relationship (the first year), if it doesn't feel fabulous, it's a good idea to move on. It's not personal. You don't owe this person anything. They deserve someone who's totally into them (and so do you) and you're doing him no favors by hanging on to something that's not amazing or giving him hope that it might work better in the future sometime. You don't have to slowly bow out. It actually creates more hurt than gentle honesty. Maybe people don't know how to say it?""I've decided not to continue with this. I wish you the best."" Life is too short!"
"I've been with him for a couple months. We will talk everyday and he will get mad over something I will say and not talk to me. We have our great moments, but I just need to focus on my personal situations, and I feel he is slowing me down with that. I still wanna be with him, but not now.","I have learned that the best approach is to say that you need the time to get yourself together, mature, learn, outside of a intimate relationship but just in a friend to friend relationship...don't blame him or point fingers at him.... most likely if you did that it would not go well.  If you make it about you and that you want the best for him while you work on self, it would be taken better."
"I've been with him for a couple months. We will talk everyday and he will get mad over something I will say and not talk to me. We have our great moments, but I just need to focus on my personal situations, and I feel he is slowing me down with that. I still wanna be with him, but not now.","Why don't you just tell him everything that you just wrote here?You're clear in your mind as to what you would like.Unless you have a whole either side to the way you feel, everything you wrote here explains your position very well.Good luck in having your conversation!"
"I found out my boyfriend takes anti-depression medicine. Lately he's been saying he has a lot on his mind, and he needs time to think about us. We've only been dating 3 weeks but I like him a lot.","Give him the time and space he needs.  Obviously something is going on with him that he needs time to process, think about, and work through.  Respect that most men are not talkers but more thinkers.  If and when he is ready to talk, he will.  When and if he does talk, be a comforting listener and put yourself in his shoes the best you can to be the support he needs.  Don't take it personal because you just been dating 3 weeks and his depression maybe something that been going on for a while.  If you do like him...showing him by being patient and supportive at this time."
"I found out my boyfriend takes anti-depression medicine. Lately he's been saying he has a lot on his mind, and he needs time to think about us. We've only been dating 3 weeks but I like him a lot.","Your boyfriend may like you a lot as well.People have different styles of reflecting on their lives, one of which is to retreat the way you describe your boyfriend doing.One point you can consider is asking for a time frame of when he'd be ready to discuss his thoughts on your relationship.He's entitled to retreat, as much as you're entitled to talk.Cooperating with the other person's way of handling themselves is one aspect of relating.Since the anti-depressants are a concern for you, consider bringing up this topic when the two of you do talk."
"I found out my boyfriend takes anti-depression medicine. Lately he's been saying he has a lot on his mind, and he needs time to think about us. We've only been dating 3 weeks but I like him a lot.","This seems like two questions.  The first is what may have happened to prompt him to back off.  The second is what it means to you to have a boyfriend who takes anti-depression medication who says he has ""a lot on his mind.""  Both give you opportunity to look at yourself.  Having expectations can be a huge trap.  I write about this extensively in the first chapter of my book Living Yes (www.LivingYes.org).  Is there any way that you can enjoy your time together without expecting anything down the road?  Are there wonderful lessons for you to take from the relationship - even if it only lasts three weeks?  Can you create a mindset of gratitude for what is and let the future expectations (and future demands) go?  Are there new ways to communicate that might bring you together?  What are the lessons for you about allowing the relationship to develop its own course on its own time?  Again, let go of all expectations, and see what happens. That's what ""Living Yes"" requires.I am sure this will work out well for you - either with him or without him.  ~Mark  (www.MarkMorrisLCSW.com and www.LivingYes.org)"
Me and the father of my child have been dating for a year. We had a big argument and at first he wanted to work it out. But with time he started asking others and they told him to leave me. Now he wants me to wait on him to mature. He wants to talk to other people. Then come back in four years. He doesn't want to deal with me while I'm pregnant. He doesn't take me to the doctor or anything. I feel alone. How do I handle this situation?,"Well, as far as your boyfriend, sounds like he has received advice from others that is not wise advice.  Leaving is not the answer after a ""big argument"" as you mentioned.  However this is not surprising to me based on his possible age and maturity level.  Having a baby is a lifetime responsibility and there are very few who handle this or who realizes that it requires one to step their game up.  This is something that he has to realize and be encouraged by his parents or a mature adult to do.  Hopefully, someone who has better (wise) advice will talk to him and he will listen.As for you,  how do you handle this situation is your question....you do what you have to do to prepare for your baby, with or without him.  A lot can happen in four years and you don't have time, are not required, and can't wait to see what will happen with him.  You have a LIFE to prepare for,  to feed, to protect, and to love.  Can you tell your baby to wait; I don't want to deal with you now; I need to mature; I will be back to see you later; Hope you will be fine?  Nope!!!   As I always say, you are not alone because there is someone somewhere going through the same or similar thing.  Develop healthy friendships...whether with family, friends or new people who may enter your life.  Your support system will grow and life will go on...with or with him.  Stay focus on you and your baby..."
I have several issues like I don't like people. They make me sick. I have issues with talking to people. I feel like they are talking about me and making fun of me. I have felt this way for years. When I look people in the eyes I have voices that tell me to hurt them and if I don't stop looking at who I am talking to it gets so loud I can't hear what they are saying. I just stay away from people to avoid this. I look at people and think how I could hurt them. I feel like I am worthless and would be better off not in this world where I don't fit in. Every day I wake up it's like another day. Any info would be good.,"Sounds like you are dealing with a lot within your self which is causing you great pain.  I would suggest that first you get a full physical evaluation to make sure that you are ok physically.  Then getting a mental evaluation as well from a psychiatrist.  Seeing both would help rule out any physically or psychologically causes to your symptoms.    After getting these evaluations, your physician should be able to help guide you on what treatments would be the best to help with your everyday challenges your are facing.  Whether treatment includes medication and/or psychotherapist would be discussed.  Please consider doing both immediately so you can have the live you want everyday you wake up."
"Now that the other girl is out of the picture, our sex life isn't the same. Is it because he is still thinking about the other girl?",Or...better yet... Is it you still thinking about the other girl?  I am sure his cheating hurt you emotionally and may have affected your sexual performance as well.  Make sure the other girl is out the picture on your end as well.  Sounds like something the both of you need to have a calm and adult conversation about.
"I was in a relationship with him for three years. My mom doesn't like it because she thinks I'm making a mistake. He got married a few months after we broke up, and now he is divorced. I forgave him for what he did in the past, and he says he’s sorry and he really loves me. I love him too, but is it bad that I'm giving him a second chance again?","Hey, it might be mistake in the end but this is a risk you want to take and you get to make your own mistakes. Your mom wants to protect you; I get that. Maybe she is worried you'll be hurt again. Were you hurt in some way by him? Can you understand where she's coming from? Sometimes when we're mad at our partner and we complain about them to mom, it's hard to know how to repair mom's relationship with the partner when things are better and we reunite. Can you help your mom understand that you take responsibility for your part in how it went wrong; that the picture you may have painted of him isn't the total picture? She might need help there. Thank your mom for her love and care, and you can also let her know clearly that you and your boyfriend are the only ones who get to decide whether you're together or not, that it's a risk you are going to take, and that you really need her support. :)"
"I am currently living in a hotel and I don’t have a family. I met a guy a month ago. He is a bisexual. He has a lot of gay friends on social networking sites. He would not help pay for the room. When I asked for the TV remote control, he threw it elsewhere and asked me to get it. I slapped him and asked him to leave my room. We recently just got back together. One time I was sick. He came to visit and feed me but left no money. Then he texts me and brags about his house and car knowing that I have struggles living at a hotel. He says that he has a whole house where he can put me in and orders me to text him whenever I need someone to have sex with. He left his bath soap so he could come and get it. I think that he is trying to find a way to come back. Please help me. What’s going on? I am a good, loyal woman. Why is he treating me like this?","I am less concerned about this man as bisexual and having gay friends, than about how you feel is treating you.  You are in a vulnerable position because of social isolation.  If you have friends to talk to, please reach out.  While this man has money, it is not his job to take care of you financially unless the two of you have decided that together.  It sounds like he sometimes cares for you and other times you feel disrespected.  I would suggest you look for a man that is consistent in his love and care.  This is not your fault.  But you are in control of removing him from you life or choosing not to because he meets some of your needs.  Take care."
"About two and a half months ago, I met a woman on a dating site. We went out on two dates, and then despite her original plans on how to pace and conduct the relationship, I ended up at her house on a the Friday night one week after our first date. We respectfully tried not to have sex, but after hours of trying to resist each other, we gave in and we had sex. After that, I slept at her house every night for almost two weeks. Then one day, she went to her family’s house on Thanksgiving and everything changed. Within the short time we were together, we got so close and serious really fast. We had finally found each other. We told each other that we loved each other all the time, even while we were making love. A few days after Thanksgiving, she told me that we would have to go back to her original plans of seeing each other much less frequently. I was very hurt and didn’t understand. Then another week later, she told me she couldn’t do it at all anymore. I was crushed!
   A few days later, she tells me how much she’s missing me and “let’s get together for lunch” or something like that. Then about two weeks later, we finally get together one night and we were so hot for each other (in love, not just sex), but she confessed that the reason for the sudden distance was that the father of her very young child told her he wants to get back together and this totally messed with her. So for her child’s sake, she is now considering the possibility of allowing that to happen. She had told me all about him previously, and it is definite that she has little to no attraction to him, but she would do this putting herself in misery again for her child. Our love for each other is fully established and acknowledged, but she is torn and confused. She doesn’t even think it would work between them as she had to kick him out before for not fulfilling his role properly. I know she needs time, and all I can do is take care of myself. We have agreed to remain friends, and if this doesn’t work out for her, we will try again. I’m completely in love with her, and I’m in extreme pain.","That sounds really heartbreaking. It is tough falling in love and not being able to dive fully because of complications on the other side. It sounds to me that you are doing exactly what you need to be doing by taking ""care of myself"" while the rest sorts itself out. While I admire your desire and courage to stay friends - the ""extreme pain"" that you mentioned may make this too challenging and at odds with your taking care of yourself. Since there is no commitment on her end to give it a shot with you I would make sure that you really honour your own feelings about what feels right to you so that you don't end up feeling strung along or resentful. Make sure that you lean on friends and family at this time - we need all the support that we can get when we are heartbroken."
"About two and a half months ago, I met a woman on a dating site. We went out on two dates, and then despite her original plans on how to pace and conduct the relationship, I ended up at her house on a the Friday night one week after our first date. We respectfully tried not to have sex, but after hours of trying to resist each other, we gave in and we had sex. After that, I slept at her house every night for almost two weeks. Then one day, she went to her family’s house on Thanksgiving and everything changed. Within the short time we were together, we got so close and serious really fast. We had finally found each other. We told each other that we loved each other all the time, even while we were making love. A few days after Thanksgiving, she told me that we would have to go back to her original plans of seeing each other much less frequently. I was very hurt and didn’t understand. Then another week later, she told me she couldn’t do it at all anymore. I was crushed!
   A few days later, she tells me how much she’s missing me and “let’s get together for lunch” or something like that. Then about two weeks later, we finally get together one night and we were so hot for each other (in love, not just sex), but she confessed that the reason for the sudden distance was that the father of her very young child told her he wants to get back together and this totally messed with her. So for her child’s sake, she is now considering the possibility of allowing that to happen. She had told me all about him previously, and it is definite that she has little to no attraction to him, but she would do this putting herself in misery again for her child. Our love for each other is fully established and acknowledged, but she is torn and confused. She doesn’t even think it would work between them as she had to kick him out before for not fulfilling his role properly. I know she needs time, and all I can do is take care of myself. We have agreed to remain friends, and if this doesn’t work out for her, we will try again. I’m completely in love with her, and I’m in extreme pain.","Love doesn't hurt.Your description of the relationship so far, is that you are feeling a lot of emotional pain, alongside a deep attraction for this woman.In some relationships, the benefit of what draws us together with someone, is being able to learn more about our own deep sense of who we are, what we value and care about.This sounds more descriptive of your relationship than that it is a loving one.  Your descriptions are of the woman's life, parenting and relationship dilemmas, not about how much of an effort she is willing to make in her life so that the two of you are able to be together for the long term.Try distinguishing your wishes to be loved by this woman with what actually is taking place in everyday life.Being aware of how much love you'd like to give and receive, is valuable self-knowledge.Your ongoing emotional wear and tear of all decisions about the relationship that affect you, being the result of the woman's choices, sounds like the opposite of love.The relationship is very useful as an access in self-understanding of your needs and wishes.  It sounds like this is its main value in your life, not that it is sustainable in reality.Good luck!"
"I got involved with my best friend who is married but has been very unhappy for the last five years. We both fell in love and have been together for eight months. He left the house and filed for divorce. He decided to tell her about our relationship, and she is willing to forgive and work on things. This shook him. They have two kids together. He decided to put the divorce on hold. He left town for a month to get clarity on the situation and see a therapist.","Hi Miami, I feel your sadness; you might have planned a future with your best friend. We live in a world where we are constantly exposed and connected to people who intrigue us and to whom we might feel a connection. I believe that our ability to protect our relationships from the risks involved here has not developed fast enough. Your friend came face to face with what leaving the marriage meant...huge changes and many intense emotions. He is wise to consider his choices carefully; especially if you have children, there is good reason to work at a relationship that is less than fulfilling. Therapy can help.So you fell in love with a man who was in an unstable place. He's taking the steps to create some stability for himself and that leaves you ""on hold"", not knowing what his decision will be. I love that you seem willing to give him the space he needs to figure it all out. This decision is his. For yourself, you can accept that being ""best friends"" with a man might not be a wise thing. Many marriages don't fair well when friendships like that exist. You flirted with danger; both of you. You fell in love but he wasn't free, really. I'm sure his love for you is real and powerful, but it's not a competition. It's one man choosing his life path. You can focus on thoughts like this:He has the right to choose his life.We flirted with danger by being best friends.I know he does love me; this is not a reflection on my worth.I can feel really good about giving him patience and the space he needs.I feel proud of his honesty.I feel proud if he's willing to fight for his marriage; lucky her...lucky kids.Acknowledge and allow yourself to feel that sadness, that grief. It's real.If you have told anyone about the affair, seek the support of that trusted person and know you have to grieve this in silence because it was born in silence. I wish you well, and for the record, I'm proud of the maturity you show in this situation. :)"
"I have been dating my boyfriend for a month, and we want a baby. We don't work or drive, and we haven't talked to our parents. What should we do?","Hi Athens, When a teenager wants to have a baby, it's usually for a specific, and not healthy, reason. Do you maybe hope that a baby will cement your relationship? It doesn't work that way. Do you yearn for a person who will love you deeply? Babies don't give to us; we give endlessly to them. I urge you to talk to someone you trust about why you want to speed up your life by being a parent before you are fully grown emotionally. A relationship that is one month old is not stable enough to support a change like this. You're only starting to get to know each other. I wish you well and hope you talk to someone."
"I was hanging out with my close guy friend. We started kissing, but afterwards, he said that we should just stay friends because he doesn't want to ruin anything. We both just got out of relationships. His was very sexual. I'm not a sexual person, and he knows that. I want to be with him, but I'm not ready for another relationship, and I don't know if he ever will want to be more than friends.","Given that both you and your friend recently ended your respective romantic relationships, kissing each other sounds like each of you satisfied a very natural need which for right now does not has a natural source of satisfaction.Suddenly being without a partner is difficult because a relationship absorbs and offers much of a person's energy. Stay focused on what you know about yourself, which is that you're not ready for another relationship.From what you describe about your friend, similar to you, he does not feel ready for a new relationship.If and when you feel ready to enter a new relationship and your friend seems attractive, then you'll be in a position to find out, either by approaching your friend as a potential partner, or by asking your question of his interest in you.Who knows?It is possible your friend will feel ready for a new relationship, approach you, and depending on your personal wishes to be or not be with who he has become, accept his offer.Good luck with Step One, becoming familiar with your new state of single hood, and sorting through the good news and bad news of your most recent relationship."
My partner seems to always get depressed over the fact that his kids have to see and go through the divorce process. It’s especially when the mother of his kids keeps making him feel bad and using the kids as an excuse to get back at him. I feel like just telling him to go back with his family and forget about me.,"Hold on, Sanger! You know, I meet with a lot of people who are so sick of the crap that their ex puts them through in the divorce process that yes, they wonder if it's best to go back. I don't think so.If your ex is using the children to manipulate, or is generally controlling the separation process, that's confirmation that getting out was the right decision.Your partner feels powerless to change the current situation. Of course he does, because there are many things that are beyond his control (his ex's behaviours, for one). Accept the powerlessness. Lean into it. It's okay, because there are many things he does have power over, and that's where he can focus. He has the power to give his children a happy dad. That's HUGE. That's why he left, I'd guess. I bet the main barrier to him being happy is the guilt he feels. That's his ex's voice...that's what she wants him to feel...to give into that is letting her win. Ending a marriage in order to be happy is his right. He has not intentionally harmed his children. Hopefully he's aware that the separation has  affected them and he's working to create peace and balance in their lives, but he's can let go of the shame she wants him to feel; it's crippling him.He has the power to separate emotionally from his ex. He's not doing that when he lets her words control his emotions. He's still reacting to her. He hasn't completely left yet.A good therapist can help your partner regulate his emotions, combat shame, create emotional distance from his ex and erect proper boundaries. He needs your support in moving forwards, not going backwards. I wish you the best."
"My girlfriend broke up with me five months ago because I said awful things to her one night for no reason of hers. I have been trying to get her back, but it isn’t easy. She is in her 50s and I am in my 40s. She is the one I want for my life, and this is killing me. Every day, I cry, and I am desperate for help.","New York, what would it mean about you if you got her back? Is that the only way you can like or forgive yourself...if she forgives you and takes you back? Your self respect doesn't need to rely on this working with her. She simply doesn't want to be with you, and every day that you refuse to honour her decision is another day that you hurt her all over again. Move on and heal, perhaps with the help of a therapist."
"I'm a female freshman in high school, and this question is for my male best friend. At the start of freshman year, we dated for about a week before his parents ended it because they said he is too young to date. He has been dating a really sweet senior girl for a month or two. I have nothing against her except for the fact that she has Tim's heart. He is convinced that they are in love, and maybe they are, but I don't really believe him.    Lately, Tim had been expressing concern about what is going to happen when Sally leaves for college at the end of term this year. He's been asking me to help him with Sally and what girls like to show her how much he loves her. But he's also been thinking about breaking up with her just so they won't have to deal with it when she leaves. He seems really torn up about it, and I want to know what to say to him and how to help him once she leaves.    He knows that I still crush on him. He doesn't rub it in my face. He's a good guy, but I want to actually help him out and recover before we think about maybe another relationship between us. How do I do that when the time comes? How do I support him and show him that I'm here without wanting to hook up? How do I make him feel better? He is convinced he's never going to be able to love anyone ever again, which I think is ridiculous.","First off, I think it is great that you are willing and able to help out your friend with issues regarding his current relationship, despite the fact that you have feelings for him. I think that the best thing you can do is let him know that you are there for him if he wants to talk about things. You can also help by presenting options that he has and help him weigh out the pros and cons of his decision, but ultimately he has to decide what to do. Know that you won't be able to heal the pain he feels when his girlfriend leaves but you can be a friend to him by simply listening, validating his feelings, and understanding. Regarding your question about being there for him without wanting to hook up....I'm not sure if that is possible. If you care for him on more than a friendship level, then that desire will likey be there for you no matter what. Be careful that you take care of yourself and don't jeopardize your own happiness while trying to help him with his issues. Good luck to you!"
"I have been seeing this guy for a little over a year. Back in August, he asked for us to step back for now. Since then, he has still been in contact with me every day. We spent some time together over the holidays, but then I was gone for New Years with family. I came to find out that he put himself on a dating site. When I found out, I asked him about it, and he responded with this: “My apologies if I got my signals crossed, or if I wasn’t honest with you. You have helped me tons this past year and I am glad you are in my life. I didn’t realize you were still interested in dating. Again, my apologies.” Also, is it better to say that I want him in my life or that I want him as part of my life?","It sounds like there is a bit of confusion regarding how you two feel about each other. Do you know what type of relationship you want with him? A friendship only, casual dating, or an exclusive relationship? I would encourage you to first figure that out and then communicate to him how you are feeling. Ask him to be honest with you about how he feels and what he wants from your relationship as well. Be mentally prepared for a variety of responses from him so that there are no major surprises. By clearing the air and learning what your own and each other's desires are, you can then move forward with a plan. Without that clarification, there will likely be false assumptions, unanswered questions, and confusion."
"My girlfriend and I have broken up and gotten back together numerous times in the past two years. We recently just broke up again last night on New Year’s Eve. When we break up, the very next day, she calls me and acts as if nothing has happened. She acts like everything is alright. This has been going on for two years. I do love her and care about her and her children a lot, but she seems really demanding as far as what she deserves from a man. She is always telling me that she deserves this and that from a man. It makes me feel like crap because I cannot give her everything that she wants. She told me one time that she wants a man who is going to be afraid to lose her. Is that a normal thing that women want, or should I just move on already? I am in my 30s and she is in her 40s.","Love is not enough to keep a relationship together.The people need to get along happily too.Let's start with knowing more about your happiness in being with your partner.The frequent break ups happen for a reason.  Try understanding more of why you go back together again.You state a few very clear reasons to not continue this relationship, such as ""feeling like crap"" and not liking that your girlfriend hopes her  partner will feel afraid to leave her.Trust your intuition telling you that these feelings matter.Sometimes men aren't sure whether following their instinct is a right action to take.It is.Also, hoping a partner will fear losing them, shows a wish to control a person.Control has nothing to do with love and trust, and these are basics of a relationship.Good luck!"
"I broke up with him three weeks ago because I felt that he needed to be more respectful. He has since had a rebound relationship. He says he loves and misses me but refuses to see me. He says it's going to be too difficult to see me. Every time we talk, it feels like I'm being pushy to see him. He used to be so madly in love with me, but now, it seems like he couldn’t care less. I think I'm running him away.","Hi Kansas,I think your first instinct was good; you broke up with him. You deserve respect, but right now you're not acting as if you deserve it when you push to see him as he's moving on with a new relationship. It's appropriate now for you to respect that relationship and listen to what he says he wants, which is space. Do you think he's going to be any different with her? This a common, unfounded fear we have. I wonder if maybe you miss the feeling of being in love and having a partner more than you miss him. The bottom line is you can't make someone love you, and you can't make someone be loving towards you, because how someone treats you (and the choices they make) has everything to do with who they are, and nothing to do with who you are. I hope you gather support from others and move on in hope and strength for your own future."
"I'm an early 20 something year-old virgin, and my boyfriend is in his early 20s with kids. He's cheated on me twice: once in the beginning and then four months ago. He wasn't use to dating a virgin and broke up with me three times because he wasn't sure. We both work at the same job (where we met) and it’s with the girl that works with us. I've been trying to get over it, but now my confidence and self-esteem are low, and sometimes I feel like he’ll do it again or that he's not ready to be with me. I think about it all over again when I see her. He says he's in love with me, and with the last time he cheated, it didn't feel right, and that's when he knew he had to stop because his feelings were for me. He's contacted her and told her he will not communicate with her because he's in a relationship with me.
   How do I gain confidence? Should I let him go? If I let him go, I don't want to be sad about it being that we work together. I try to tell myself I'm beautiful every day, and I think I am a pretty attractive female with a great personality, but I don't like the fact that she works there.","Sorry to hear about all the stress in the relationship.You're on the right track by knowing and sticking with your own standards of what qualifies as acceptable behavior by your boyfriend.Since he was the one who broke your trust, he is one in the position of earning back your trust.This is always a basic formula for couple's therapy in which there has been infidelity.Understand within yourself whether you'd like being with your boyfriend and what you'd like him to do so that you start feeling more secure in the relationship.If yes, then tell him what you now know about yourself as partner in the relationship.For example, some people who are getting over being cheated on, would like knowing details about the affair person, some people want to see the phone of the one who cheated.Recuperating after a cheating incident takes many months.If he tells you he'd like earning back your trust, give him some time to see if there is progress in this area.As results unfold, you will feel clearer on the direction your relationship is naturally taking.About the girl at work, she will feel less meaningful to you as you work together with your boyfriend on securing the relationship.She has her greatest meaning right now because you are at the beginning stage of knowing what direction to take.As you go along this road, more than likely, you'll be more at ease in naturally finding a way of relating to her that feels ok to you."
"I find that I imagine things sexually, and I hate it because it puts strain on my relationship. I feel helpless and guilty. I want it to go away, and I want to make my woman happy again.","It is completely understandable that you would like to find a way to make these intrusive thoughts go away, however, your feeling that you can't control having these thoughts is accurate. It's also understandable that you would feel helpless and guilty, given that you see how these thoughts are effecting your relationship, though I would encourage you to go easy on yourself and remember that you aren't choosing to have these thoughts. I'm sure that if there was a switch to turn them off, you would flip it.There is no magic technique or pill that can guarantee these thoughts will go away, however, therapy may still have a lot to offer. In working with a competent therapist, you may be able to gain insight into where these thoughts are coming from and develop new ways of relating to them so that they do not leave you feeling as helpless and guilty and can be more present with your partner. Though there is no guarantee that the thoughts will go away, this may also be a result of work with a therapist. Either way, you may be able to find a way to deal with the thoughts and show up in your relationship in a way that will be satisfying to you and your partner."
"My boyfriend moved in with me a few months ago. I love him, but his dog is wrecking my house. Every day we get home, there is a huge mess on the floor, and several things will be ripped up (including the couch). He's slowly eating all of the doors, and there will be food and poop everywhere. Even though I come home during all of my breaks to take him out, he still poops and pees in the house every chance. I can't financially afford to have the dog wrecking my house. I've tried talking to my boyfriend about the dog to try and come up with a solution, but it never ends well. The dog is the only thing we fight about because I want him out of the house and my boyfriend doesn't want to see him go. It’s not the dog fault though; I understand that. The dog is only a year old, and he isn't a bad dog. He's just too big of a dog for where he is; he should be a farm dog instead of a town dog. I don't hate the dog, but I just can't afford to continue having my house torn to pieces.","Every living creature needs time and support to adjust to a new situation.The dog is in a new place without the ability to understand the reason.  This may explain what sounds like the dog's agitation.  Have you spoken with your boyfriend on his opinion on how to address the dog behavior problems?Finding an answer together would be a good way of making your relationship stronger.  A lot of being a couple who live together is talking, listening and deciding together on how to handle major situations.If it is affordable, then a dog behaviorist may be of great help.  The person would guide you in working with the dog to become calmer."
"I had to go to the emergency room today to get an X-ray of my spine. My boyfriend didn't want to sit there and wait with me. Instead, he wanted to go do things for his friends while I waited. When I was done, he was twenty minutes late in picking me up. He doesn't understand why I'm mad, and we keep bickering at each other over the smallest things. He thinks I don't have a reason to be mad, but I believe that I do.","It is extremely frustrating when our significant other doesn't understand our points of view. Often times, arguments are not the best opportunities to try and make a point, as strong emotions can get in the way of understanding others' perspectives. Try having a discussion with him about what is bothering you during a time when neither if you are upset or arguing. Communicate how you feel without placing blame and without yelling. Addionally, give him ideas of what he can do differently so that he understands what your expectations are. Lastly, consider seeing a couple's therapist who can assist with teaching more effective communication techniques. Best of luck."
"I had to go to the emergency room today to get an X-ray of my spine. My boyfriend didn't want to sit there and wait with me. Instead, he wanted to go do things for his friends while I waited. When I was done, he was twenty minutes late in picking me up. He doesn't understand why I'm mad, and we keep bickering at each other over the smallest things. He thinks I don't have a reason to be mad, but I believe that I do.","Hi Moore, Underneath all your anger is a lot of hurt. The hurt is there because you are being disrespected. Your boyfriend (unless you've only told me a small, disproportionate part of the bigger picture) doesn't tend to treat you like you're important and he dismisses your emotions. This is happening because this is the level of ability (disability?) he has right now in a relationship. You can expect more of this behaviour (because that's who he is; it has nothing to do with you), and I hope you think carefully about whether it's working for you to be in this. You could try telling him that you are hurt, because people tend to listen more to hurt than to anger, but my guess is with him it might not make a difference. I hope you talk to someone who knows and supports you about how you're feeling in this relationship."
"My fiancé doesn't think I trust him because I was cheated on before. However, he hides his phone and has been texting his ex-girlfriend, who he has two kids with. What should I do?","Oh Chino, I only have half the picture here so I will be cautious. There's a chicken and an egg, and I don't know which came first. One thing I see clearly is that your fiance will always have to have communications with his ex, because they have children. Can you accept that? When suspicion and insecurity come along, your job is to look at the big picture and the real picture. Is there any real evidence that he is cheating? Remember that texting his ex is not evidence alone if the communications are about the kids. Has he earned your trust? If so, then it's not fair to punish him for the betrayals of others. He's not your ex. Reassure your heart that you are his priority if the larger evidence supports that. At the same time, you can let him know what your triggers are. For example, hiding his phone doesn't send you a good message, right? See, this is the chicken and the egg...is he hiding the phone because you've been overreacting when he gets a text?  So let him know you won't blow up about him getting a text if he doesn't conceal or password his phone. Transparency helps build trust. You have sensitivities, and it helps you a lot if he's aware of them and willing to try not to do things that trigger fear. Let him know when you get scared, and hopefully he'll give you the openness and security you need in order to trust him and act as if you trust him.  :)"
"My long-distance girlfriend is in a sorority, and it's changing her. I feel like I'm becoming less important to her and it hurts. She just wants me to support the sorority, but it's so hard. I try every day to show her she's the most important thing to me, but she can't even stay relatively sober at a fraternity party for me so that I won't worry about her doing anything regretful. We love each other, but we're in a rough patch.","You may already be doing as much as possible for your relationship.Each of you are 50% of the relationship.Is the 50% which your GF contributes to your relationship, based on the same understanding of the couple's problem, as you have?Maybe a good starting place for the two of you to talk about is defining what problem the two of you have as a couple.This way, each of you will be able to know if you have similar values and definitions of your reasons for being together.Depending on what you each expect from your partnership, you each will clearly know whether, and then how, to accommodate the other person.These discussions stir a lot of emotions in each person, so that sometimes staying clear minded becomes very difficult.  You both will likely feel like talking about these matters more than one time.Consider utilizing a professional, credentialed and licensed therapist who would help the two of you stay on track with examine your emotional connections in a fair and safe way.Good luck with understanding and appreciating your relationship!"
"Every once and a while, I think about my ex-boyfriend from four years ago, and my current friend. It’s like I can't get past it, and I need some kind of closure. I keep thinking about how we had something, but it got cut off due to parental intervention. Nothing was ever wrong with it. Now we've become friends, but there's this huge sexual tension between us, or at least I feel it when we're physically in the same place.
   Two summers ago, we saw each other casually for a while, but we never had sex then or while we were dating, which was only for two months three years ago. I'm now in my 20s, and my current boyfriend is amazing and in his 30s. Despite the age difference, I know we're a really good match. We've never really fought and are able to make compromises and talk everything out. I tell him everything. Also, my ex-boyfriend has a girlfriend now as well. He’s been seeing her on and off for the past two and a half years, besides when they broke up and we had our casual thing. That summer, I told him I didn't want anything serious and broke it off. Only a week later, he had gotten back together with his girlfriend. His girlfriend is kind of mean spirited. I'm sure she may be different around him, but I worry about him committing to her in the long run. They're supposed to move in together soon. But still, I feel this connection with my ex-boyfriend, and I feel like he does too.    I don't know what to do. I need some closure or I'm not going to be able to move on from this. I don't know what it is, but it's driving me crazy. I’m so happy with my current boyfriend, and I know he will do everything in his power to make my life beautiful and fulfilling. He’s such a good person. I also know my ex-boyfriend smokes marijuana and does other things, but I can't get it out of my head. I'm trying to take a nap right now between classes, but I can't sleep because my mind is racing. I've never been so hung up on something for this long ever.
   I want to just talk it out with my ex-boyfriend, but I don't know if that's a good idea because of the possibility that it could blow up in my face. If he told his girlfriend, everything could go wrong because she hates me. If my current boyfriend knew, he would be crushed. On one hand, I want my ex-boyfriend to say no to having feelings for me, but I would be terrified of what to do if he said he has feelings too. Where would I go from there? On the other hand, I feel like I can't move forward in my relationship with my current boyfriend without closure from this. Sometimes I wish I could just cut off everything that had to do with my ex, but I don't want to.
   Please help me, because I really have no idea what to do.","If you're in a relationship and you're having strong thoughts about someone else, it's important to pay attention to that. Although you say you're happy, I'd suggest looking really carefully at the relationship you have and whether you're getting everything you need. Is there a physical connection with your ex that you don't have with your current boyfriend? It could be that your boyfriend is marvelous in many areas, but that you just don't feel excited about him for some reason. That's a pretty important element to be missing.It may be that, even if you are happy with your current boyfriend, you still hold something special for your ex. If you feel the need to see what is possible there, I think you have to tell your boyfriend about that and end it with him first. You can't have everything.If you truly feel that you want to be with your current boyfriend, you will do well to stop thinking about and focusing on your ex, because thoughts of him will interfere with the growth of your current relationship. The grass isn't greener... A therapist can help you to focus your energies and thoughts on the present, rather than an imagined version of the past or future."
"After 25 years, I fell in love for the first time. The person acted for a week and left me without even saying goodbye. My heart is burning, and I can't take this pain.","Ouch. Losing someone you love hurts so much. We all long to be loved and to love and to have that experience and then lose it is awful. While it is easy to feel angry or start doubting yourself under these circumstances, I would encourage you to recognize the agony of what you are experiencing as an indication of how much you value loving relationships and how much you want to make this happen in your life. When we are going through this kind of loss it is really helpful to have the support of friends and family. While no one is going to be able to make it better, we don't have to be alone with our pain. If you are not comfortable with going to those in your life it may be a good time to see  a counsellor to help you cope with your distress and learn how to move past this and find the love that you are looking for."
"After 25 years, I fell in love for the first time. The person acted for a week and left me without even saying goodbye. My heart is burning, and I can't take this pain.","Hi, San Diego. I'm sad that this was your first experience (in 25 years) with feeling in love. You deserve better. My understanding of today's (western?) social cultural norms is that it is somehow acceptable to abruptly stop communicating with someone you've been seeing, without explanation. I don't get it. It's rude. You're better off without this person around. There are still people who operate with respect, but this person isn't one of them.If I'm reading this right, you knew this person for a week? In my humble opinion, much heartache and many poor relationships come from attaching too soon. It takes years to get to know someone deeply. I know it's hard to keep yourself from falling in love, but you owe it to your heart to take these things more slowly, because everyone puts their best self forward at the beginning and it takes time for that to relax and for you to see who they are when times are tougher and real stuff happens.If I was your therapist, I'd be curious about how this is the first time you've fallen in love? Or is it that you were in love 25 years ago?  Was your heart broken then, or did something encourage your heart to close? What has kept you from either meeting people or letting yourself fall in love until now? Is there a danger that you will decide love isn't worth the risk? This is a crucial time for you to potentially seek professional support from a therapist in order to understand yourself and not shut down, if that's what happened before. :)"
"My ex-boyfriend and I met over a year ago. We hit it off and fell in love pretty quick. However, he has trust issues and assumed I was cheating. When I found out I was pregnant, we had just broken up. Five months later, I lost the baby, and we did not speak for a few weeks. Now we are talking, and he says he loves me but is afraid I will hurt him ""again."" I just want to know where to go with this because I love him so much, and I want to get back to us being happy and a family.","I'm truly sorry to hear that your relationship is causing you such distress at this time. When we are in relationships, trust is so integral to our satisfaction within the relationship.  Often, when we feel we are required to prove ourselves, feelings of resentment can replace those feelings of wanting to be supportive.  In situations like this, I often recommend being open and honest in your communication with your partner.  Your fears about his response are valid, as he made an assumption which you cannot disprove because you cannot battle against a shadow fact. If you feel comfortable doing so, you can always ask him why he is so concerned you are unable to remain faithful and challenge those beliefs with the facts that disclaim them.  You can also ask your partner what it is that he needs from you to help you to help him trust in your responses.  In the end, these are issues that you cannot conquer for him - you can only guide him and show him the path towards trust.  You may suggest couples counselling or that he seek out a professional to talk to, as well.  But in terms of your question, only you can decide whether you feel you can remain in a relationship in which you defend yourself against an uncommitted offense."
"My ex-boyfriend and I met over a year ago. We hit it off and fell in love pretty quick. However, he has trust issues and assumed I was cheating. When I found out I was pregnant, we had just broken up. Five months later, I lost the baby, and we did not speak for a few weeks. Now we are talking, and he says he loves me but is afraid I will hurt him ""again."" I just want to know where to go with this because I love him so much, and I want to get back to us being happy and a family.","Trust is essential in romantic relationships and it is common to have trust issues - because the stakes are so high. If both of you are committed and willing to be fully honest with each other, trust can be repaired and become stronger than ever. I would encourage you to seek out professional help as it easy to get derailed by fear when trying to work things out in the absence of trust. When fear takes over - we tend to become defensive and act in ways that makes it harder to trust one another. In addition to getting professional support I would encourage you to learn more about building trust in relationships and deepening connection through accessing various online resources on relationships."
"My ex-boyfriend, will not stop harassing and stalking me. We work together. I honestly think he needs help to move on. His accusations are angry lies. But I think he may believe them to be true.","The specific laws about this will vary from state to state.  Generally, the only way to ""force"" someone to get mental health care is if they pose an imminent theft of harm to themself or someone else, or if they are unable to care for themself.  More importantly, is dealing with your safety.  Most states have laws that make stalking a crime. You might want to think about filing a police report and obtaining a restraining order against him.  You could also think about contacting a local counselor. While you can't force him to get help with moving on from the relationship, counseling could help you to deal with what is going on."
"My boyfriend’s sneaky and puts his friends before me. He fights just to leave. One day, he's happy. The next, he's mean and blames me for everything. He can't admit faults. He thinks he's perfect and does no wrong.","Hi, Ontario. I live in the other Ontario; in Canada. I'll try to help you sort this out. You have a long list of complaints about your boyfriend! It sounds like he's maybe a bit immature and moody, and these things affect you, for sure. I get it. It's got me curious, and if I was working with you, I'd want to know a lot more about how long you've been together and what's actually working well between you two. I would also ask a lot of questions about the details of your description. What tells you he's 'sneaky'? Does he lie? How do you know he lies to you? Also, are you wanting to make things better with him, do you just want an ear to vent to, are you looking for validation, or do you hope someone will help you wake up to an unhappy situation?  It helps me if I know what you want.Whenever I meet someone who has a lot of complaints about their partner or boyfriend, I encourage them first to look at the language they're using. Some of your words tell me that you think you know what he's thinking (that he wants to fight so he can leave, that he thinks he's perfect). It's always tricky when we assume what someone's thinking, and in an argument or dialogue, these kinds of statements tend to lead to defensiveness and an escalated argument. I'd encourage you to focus on his actual behaviours and how they affect you, rather than the motives or beliefs you think are behind the behaviours (because you really can't know what he's thinking unless he tells you). As a general rule, the ""When you do X, I feel Y"" sentence goes far in helping others understand what we feel.So, it's fair to say ""when you lie to me, I can't trust you"", or ""when you end our date early to hang with your friends I feel like I'm not important to you"", or ""your mood swings are difficult for me"", or ""I don't seem to get apologies from you"". Try to focus on his actual behaviour when you talk to him about this stuff. A relationship counsellor can help you each understand the other better beyond the surface behaviours if you want to improve the relationship.That said, I have to ask...if you haven't been with Mr. Not So Great for very long, is it maybe time to rethink the relationship? Unless there is a balance of really loving and positive behaviours that you're leaving out, you don't seem happy. A good therapist can help you understand why you are stuck in an unhappy relationship, if that is what's happening. There's a lot to sort out here...how to communicate about your needs, how to know when to call it quits if something doesn't feel good... I wish you the best as you continue to examine these questions with assistance from friends or professionals."
"My boyfriend says I'm nuts. I need to get help because I get an overwhelming feeling that he is cheating on me. Whenever I try to talk with him about it, he always turns it around on me by telling me what I'm doing wrong. I know that accusing him does not help. When his whole demeanor shifts towards me, I can't help but think that something is wrong. Am I wrong for feeling this way? I try to talk with him to make it better. I let him know when I am feeling down. But I am not confident in these things.  Two weeks ago a girl texted his phone 3 times trying to hook up with him. He texted her back with ""Sorry, I've been working. I just read your message."" The girl was trying to get him to call her at a time when he was at home with me. He texted her back with ""Don't text me anymore."" I don't feel like I am way out of the line. But I can't talk with him if all that he will say is that I'm crazy and I need help. What should I do? How will I go about checking if there really is something wrong with me?","Trust your intuition that your boyfriend is involved with other people.You gave examples which strongly suggest this.Quite commonly, a person twist someone's words to convince then of having problems in seeing or understanding their own and other's behavior.Your intuition is again working quite well in telling you that your problem is having a boyfriend who manipulates you, not that you're seeing things incorrectly.One way to check if you're totally misreading him, is to examine whether you feel similarly in other relationships.If no one else who knows you tells you that you're crazy, then this strongly points to your boyfriend twisting words so that you feel wrong.Also, a consult with a therapist would clarify the dynamics between you and your boyfriend.A therapist session would also allow you to think out loud in a confidential discussion, what to do with your newfound clarity!"
"I want us all to get along, but feel that I am not being respected. Of course I do have some insecurities because he was with his ex for 8 years. He wants to see his step daughter and ex makes it so he has to go there to see her, but she doesn't want me around. She has a boyfriend, but mine fixes their vehicles, goes over once a week and hangs out with the ex and does family things with her. Since he works nights, I only see him parts of Friday-Sunday and we live together. He won't let me use his phone when I forgot mine, says his ex used to mess with it. I don't think he's cheating, but he will lie about what time he actually left her place to come home or about going over early to be with them. I feel like the other woman. She has tried to mess with holiday plans by restricting when he can see the child. He only dated once person before her, so this could be why. I don't feel he has let go enough. He is a wonderful boyfriend other than this.","How much of your unhappiness with your boyfriend's way of handling himself regarding his ex, have you told him?The topics that upset you are the core of any intimate relationship.The good news is your own awareness of priorities and expectations from a partner.There may not be any bad news, depending on whether your boyfriend has the interest to adjust what he does regarding the ex.Talking the matters you list, may open a lot of emotion and become sidetracked very easily.A couples' therapist, whose focus is on the couple, not either of you as individuals, may be useful to you and your boyfriend so that you are able to complete your discussions without getting lost by the emotions raised."
Then turn right back around and say he loves me and needs me. This rollercoaster is crazy.,Your partners obviously very confused when it comes to love. Sometimes people shy away from good and positive relationships and companionship because their afraid. They know that it's something worth holding on to but most feel they can't handle it and can't meet up to their partners expectations. Your partner loves you but must have fear that keeps standing in his way. It could also mean their afraid of getting hurt or disapointed in the long run.  Give your partner comfort and reassurance that they can come to you to confide in you about anything that may be bothering them.
Then turn right back around and say he loves me and needs me. This rollercoaster is crazy.,"Yes, I agree with your view about the ""rollercoaster"" sounding ""crazy""!Concentrate on knowing what your reasons are for staying with this guy, given the broad facts that you state.What are you gaining from being together and are these gains outweighing how you feel when your companion says the opposite of what he just told you?Also, examine yourself for any fears of being alone.Very often, people stay in detrimental relationships because of a fear that being alone will feel worse.It may, initially feel this way after a breakup.This is from change itself.Eventually, stability and peace of mind return, and being alone with oneself is preferred to being taken on an emotional rollercoaster by a partner."
"I have been with my best friend for over a year, and we have had a beautiful baby girl. We were in love, and I still love her dearly. I am in my late teens and so is she. She says she has lost her connection with me. She is talking to a random guy that she says is just someone to talk to. But she says she still loves me. I'm very hurt and confused.","Congrats on having your daughter!Have you told your partner about your feelings of ""hurt and confused""?This is one possible way of opening a conversation about the different ways you each feel about one another and whether either of you would like changing or continuing to live together, in light of the change in emotional connection.The first step of having a dialogue about a relationship is being clear on what you are feeling, what you are willing to contribute to the relationship and what you would like having in return from your partner.Ask your partner if she is willing to have a conversation on these topics.  Then, allow some time so each of you is clear about their own expectations and what is possible to offer the other.This is a fairly complex process and very often is difficult to keep on track without outside help to keep the discussion focused.It is normal for emotions to override our logic when discussing matters we care about deeply.If the conversations don't go very far, or if your partner has no interest in talking, stick with your own interest to more fully understand matters.Interview some therapists to find one whom you feel helps you clarify and find direction for yourself about this situation."
Why am I attracted to older men?,"What a wonderful question!Good for you on clearly knowing your priorities.If I was sitting with you now, I'd ask you to list your reasons.Start with whatever answers you do come up with and examine each of these a little further.If, for example, you feel you need a man because many of your friends are in relationships, then possibly you feel insecure about being your unique self, even when this sets you apart from your friends.If, you feel you need a man to protect you financially, then possibly you've lost faith in your ability to financially support yourself.If you'd like a man in your life to offer your love and are willing to contribute the work of relating intimately, then you've found the best reason for wanting a man in your life.This is far different than ""need""."
"I'm in a relationship with my fiancé and I currently found out that she's been cheating on me with a co-worker. I was very upset none the less. I understand what she did was wrong, but I want to spend the rest of my life with her. So I'm willing to forgive and move on. We have been together for a little over 9 years, and we have a son. At the beginning of our relationship, I was unfaithful and she caught me cheating. She forgave me for what I've done to her and since then I been completely faithful. I'm worried about our relationship and want to move forward but its been very unsettling. All I can think about is her with another man. I don't know what to do or where to go for advice?","What Makes Love Last? how to build trust and avoid betrayal by John Gottman is a great book for you both to start reading. You may also want to invest some time and energy in couples therapy. It sounds like there is a lack of trust in your relationship, likely a hangover from your beginnings, that would be helpful for you both to work through to truly be able to forgive and move forward."
"I'm in a relationship with my fiancé and I currently found out that she's been cheating on me with a co-worker. I was very upset none the less. I understand what she did was wrong, but I want to spend the rest of my life with her. So I'm willing to forgive and move on. We have been together for a little over 9 years, and we have a son. At the beginning of our relationship, I was unfaithful and she caught me cheating. She forgave me for what I've done to her and since then I been completely faithful. I'm worried about our relationship and want to move forward but its been very unsettling. All I can think about is her with another man. I don't know what to do or where to go for advice?","I'm sorry for the stress and unhappiness stemming the problem you describe.Trust your instinct that there is more complexity to feeling good about being in a partnership than simply wanting this to happen.In any relationship, the complexities of each person combine.   Often people accept when this feels good and are lost as to what to do when natural human complexity, doesn't match up with our partner in the way we'd like.A couples' therapist would be able to help each of you talk about the factors motivating the cheating, as well as clarify the reasons you each have for continuing to stay together. The unique advantage of couple's therapy is that each person is able to hear their partner talk out loud about themselves and their partner.This is sometimes enormously helpful since our inner thoughts are often hidden yet very dominant in how we direct ourselves in relationships.Sometimes the initial consult session offers enough new understanding that a second session wouldn't be necessary for a while.Good luck in finding your relationship happiness!"
"I'm in a relationship with my fiancé and I currently found out that she's been cheating on me with a co-worker. I was very upset none the less. I understand what she did was wrong, but I want to spend the rest of my life with her. So I'm willing to forgive and move on. We have been together for a little over 9 years, and we have a son. At the beginning of our relationship, I was unfaithful and she caught me cheating. She forgave me for what I've done to her and since then I been completely faithful. I'm worried about our relationship and want to move forward but its been very unsettling. All I can think about is her with another man. I don't know what to do or where to go for advice?","Hello, I know this is a tough situation your going through and it has you questioning everything but one thing is certain, and that is that you still love her, dealing with the hurt can be very challenging but after learning from your mistake you changed and became more faithful and loving and the comfort knowing she forgave you, is what made you love her more and less likely to hurt her once again. You live and you learn, she will soon realize her mistake and her outtake may be the same yours was. But marriage is a special bond in front of God, which means once you are officially married, cheating and lieing to eachother will only lead to an early divorce. Practice in your pre-marriage state with speaking to her and opening up to eachother about what you feel and what you look forward to in this marriage. It's possible she's seeking something from someone else because she is not receiving it in her own relationship, improve, grow and be strong. Learn from your mistakes"
"I'm in a relationship with my fiancé and I currently found out that she's been cheating on me with a co-worker. I was very upset none the less. I understand what she did was wrong, but I want to spend the rest of my life with her. So I'm willing to forgive and move on. We have been together for a little over 9 years, and we have a son. At the beginning of our relationship, I was unfaithful and she caught me cheating. She forgave me for what I've done to her and since then I been completely faithful. I'm worried about our relationship and want to move forward but its been very unsettling. All I can think about is her with another man. I don't know what to do or where to go for advice?","My first question for you would be to see if you've talked with her about it yet? You mentioned you found out....and I know this can be so painful. It can also be frightening to bring up the experience when it hurts a lot, when you feel so unsettled as you mention. But you can look at this as a vital and important piece of information about what's happening in your relationship, and an invitation to get really honest and genuine with each other. You have a long history, being together 9 years, and a son, so you are very bonded no matter what changes happen in your relationship. It may be incredibly helpful to find a counselor you can both go talk with. Having a third party who is neutral and cares about your process and hers can be such a relief when you need to discuss things you feel scared about. Even just a few sessions can make a huge difference. If this doesn't feel possible for you right now.....ask your fiancee for time to set aside for a meaningful heart-to-heart talk. Say you'd like to set it up on the calendar, and make sure you have a babysitter for your son. Set aside at least 4 hours. Let her know that you'd like to hear her honest truth about what's going on, and share with her your truth as well. It's not a time for criticizing or condemning, and I don't sense that is your intention at all--you have a great deal of love for her. Speaking honestly and listening openly is an amazing gift, both for yourself and for your partner. You can do it."
"We went out had great sex and I was really liking her. Then one day she says we should just be friends, but I can't stop thinking about her. She's always on mind and I want her back.","It can be really difficult when someone you care about doesn't feel the same about you. The most important thing to remember is that you can not make her feel a certain way.  There is nothing you can do to force her to want to be in a relationship with you.In the end, if she ""just wants to be friends"" then she's probably not the right match for you.Remember, every relationship ends - until that last one that doesn't.  And that is how it's supposed to be"
"I know someone who is extremely sensitive to stress and very sensitive to a negative tone of voice. Sometimes during a disagreement he tells me that my communication is having a harmful impact on him. Once he believes I am being negative I can't seem to find a better way of communicating. In fact, it is often a self fulling prophesy because his accusatory manner becomes unbearably frustrating.    What advice might you offer?","With any type of criticism, it is usually best to introduce the topic at a neutral time, ie: when both of you are relaxed, with no current stressors involved, having fun, etc.  Begin with a non-judgmental reflective comment about a recent bothersome event, as if it were just then crossing your mind (therefore not something you've been consumed with ruminating over - eases the impulse for him to dive straight into defense mode).Then share how you felt at the time of the event.  Just say when.... I felt kind of hurt / shocked (or whatever the feeling was).  PERIOD.  THATS ALL YOU SHOULD SAY.  Wait for him to respond to your matter-of-fact statement.No matter what his response is, stick to your same message - don't get overwhelmed by trying to rephrase or explain your view as that will likely set you up for continued arguing.  You can even add, ""I agree I could have misunderstood  it (event).... I just know it made me feel uneasy.""Here you give him little wiggle room for a debate.Good luck & I'd love to hear how it goes!"
What do I do if I have been feeling like I could never be with anyone because no one would want me. Or I couldn't have many friends because of who I am. It's strange I want to be loved but I'd hate to be because I always lose.,"As a relationship therapist I work with a lot of people who feel similar feelings to some degree or another and almost always find that the origin of these feelings point back towards childhood. How did you caregivers express (or not express) love towards you? How did they express (or not express) love towards one another. These early messages become your template for how you have learned to see yourself and what you expect from others. In his book Wired for Love, Stan Tatkin, PsyD writes “We learn to love ourselves precisely because we have experienced being loved by someone. We learn to take care of ourselves because somebody has taken care of us. Our self worth and self-esteem also develop because of other people.”  This could be very fruitful to explore in individual therapy with a relationship therapist who really gets it, you may have to interview a few to find the right fit; that's OK. Maybe you'd even want to read that book I linked above. :) Noticing this pattern is HUGE, it's where transformation begins. And now that you have be kind with yourself, it begins there too."
What do I do if I have been feeling like I could never be with anyone because no one would want me. Or I couldn't have many friends because of who I am. It's strange I want to be loved but I'd hate to be because I always lose.,"I'm sorry you are feeling uncared for. I'm sure there are plenty of people that care and love for you that you are not taking into consideration. Sometimes when we get upset we may think irrationally and see the world as all or nothing. However, take a deep breath, relax and start focusing on the positive relationships you have with others, regardless of how small or insignificant they may seem. I think you will quickly realize there are people out there that care a great deal about you.I also think it would help for you to surround yourself among people who you can identify with and share common interests with. Maybe you can attend a religious service, join an interest group (i.e. reading club, sports group, etc.) or start a group of your own. Most importantly, you need to tap into your interests and surround yourself with things that are beneficial for your own mental and physical health. From this, relationships will start to immerse. You may also like to talk with a therapist regarding your feelings of being unloved. This is an unhealthy way to think of yourself and I think with a little help, you can see that you are more than deserving of a great relationship. Thanks for reaching out and I wish you the best of luck moving forward."
What do I do if I have been feeling like I could never be with anyone because no one would want me. Or I couldn't have many friends because of who I am. It's strange I want to be loved but I'd hate to be because I always lose.,What would make you feel no one wants to be with you?
He goes out with her to dinner/brunch/movies when we are not together (we live 2 hours apart).,"Would you have the same desire to meet this friend if she were a he? If you are concerned that their friendship is a substitute for you when you aren't present, talk to him. It sounds like you are concerned that he is building an emotional intimacy with her and spending time doing the sort of things with her that you'd otherwise be doing with him. Help him understand why this bothers you but try to also be open to allowing him to make friends. Is the issue that he hasn't introduced you? Is there another reason you don't trust their friendship?"
We kissed and he grabbed my boobs and we exchanged some texts and a few calls. It went on for about 8 months. Just when we were all together and our spouses were out of the room. Once I met him for lunch to tell him that we needed to stop. We ended up kissing after lunch and then I sent him a few more texts that day telling him I was serious and that was the end of it. His wife (my good friend) saw us kiss once and told my husband. I told him a couple of things then and we got over it. A year later she told him a couple of other things. Same story. It's been about 3 years since. They are now divorced and my husband and I have been happy. A few weeks ago the wife called me and said that her now ex told her more stuff we did. I decided to just tell my husband everything. We are trying to work things out. But he is having a really hard time believing that he knows all of it. How can I help him believe me?,The issue at hand here is that you're betrayal broke his trust. In order to repair your relationship you will both need to confront the infidelity. And both of you will need to honor yourselves by communicating your feelings and ensuring that those feelings are heard and validated. It would be really helpful to do this work with a Gottman or Emotionally Focused Couples Therapist. Gottman's The Science of Trust and What Makes Love Last would both be helpful reference books to guide you along.
He is in his late thirties and I am in my mid twenties. We have been together for about 5 months. I really like him. He says he cares about me and is willing to fight to make things right. He has been very apologetic and expressed he did it out of fear. I don't know if it's worth giving him a second chance.,"Cheating is often a sign that something is amiss in the relationship. His fear may be full of information. While it's possible to repair relationships after a betrayal it's also challenging to do, especially so early in your relationship. I can't tell you if you should/shouldn't give this relationship a second chance but I will tell you to tune into your own intuition (and follow your own fears in doing so, they often are incredibly informative when we don't push them away with denial)."
"However, it seems as though he is really talking to someone other than himself. I have even accused him of having a secret phone. Is he trying to make me crazy on purpose, or is he really talking to himself?","Some people simply talk to themselves as a way of processing information. Have you checked in with your husband about this in a non-accusatory way? Something like ""Hey babe (or whatever sweet name you typically use), I'm so curious what that's all about? Do you notice that you are talking out loud?"" Chances are it's just how he thinks things through and is not at all about trying to make you crazy, it's just one of his quirks you'll grow to endear. Early married life is a time full of discovering one another's quirks!"
"I keep getting into relationships with men that are in bad situations. I take them on and help them and do all I can and the relationship still fails. How do I learn to not get in relationships with men in bad situations? I see someone in need of help, I jump in. And it is getting me nowhere. I am alone sad and frustrated.","Sounds like you already see what's amiss. You're looking for fix-er-uppers! When you meet these men they need you. And you're filled by fixing them.  And when they are fixed, what do they have to give you? What's your need in relationship? What if you found someone who didn't need fixing?"
"My girlfriend's grandma passed away 5 months ago. They were very close. She took care of her till she died. Things kinda returned to normal few weeks later. Last month it feels like we hit a brick wall. Intimacy fell off. I asked what's up. She says she can't connect with anyone and that it's not me. She used to be very open and expressive. Now she gives short answers and has no interest in sex or any touching. When we did have sex in the last month, something felt really off. Now I'm very insecure about us and have thoughts of her cheating. She says otherwise, but I don't know. It just feels like something is really off.","Grief has a huge impact on us and everyone's reaction is different. The one common reaction however is to shut down and distance ourselves. Her relationship with her grandmother was close, given she took care of her up until she passed. It sounds like she is working through a difficult loss and her ability to connect with you, or anyone else, is likely low right now. Trust what she is telling you and try to be there for her as she works through it. If she finds it too difficult to connect again, a good grief counselor can help her get back on track."
I'm currently dating someone else and I really like him. But I love and miss my ex so much. What do I do?,"Finding the right person is a tricky thing to do. Why did you and your ex break up 3 months ago? In relationships with others you get to see a reflection of yourself. Sometimes you may enjoy that reflection, other times it may not feel so good. I'm not sure where you are in your life and relationships and what you do from here depends on what you desire more of in your life. But I'm not simply talking in the moment desire, I'm referring to the direction you want your life to go. If one of these guys was to support you...who would help you reach your dreams? And who would you enjoy spending time with? It's complicated and no one can answer the 'what to do' question but you. Slow down. Tune into your heart. Listen."
We have been fighting a lot and have 3 kids but we both want to stay together. I need some help to save our family.,"Hello, I do not live in the California area. However, perhaps I could make some suggestions as to where you might look for free counseling. First, I must mention that most insurances now cover for many different types of issues, including family issues. If your girlfriend lives with you, most insurances now cover ""live-in partners,"" as well. If you have insurance, contact your policy provider and ask whether or not couples counseling is included.Aside from insurance, the next place that comes to mind is a religious affiliation. Do you belong to a church or other religious organization? Many of the pastors or leaders in these disciplines have significant training in counseling, as well as assisting with marriage and couples counseling. These services are ordinarily offered free of charge to members.Another option might be to explore support groups within the area. There may be a group in the form of a couples support group that brings couples together to explore their relationships in the safety of the group. If you find there are no such groups in your area, there are anonymous, support groups online. Here is one such site: http://relationship.supportgroups.com/"
I find myself lying about small everyday things that there is really no need to lie about. How do I figure out what triggers me to do this? And how do I help overcome this problem? I would like to become more honest and open no matter the situation.,"Well let's start with the awesome realization you've already had, you want to notice that you have triggers. That's huge. Really. I find that when people lie, it's most often as a defense mechanism. Which is likely a flag that something doesn't feel safe. What exactly doesn't feel safe could be lots of different things but the key to notice is that it's that feeling of insecurity that is very likely triggering you. It could really help to explore this with therapist, perhaps even someone with a trauma specialty -- that's not to say this is related to a trauma but more so to suggest that therapists specializing in trauma are very skilled at helping to identify and assist in repatterning your triggers!"
I have dog obsession disorder and I am having problems with my girlfriend because I am placing more importance to my two dogs over her. How do I get over this problem and prioritize my girlfriend over my two dogs?,"Hey, dogs are cool. They adore pleasing humans and often LOVE to work on learning what you want and expect from them. Your girlfriend on the other hand, likely has her own desires and needs that she attend to before tuning into yours. You are good with dogs, that tells me that you've spent some time observing their behavior. The first step in working through this issue would be similar, start to tune into and observe your girlfriend more often... Observation is a skill when it comes to relationship building. The skills you have mastered in relating with your dogs can carry over, you will just have to relearn what behaviors you are watching. And keep in mind that also means observing yourself in relationships."
"He's been losing feelings and he doesn't know why. I love him very very much. He sometimes thinks I'm obsessed when I'm not at all. I give him his space and I make sure he's okay but sometimes I think if me and him saw each other more it would be better? I truly want me and him to get better, it's kind of hard not to stress about it, because the love of my life is losing feelings which is a sad feeling. He's a great guy! I just don't know why he's been losing feelings towards me. He's starting to put less effort in talking to me. At this point I'll do anything to just make us better as a couple. I tried talking to him but he doesn't like talking about it much. Advice on what to do?","I'm willing to bet that this isn't what you are hoping to hear, but I'd suggest giving him space. Ooph, that's a tough one, right?! I know. But here's the thing, when you keep trying to process and talk it out with him you keep pushing him away. He needs to feel like a solid and whole person (as you do too) to be able to be fully in your relationship. It's the work of being in relationship to learn this. I get that this is tough stuff. I wonder, outside of being with him, how do you soothe and calm yourself? That's the stuff for you to tune into and focus on right now."
We do communicate but one of us has trouble accepting what the other person says. How can I fix things?,"Being able to accept your partner's influence is a key relationship skill. And it's very two sided.  Chances are if you don't feel your partner is being influenced by you, they likely don't feel you are being influenced by them either. The best fix you can practice is to soften yourself into your partner and see how much more open you can be to their influence.  Play with it."
I haven't uttered one word to my boyfriend in days. Now I'm over it and don't know how to approach the situation?,"In any relationship, it is important to be able to say ""I'm sorry"" because it shows vulnerability and openness. I recommend that you sit and have a discussion with him now that you are calm about why you were upset and how you would like to handle such incidents in the future. If you find yourself becoming upset again, I encourage you to take a 20 minute break and then come back to the conversation once you are no longer heated. Studies show that talking or discussing arguments are more effective once you have cooled down and you are more likely to hear/understand what your partner is trying to convey."
"I've been abused emotionally all of my life and for some reason I keep getting with men that I let emotionally abused me.
 How can I stop it? I know the mistakes that I've made in my life. I'm having a really hard time getting back on my feet. Can you help me please?","I want to applaud you for taking this first step towards realizing that this is an issue and wanting to do something about it.  You are already on the road to a happier life with this realization.  A lot of women do not recognize that it may be something about them that continues to attract a man like this and will only blame it on the men for treating them that way.  Until you realize there is a problem you won’t start looking for a solution.Don’t misunderstand me!  The abuse is not your fault! You are seeing a pattern, though, so this does need to be addressed. First, go and buy the book “Boundaries: Where You End and I Begin” by Anne Katherine.  Read it.  This book describes many situations that are similar to yours, describes how a person came to be that way, and how to stop it.  You will have to learn to set good boundaries in your life and to maintain them.Be single for a while.  Stay single until you feel like a whole, healthy, happy person on your own.  Often we get in a relationship because of a need.  If you feel like you need a person in your life to make you a whole person then you are in a relationship for the wrong reasons.  The first step is to work on whatever it is in you that makes you feel like you need another person in your life.  Identify those needs and then learn to fulfill them on your own.I was doing a couples therapy session and the husband was being emotionally abusive to the wife.  This was a recurrent theme for her, like you are saying it is for you.  However, she had been doing a lot of work on her own and in private therapy, and this was a new relationship.  Obviously she still had not “gotten it right” because she did once again attract a man with these tendencies.  The difference this time was that she had done a lot of work on herself and had become a stronger person.  When she looked at him in our session and said to him “I don’t need you. I want you.  But not if you are going to continue to act like this.  So you leave the house and don’t come back until you are ready to make some changes.”  She stuck to that, too.  He didn’t leave for two more days because he kept telling her he would do different and begging to be allowed to stay.  She had drawn a boundary and stuck to it, and he left. She was fully prepared to be single again.  They actually did end up working things out in the end.You can’t let someone stay and continue to treat you badly.  Sure, a marriage takes work and compromise on both sides.  Couples therapy can help you both learn to communicate in a healthier way with each other and can help you realize what areas in the relationship need work.  You may not realize how some of the things you say to him comes across, and he may not realize how what he says does to you.  A therapist can help you with this so that you both learn how your words can hurt. But you need to know your boundaries and be prepared to stick to them and not compromise your boundaries.  That means following through on the threat to leave when he continues to abuse you.  Someone can’t do that if they are too scared to be alone.  If they feel they need the other person in their life. These patterns are developed in early childhood from what we learn from our parents.  When someone has grown up in a dysfunctional family, it is all they know.  Even when you can say that you realize it is a problem, you still don’t know how to stop it because you never learned any other way of interacting with people.  Something that took a lifetime to learn will take time and work to overcome.  Be patient with yourself and find a good therapist.  You can’t change your partner.  Work on you, and when you begin to heal and feel healthy, the right people will come into your life and stay.  The more you focus on trying to change the wrong ones to be what you want the more frustrated you will become."
"I have been with a guy for 4 years, he's a great guy and we also have a son together. The problem is that I'm in love with a guy that I've been talking to for about 2 years but I've never met him in person. Honestly I'm bored with the relationship I have with the first guy and he makes want to go after the second guy, I don't know how to tell him that. What should I do?","Hi there. Wow, this sounds like a sticky situation; however, I’m here to help guide you through this decision. First and foremost, you must ask yourself, if you ever loved your sons’ father or was it a situation to where you two got pregnant and stayed together for the child. It’s very common to stay with your partner when a child is involved regardless, if love is involved or not because “it’s the right thing to do.” Right? Well, not entirely. Although, staying with your partner because you have a child together may seem right, in fact, it hurts the child in the long run. If you are not love with your partner, you will show distance, unhappiness, sadness, possibility of frequent arguments and cheating. When a child grows up in the home and witnesses these types of emotions & behaviors it is unhealthy as he/she will expect their own relationships to be such. As a responsible adult, you are supposed to be there to shape and model the future for your child. Just remember, what you do, your child will model. Secondly, do not sell yourself short from love. Everyone deserves to be happy and to have someone to share their love and intimacy with. However, being in love with someone you have never seen before can be very risky. Honestly, that sounds like lust and the longing of love. Humans have needs and when people are unhappy in their current relationship, they often seek out what they need. If you decide to pursue the second relationship, I would suggest setting up an outing with a friend or two in order to get to know this person as there are a lot of scammers these days. Finally, I am not convinced that this has anything to do with choosing between two guys. This seems as if you are making a decision to end the relationship with your child’s father or not. You should ask yourself, if you were in love with your child’s father first off. If you were, you would have never sought after love. I hope this was helpful for you and I hope I was able to shed a different light on your situation. Take care of yourself!"
"I have been with this guy on and off for 8 years. At first, we used to do things together and our sex life was ok. Then things started to change, we'd break up and reconnect, and he cheated on me numerous times. We've also had two beautiful baby girls during this time. Now we argue and he says I am not affectionate at all or I don't know how to please a man, when I work part-time, take care of a 2 year old and a 5 month old and cook. Sometimes he cooks, but he also spends a lot of time on the internet. In addition, I have 2 boys and he has 1 son. I feel somewhere I have lost something. It's not that I don’t care, I truly love this guy, but I'm just tired of being the one who is always being judged. Please, I am in need of a Christian counselor to help us because I really need to speak to someone.","I don't think you’ve lost something, I think you’ve found something - your breaking point, and it's about time. Your boyfriend seems to be a very selfish and immature man who reconnects with you when it's convenient for him. Obviously, he has his own issues, but I want to address yours. I agree you need to talk to someone. The fact that you’ve put up with his repeated cheating and then letting him blame you for it (by saying you're not affectionate enough, etc.), tells me you probably have low self-esteem and have likely told yourself over the years that you don't deserve any better. You do! You may truly love this guy, but based on his behaviors, he does not love you, not in the way you deserve.  And although you may want to believe he can change, he has proved over and over again that he's not willing to, so you need to do what is best for you and your children. What would you tell your daughters if someone was treating them this way? Would you want your sons to treat women this way? That's what you're teaching your children when they see this.Like I said, I agree that you should talk to someone. You can ask your boyfriend to go too, but my guess is he won't. Even if he does, you should still see someone individually to work on YOU. I understand it's not easy to just kick him out, especially since you have children together, but a counselor can help you talk through all the details while helping you raise your self-esteem and self-worth."
"Me and my girlfriend just broke up. She said she loves me but is not in love anymore. This came out of nowhere. We seemed so happy together. It all started when she went to Missouri to visit her family. The first week she was there she was fine then once she went to this one sister’s house everything changed. That's when she told me she loved me but was not in love with me anymore. I thought maybe it was just because she missed her family and she just wanted to be home because she told me that she could not leave them again. Then she told me to come to her in Missouri. So that's what I did. I quit my job I dropped everything, said goodbye to my family in Florida and drove 15 straight hours to be with her. Once I got there everything was fine again.  She apologized for everything and said she didn't mean any of it then we were good for about a week. Then she went back to saying she didn’t love me anymore and had no feelings for me. The only thing that really gets me and makes me not want to accept this is that now she is pregnant. This wasn’t an accident. We were trying to get pregnant, so all this is hard to accept. I love her so much. I have never been bad to her. I've treated her the best I can. I wanted her to be my wife. I was going to propose to her when she got back. Now I'm losing my family and my mind. I don't know what to do.","I am sorry to hear of these troubles. I see a few issues here. I wonder why you were both trying to get pregnant when the relationship seemed troubled? Some people think that they can fix a broken relationship by getting pregnant, and all this does is bring up more problems.You say you never treated her badly, and I believe you. People in a relationship can still be unhappy even when there is no abuse or mistreatment going on. In fact, giving too much of yourself to the relationship and not having a “self” outside of this relationship can be unhealthy. It takes two whole, healthy, happy people who are that way when they are single to come together to make a whole, healthy, happy couple in a relationship. Expecting your partner to meet all your needs or to provide your happiness is not going to work.There are two books that I recommend you buy and read. One is Codependent No More. The other is Can My Relationship Be Saved?Sometimes when you cling and try even harder to hold onto someone, it makes you both miserable. You cannot change her and cannot change her mind. Sometimes the best thing is to let go. If it is meant to be, you will end up back together again. It seems like this is something that she needs to decide since she is the one that keeps doing the leaving. I suggest backing off and letting her go. Maybe she needs time to clear her head and make up her mind. If it is meant to be, she will come back. If not, use this time to work on being a healthy happy you on your own."
"All my friends have either hooked up or had a girlfriend but me. I try to be happy for them, but I get really upset every time they hook up.","If you mean “hooked up” as having sex with no care for the person, and you’d like a girlfriend, then realize relationships require more complex alignment with a partner than being a sex buddy.Pay attention to all your feelings toward a girl so that you’ll approach someone who attracts you for reasons in addition to sexual allure.Also, the process of knowing someone takes much more time than only to sleep with someone.Have patience and kindness toward yourself while you get to know the qualities which attract you to a potential girlfriend."
"I'm always told I'm not good enough or trying hard enough. I put 100% in to every thing. I'm worn out, I've worked on all of my family relationships, I'm doing great in school, I'm kind to those in need and otherwise. I stick to my religious beliefs and leave room for mistakes and learn from others so I don't have to make as many and the ones I do I learn from.  Somehow it's still not good enough and nothing I do works. Nothing has changed, and I feel hopeless. Any suggestions or ideas?","Hello, and let me say first, what a great question! There are so many people putting forth their 100% everyday and often times, do not get the credit they deserve. Without being able to fully understand where you're question is coming from, I think there are a couple of different ways to look at this question.First, I think it's important for us to consider the message being sent by those in your life stating that you're ""not good enough."" Is that ACTUALLY what they said, or is this just what you heard? Sometimes, because of our own self-doubts and fears, we skew and misinterpret the messages we receive from others. Again, listen to the message being sent and attempt to remain objective. Is the message being sent coming from a place of love or concern? If so, have an honest and open communication with that individual about what your concerns are regarding the amount of energy and time you're spending on being ""good enough."" Explore with them how you feel you'r already giving your best.If the person is unwilling to work at understanding this concern you have, then it may be time to explore the relationship. Some relationships we engage in can be toxic, especially if the other person is toxic. It may be they have their own ""stuff"" going on and they feel the need to constantly put others down to make themselves feel better. If you're in the direct path of this individual, then it serves to reason you will probably be in the direct fire, as well. Explore whether or not you want this relationship to continue in your life. If it's a relationship that MUST continue, then work on what you will do to distance yourself from their toxicity or their problems. Until they're willing to work on these issues for themselves, then it may be necessary to find an exit strategy, such as leaving the room or simply refusing to engage in the conversation. Another perspective of this question is exploring the reason why it's important for YOU to satisfy the expectations of these other individuals? NO ONE will ever be 100% ""good enough"" for EVERYONE. Every single person has their own set of expectations in themselves and expectations in others. It would be impossible to satisfy all of those expectations for every single person in our lives. The question becomes, what is it WITHIN you that feels the need to meet these expectations? There is most likely a part of you, yourself, as an individual that feels ""less than"" and feels as if you, yourself, are not good enough. It then becomes impossible to every feel ""good enough"" for others, because it's really YOU you're trying to feel good enough for. If you already feel as if you're doing everything you can do to be at your best version of yourself, then really work on LETTING GO of the rest. No one is perfect, and striving for perfection in our lives only creates more anxiety and stress. Find a middle ground in which you are happy with your accomplishments and your daily goals, and learn to let go of what's left. After all, tomorrow is a new day and you can work on more of your goals tomorrow!I recommend doing this by finding a mantra, a statement or phrase you can repeat to yourself anytime you start to feel that sense of stress and pressure from striving for perfection. The mantra can remind you to let go of this expectation you have for yourself or that others have for you so you can also let go of the stress and anxiety surrounding the expectation. I leave you with one of my favorite quotes that perhaps you can use as your mantra, ""No one can make you feel inferior without your consent. "" - Eleanor Roosevelt."
"I'm always told I'm not good enough or trying hard enough. I put 100% in to every thing. I'm worn out, I've worked on all of my family relationships, I'm doing great in school, I'm kind to those in need and otherwise. I stick to my religious beliefs and leave room for mistakes and learn from others so I don't have to make as many and the ones I do I learn from.  Somehow it's still not good enough and nothing I do works. Nothing has changed, and I feel hopeless. Any suggestions or ideas?","The feeling of never feeling good enough usually stems from our early relationship with our parents or significant role models who made us to feel we were never good enough to meet their standards. In the healing process, you'll need to work on discovering the root source of where these thoughts and feelings come from and then learn to accept yourself just as you are unconditionally. I'd be pleased to help you in this process. I provide online private counseling through proventherapy.com. Dr. Rachelle Vaughan"
"I'm always told I'm not good enough or trying hard enough. I put 100% in to every thing. I'm worn out, I've worked on all of my family relationships, I'm doing great in school, I'm kind to those in need and otherwise. I stick to my religious beliefs and leave room for mistakes and learn from others so I don't have to make as many and the ones I do I learn from.  Somehow it's still not good enough and nothing I do works. Nothing has changed, and I feel hopeless. Any suggestions or ideas?","It sounds like you are aware of your positive traits but you are struggling with someone who does not acknowledge nor celebrate your efforts or achievements.   It seems like that is affecting your inner voice, which allows you to accept yourself for who you are.My suggestion is to explore that relationship and decide if that person’s opinion should determine how you feel about yourself.   If this is an important relationship, you could communicate to this person how the lack of positive feedback is affecting you.  Then, work on spending more time with those who value you, and can give you praise, encouragement, and constructive criticism.  Also, explore your religious beliefs, and what is they say about who you are as a person.  Finally, explore with a Counselor your inner voice and try to figure out if the negative message is settling in and harming your self-esteem.   Through therapy, you could learn to self-compassion and acceptance wich will help your self esteem.¿Cómo manejo el sentirme que “no soy suficiente bueno”?Siempre me dicen que no soy suficientemente bueno o no trato lo suficiente.  Yo pongo el 100% en todo.  Estoy agotado, he trabajado en todas mis relaciones, estoy muy bien en la escuela, trato bien a las personas que lo necesitan.  Me aferro a mis creencias religiosas y dejo espacio para los errores, y aprendo de otros para no tener que cometer los mismos.  Aun así no soy suficiente y nada de lo que hago funciona, me siento desesperanzado.  ¿Alguna idea o sugerencia?Al parecer estas consiente de tus características positivas, pero estás teniendo  dificultad con alguien que no reconoce tus esfuerzos, ni logros, y eso está afectando esa voz interior que te permite aceptar quien eres.Mi sugerencia es que explores esa relación y analices si la opinión de esta persona va a determinar cómo te valoras a ti mismo.  Si es una relación valiosa, puedes comunicarle a la persona en cuestión como te afecta la falta de comentarios y opiniones positivas.   Luego enfócate en pasar más tiempo con personas que te valoran, te dan halagos, te motivan y te aconsejan.  También explora que dice tu religión sobre quién eres como persona y cuál es tu valor.  Y por último, explora con tu Consejero si ese mensaje negativo esta afectando tu autoestima.  A través de la terapia puedes aprender tecnicas auto compasión y aceptación que ayudaran a fortalecerte."
"I'm always told I'm not good enough or trying hard enough. I put 100% in to every thing. I'm worn out, I've worked on all of my family relationships, I'm doing great in school, I'm kind to those in need and otherwise. I stick to my religious beliefs and leave room for mistakes and learn from others so I don't have to make as many and the ones I do I learn from.  Somehow it's still not good enough and nothing I do works. Nothing has changed, and I feel hopeless. Any suggestions or ideas?","Hi, I'm Amelia! Oh, this is a common problem, unfortunately! Let me say first of all, that doing more, giving more, loving more, performing more will never provide you with a sense of worth. Nor will it satisfy those that are critical and judgmental. I am so sorry to hear that this is what you've heard all your life! You are a human BEING not a human DOING.If you can get yourself in counseling with a trusted therapist who will accept you, encourage you, hear you and support you, you can begin to work on what truth worth is.  My best to you!"
My grandma had a stroke and passed away recently. I lost my home and job. I'm looking but haven't found a job. I've been binge watching television and binge eating.,"Hello!I write to respond to your recent inquiry for possible increase in self-esteem and positive behavioral change regarding motivation for a new job. First of all, please try to allow yourself some time for grief of the loss of your dear grandmother. It appears you were close to her in many ways and she had a great influence in your life. The grief process of anger, denial, despair and acceptance may be a part of what is keeping you feeling ""stuck"" in a cycle of not feeling motivated to find work at this time.  Perhaps your mind is constantly fighting this grief? Death can be a ""traumatic"" experience for some people and is considered a great loss, thus the grief process may continue to be a part of your world for a time but hopefully not keep you ""stuck"" on a long-term basis.  I would try to reach out to a counselor to discuss this grief process at a deeper level to discern whether her death is part of why you feel this way.  Grief and loss can also have an effect on your self-esteem.  Can you begin to see how this cycle is what you may be experiencing? One positive I see is that you are continuing to look for a new job!  Take time to give yourself some credit for the  time you are spending looking for work.  Also, I would recommend you set some short-term goals first for example, make a list of 5-10 potential new employers and send them each your resume. Then followup the next week with an email or phone call to make sure the hiring manager or human resources received your resume and have any questions.  It is also a good idea to ask for ""informational interviews"" in order to get your foot in the door, so to speak.I hope that this information is helpful to you!  Please let me know if you have any questions or concerns.Warmly,Denise"
My grandma had a stroke and passed away recently. I lost my home and job. I'm looking but haven't found a job. I've been binge watching television and binge eating.,"Wow, you got hit with some serious stuff all at once. Work, relationships, and housing/security are major needs for us and to lose all that at once has got to affect you. When things go wrong, it is natural for us to look for blame----and the easiest person for us to blame is ourselves. Put that with grief and you've got a recipe for feeling awful. We can start feeling so low as to want to check out with things like food, and TV as you described. It can take time for us to move to self-forgiveness, and self-kindness in order to start moving forward again. I wonder what you can do right now to improve your situation? I also wonder if you may be willing to seek counseling to help you work through some of this, to help with your perspective, and to assist in your grieving process. Just reading these 3 sentences, I get the sense of you being a nice person. I hope you can show that kind of kindness to yourself in your healing."
My grandma had a stroke and passed away recently. I lost my home and job. I'm looking but haven't found a job. I've been binge watching television and binge eating.,"Please practice being kind to yourself!! You lost your grandmother, your home and your job!  Huge changes have just taken place and it would be challenging for anyone to be unfazed.  And having said that, you wrote that you have been looking for a job, so that tells me that you have most definitely not failed yourself. Try taking it one day at a time. I encourage you to recognize (and even accept) that you're going through a particularly difficult time and that everything is temporary.  When we are in something, it's difficult sometimes to see the light at the end of the tunnel.  Maybe you could allow yourself the grief that you are feeling, be in the tunnel, and trust that you will come through the tunnel to the other side.  Be gentle and loving to yourself."
I feel like I hate myself physically and emotionally sometimes. How can I start accepting myself and be more confident?,"You've already taken the first step. You want to not hate yourself. Self-acceptance is hard! And it's on a spectrum. On one side we have self-hate, on the other extreme; self-love. And then, there is all this stuff in the middle. It kind of looks like thisAnd working toward self-love often means moving around through all these. Becoming aware of your emotions, exploring the parts of you you that easier and harder to accept, self-kindness, self-forgiveness, self-compassion and ultimately self-love. It is a recovery process and has to be an active thing each day. Meeting with a counselor can give you a partner in that process. Your counselor can also help you to recognize pieces that may be more difficult to see from your eyes as they have an outside view. And with self-acceptance, confidence comes naturally although you may need to practice behaviors that show assertiveness, confidence and boundaries that protect you. Wishing you the absolute best with this!"
I feel like I hate myself physically and emotionally sometimes. How can I start accepting myself and be more confident?,Self-doubt and self-hatred are such common and unpleasant experiences and really worth  understanding! Therapy with the right person can really help. When in your life do you feel the most confident? What gets in the way of you accepting and loving yourself (big question!). You can and will uncover that confident self!
I feel like I hate myself physically and emotionally sometimes. How can I start accepting myself and be more confident?,"Self love and self acceptance is something that many of my clients struggle with, so I can assure you that you are not alone. We are bombarded by media and advertisements everyday that try to sell us things to make us somehow better, thus leading us to believe that we are not enough. Unfortunately, I believe that low self esteem is a social epidemic.On a more personal level, do you have any sense of what types of messages you have received in your life that have led to these self defeating thoughts? For example, did a parent or another loved one criticize you or put you down often? Were you bulled in school? Has a romantic partner emotionally abused you? Usually, there are factors such as these which insidiously lead to low self esteem and self loathing. Once you can identify some of the factors that lead to your self hatred, you can make a decision to not let these things from your past have such power over you any more. You learn to take control of how you feel about yourself, rather than letting others dictate that for you. I do think it is possible to heal from self hatred. It doesn't happen over night, and it takes time and effort. It is about re-training your brain to focus on your strengths rather than on your weaknesses. None of us are ever going to be perfect, and if we look for a flaw we are bound to find one (or two, or three...). Try keeping a self esteem journal. Every night, write down three things that you were proud of that day about yourself. Try reciting positive affirmations every day (such as ""I am lovable and beautiful just the way that I am today""), to re-program your mind into thinking highly of yourself, rather than poorly."
I feel like I hate myself physically and emotionally sometimes. How can I start accepting myself and be more confident?,"The most important word here is ""sometimes."" I know it is quite painful, and I can imagine that at times this pain doesn't feel like it will subside. But it sounds like it is not all the time, which means we can easily say that this ""hate myself"" experience is one part of you. There are many other parts, if you give them some space to also ""speak up,"" that will offer you more positive regard, trust me on that. Generally speaking, we just don't know how to listen to those parts, because......it is the ""I hate myself"" part that is our inner critic. And often, our inner critic has developed a lot of strength throughout our life because of how we've depended on it for certain things. Sounds crazy, but in actuality, some of the most ""successful"" people, in work mainly, are those that have strong inner critics. They use these critics to motivate themselves, but with people, and in relationships, and in our relationship with ourselves, it completely backfires, because relationships are far more dynamic processes than ""doing well at work.""So, try to acknowledge that the inner critic is one part of you, that you've learned to give a lot of space to. But, if you sit with even a remotely positive feeling you have, it can also be given the space to speak up and grow, just like the critic has over time."
I feel like I hate myself physically and emotionally sometimes. How can I start accepting myself and be more confident?,"The answer would require a more in-depth knowledge of you and your situation. A lot of times, these feelings are the result of the people in your life treating you a certain way. You internalize it and accept it as your reality. The first step is to evaluate the people close to you, especially your parents. Even if you are an adult, think back to your childhood. Children who grow up in an unstable home often grow up to be adults with insecurities and emotional problems. The obvious, such as being abused, can certainly lead to a person having little to no confidence and self esteem, but there are other situations that might surprise you to hear they can be damaging to a person.You may have never been physically or sexually abused, but what about emotionally? Were you yelled at, berated, put down? Were you told you'd never amount to anything? Were you compared to siblings and felt like you always fell short, couldn't live up to expectations? When you hear something over and over again, you start to believe it.Maybe you weren't yelled at. Maybe it was the opposite. Studies show that children who grow up with a parent who is depressed show signs of emotional neglect. A chronically depressed mother, for example, may have seemed cold, detached, emotionless. She may have been less likely to show interest in a child's life, not give praise for accomplishments or show support by going to ballgames or performances. If one of your family members were chronically ill while you were growing up, chances are, a lot of the attention went to them, which could have led to your needs not being met.Any of these situations could cause a person to grow up feeling unimportant, unheard, unloved, or like they don't matter.Maybe nothing I've described here fits your situation. If you can't pinpoint what has caused you to feel this way on your own, a counselor can help.I am not saying ""blame it on your parents"" or telling you there's nothing you can do to change it! Quite the opposite! Understanding WHY you feel that way is a first step towards making the changes needed to feel better. Cognitive behavior therapy focuses on cognition - figure out the WHY. Then behavior - the HOW."
I feel like I hate myself physically and emotionally sometimes. How can I start accepting myself and be more confident?,"This happens slowly and can be done.You already are at the first step of realizing that you hate yourself, not that the feelings of self-loathing are the best of what you're able to expect from life.A way to start building confidence is to pay close attention to the way you handle interactions and make decisions.If you start to notice what you'd like from an interaction, and afterwards, reflect on how well you handled yourself, especially with any unexpected circumstances, you'll build confidence in your ability to be good at something.Do you know why you hate yourself?This answer may help you address within yourself , a new type self talk which has more positives in it than what you've been accustomed to telling yourself."
"I've always thought that there wasn't much good out there for me. Now that things are actually going well, it kind of scares me. I spent most of my life feeling unwanted and figured I would be alone. I recently met a great woman who seems to really like me, and I don't know how to process this. It's bothering both of us.",Congrats on having a happiness problem.Go slowly and tell your partner how you feel as you discover how being loved feels.On a deep level you’re releasing yourself from interaction patterns which treated you poorly and unkindly.Time is needed of repeated occurrences of this newfound loving behavior toward you.Gradually you will trust more and more that your new living relationship life is your reality.
"I've always thought that there wasn't much good out there for me. Now that things are actually going well, it kind of scares me. I spent most of my life feeling unwanted and figured I would be alone. I recently met a great woman who seems to really like me, and I don't know how to process this. It's bothering both of us.","You're in a lot of good company and it's great that you're in a positive relationship. Congratulations!I often hear people talk about loving yourself and self esteem. We often seem to blame ourselves for not ""loving ourselves"" enough or put ourselves down for having low self esteem. It seems to me that since we are essentially socially beings and in fact, need each other for our survival, we really know who we are through our many interactions with others and with our environment. In other words, you can't just snap your fingers and voila! now I love myself, where there was an empty space or self-doubt before. We grow that warm coal inside ourselves through the friction of contact with others who value and validate us.  Allow yourself to be patient with yourself as you experience this new relationship. You are learning a new model of who you are and how you fit into the world. What a marvelous gift for you! You may also have fears that the current joys may be temporary or unreliable. These fears of loss may get in your way, however understandable. If you are truly close to your companion, you can share with her that you are loving your relationship but sometimes fear it will go away and sometimes have trouble really trusting it. Such a conversation may bring you both closer. Hang in there. You're working on co-creating a new normal with a great woman."
"I've always thought that there wasn't much good out there for me. Now that things are actually going well, it kind of scares me. I spent most of my life feeling unwanted and figured I would be alone. I recently met a great woman who seems to really like me, and I don't know how to process this. It's bothering both of us.","Hi! Thank you for your question. It's tough to be in a healthy and loving relationship when we believe we are not worth it. Quite often being in such a relationship is very uncomfortable as it goes against everything we believe about ourselves. First, I want to say you are very brave to open up yourself to the relationship with this wonderful woman you met. Second, I would like to invite you to treat yourself with compassion as you are entering this unknown territory for yourself. Doing something new and totally unfamiliar can be scary, so it's vital that you are kind and gentle with yourself. Acknowledge that what you are doing is scary and uncomfortable and that it will take some time to get used to it. Don't judge yourself and force yourself to feel a certain way. It's important that you are patient with yourself and tolerant of your discomfort. With time, space, kindness, and tolerance your discomfort and fear will start to dissolve. Invite your new partner to also relate to your feelings in the open and compassionate way. The worst thing that you or your partner can do is to rush your feelings, pressure you to feel in a different way or to say that there is something wrong with you cause you feel a certain way. Please be gentle with yourself and celebrate and acknowledge every small victory. Every time you do something little, like holding hands or receive a compliment and it no longer scares you as it did a week ago - celebrate that progress!"
"I've always thought that there wasn't much good out there for me. Now that things are actually going well, it kind of scares me. I spent most of my life feeling unwanted and figured I would be alone. I recently met a great woman who seems to really like me, and I don't know how to process this. It's bothering both of us.","This can be really anxiety-producing when you have not felt it before. It may be helpful to work through some of this with a local therapist so you can get more specific ideas.Some other things that come to my mind are maybe talking about spending about 10 minutes or so discussing how you are feeling and seeing if your partner is willing to listen. Then you could ask questions about how she would react if you were doing something she did not like. This allows you to react to information she is actually giving you rather than your perceptions that sound like they are different than what she is trying to tell you. This gives you the power to receive the messages that she is sending to you.I would also wonder where you have learned that there wasn't much good out there for you and how you can stay present in the moment when you are with your girlfriend and see that she wants to be there with you. Perhaps you could look at what makes you feel emotionally safe and trusting with her and focus on that. You could even remind yourself ""okay, I'm here with [name of girlfriend] and this is okay when I'm with her.""We all have different levels of defenses in situations in which different people. It's common for people to see these things as black and white (either totally open or very self-protective. In reality, it's much more like a rainbow and the different shades of color that are available in the rainbow spectrum of white light (it's not really Just red, orange, yellow, green, blue, indigo, violet that we all know, but an infinite spectrum of shades of colors that fade from one into the next). You can change your level of defensiveness with your girlfriend depending upon the location you are in, the mood you are both in, the subject, etc. There are infinite numbers of choices and you can experiment.Another thing that could help is to communicate about communication. If one of you uses a phrase that triggers something from earlier in your life or is really uncomfortable, you could discuss that. If she says certain things that make you feel really comfortable, you could discuss that as well.Hopefully you can learn more about yourselves and each other at the same time."
"I'm a male in my 20s. My girlfriend is in her late 30s. She's great. She's funny and smart, she has a big heart, and we have an excellent sex life. She recently moved in with me partially because she wanted to and partially because she had no place to go. We fight a lot. It’s mostly my fault, I must admit. She doesn't like my insecurity and lack of trust I have for her. I have trust issues. Also, I can't fathom why a woman like her is with me, so I'm always dreading when a better dude will come along. I don't think she's happy. She's very submissive and she loves me very much, but also the fact that she has nowhere to go must be influencing her decision to stay. I love her so much, but my jealousy is not likely to diminish. I never believed in the whole ""If you love them, let them go,"" but I do now. I really want her to be happy. Should I end it with her? She has no place to go so I feel like I can’t break up with her. I’m literally trapped.","Hi Fort Worth,  I applaud your awareness and insight into the relationship.  Most of us come into relationships carrying old baggage and although you can't change her,  what you can do, is change yourself.  We can usually begin to understand ourselves better in the context of our own upbringings.  That is where we learn what a relationship looks like and it is often not the best teacher.  I wonder about your jealously, insecurity, feeling trapped and a lack of trust.  Has that ever showed up anywhere before?  It has more to do with you and less to do with her.   Your relationship with her is tapping into unresolved issues within yourself.  That is really where you want to focus. Once you understand it and resolve it, you will no longer need to ask anyone else what to do, because you will know.  You are young and just getting started in the relationship world and the healthier you are, the better you will know what healthy looks like.   Know yourself, understand yourself and love yourself.  The rest will take care of itself.  Finding a Therapist can be a big help in this process.  You are asking the question, so I suspect you are ready to look at the man in the mirror.  I believe in you and am wishing you all the best.Sandra Cooper, RN, LPCMH"
"I'm a male in my 20s. My girlfriend is in her late 30s. She's great. She's funny and smart, she has a big heart, and we have an excellent sex life. She recently moved in with me partially because she wanted to and partially because she had no place to go. We fight a lot. It’s mostly my fault, I must admit. She doesn't like my insecurity and lack of trust I have for her. I have trust issues. Also, I can't fathom why a woman like her is with me, so I'm always dreading when a better dude will come along. I don't think she's happy. She's very submissive and she loves me very much, but also the fact that she has nowhere to go must be influencing her decision to stay. I love her so much, but my jealousy is not likely to diminish. I never believed in the whole ""If you love them, let them go,"" but I do now. I really want her to be happy. Should I end it with her? She has no place to go so I feel like I can’t break up with her. I’m literally trapped.","It sounds like there are assumptions being made regarding how she feels about you and why she is with you. I would not suggest breaking up with her without first attempting to resolve your own issues. You may not only regret your decision, but might find that the exact same problem arises in future relationships. I would recommend seeing a therapist who can help you figure out what is at the root of all of this. By learning about your own insecurities and where they come from, you can expect to discover new ways of responding and relating to others, which will likely impact your relationship in a positive manner."
"I'm a male in my 20s. My girlfriend is in her late 30s. She's great. She's funny and smart, she has a big heart, and we have an excellent sex life. She recently moved in with me partially because she wanted to and partially because she had no place to go. We fight a lot. It’s mostly my fault, I must admit. She doesn't like my insecurity and lack of trust I have for her. I have trust issues. Also, I can't fathom why a woman like her is with me, so I'm always dreading when a better dude will come along. I don't think she's happy. She's very submissive and she loves me very much, but also the fact that she has nowhere to go must be influencing her decision to stay. I love her so much, but my jealousy is not likely to diminish. I never believed in the whole ""If you love them, let them go,"" but I do now. I really want her to be happy. Should I end it with her? She has no place to go so I feel like I can’t break up with her. I’m literally trapped.","Are you possibly mixing up an impulse to nurture and protect someone, such as by offering housing, and your own need to feel loved and appreciated as a romantic partner?Maybe your feeling of jealousy is really your awareness of a reasonable need to be loved by a partner.Even though you are quite detailed in your description of your partner, one piece which is missing, is whether you feel you are loved by her.Maybe too, what she considers your insecurity, is really her unwillgness to love you.It's always easier to put distance between two people by insulting them.I hope this gives you a few new ways to look at your situation.A few therapy sessions, either by yourself or together w your gf, would give you more chance to know more deeply what it is you are facing."
"About 3 years ago or so I was skinny, but I was still ugly. I really do want to change that but I've tried 3 times. Now can I try but don't stop. At school I get bullied about my weight and my ugliness and I have been bullied my whole life that I believe them. How can I stop thinking about them and don't let it get in my head? My parents said I don't weight that much but, they do think I am fat but, they tell me I am not. I told my parents that I need to go to a therapist, but they think I am fine and I think they don't want to deal with it.","Hey!  I am so impressed with your efforts to ask questions, to figure out how to change the messages that you hear (and say to yourself), and to get support!  And it sounds like you want to make some changes in your life!  Take a walk over to the counseling office at school, the school nurse or consider reaching out to your Pediatrician’s office. You don’t have to have your parent’s permission to seek support for yourself!  And maybe taking control of your support network will give you the strength to make even bigger decisions about your health!  I am rooting for you!  Be Wise!"
"About 3 years ago or so I was skinny, but I was still ugly. I really do want to change that but I've tried 3 times. Now can I try but don't stop. At school I get bullied about my weight and my ugliness and I have been bullied my whole life that I believe them. How can I stop thinking about them and don't let it get in my head? My parents said I don't weight that much but, they do think I am fat but, they tell me I am not. I told my parents that I need to go to a therapist, but they think I am fine and I think they don't want to deal with it.","Amy is right, you do not need to ask for permission to seek for support.  Finding that help at school or through your pediatrician could be the first step towards getting the tools to reach physical and emotional health.  Remember that the weight is only a number on the scale, but your health is determined by multiple factors.  It sounds like no matter how much you weight, there are some self-esteem issues that need to be addressed.  When we are constantly told negative messages, we end up believing them ourselves and is important to learn to recognize those negative thoughts, get them out and put positive ones in.In regards to your parents, t may be that your parents are in denial because they want to provide unconditional love, but do not have the tools to address your concerns.  At some point remind them that you would like to talk to someone about your feelings, and maybe give the opportunity to be part of that conversation.  Having a healthy support system is important, and being able to learn to communicate with them will allow you to have a healthy relationship with them as you grow into adulthood.Trough individual therapy you can work on your self-esteem and establish specific goals for self-care.  Through family therapy, you could address family dynamics, negotiate solutions to current family or individual challenges and identify ways to support each other.I am a Licensed Professional Counselor in Texas, currently providing services in West Houston.  You may reach me at 787-466-5478 to schedule an appointment.    Tengo 16 años y peso sobre 220 libras. Hace como 3 años era más delgada, pero era muy fea.  Quisiera cambiar eso, pero he intentado 3 veces.  Ahora intento pero no puedo.  En la escuela me hacen bullying por mi peso y mi fealdad, tanto que me le he creído.  Como puedo dejar de pensar e ellos y no dejar que se me metan sus ideas en la cabeza?  Mis padres me dicen que no peso tanto y que no creen que estoy [email protected]  Le dije a mis padres que necesito hablar con un terapista, pero ellos me dicen que estoy bien, yo creo que ellos no quieren lidiar con el problema.La terapista Amy tiene razón, no es necesario pedir permiso para buscar ayuda.  Encontrar un consejero escolar o hablar con tu pediatra puede ser el primer paso para obtener las herramientas que te ayudarán a alcanzar tus metas de salud física y emocional.  Recuerda que tu peso es solo un número en balanza, pero tu salud está determinada por muchos factores.   También me parece que sin importar cuanto peses, hay un problema con tu autoestima que debe ser atendido. Cuando hemos sido expuestos frecuentemente a mensajes negativos, esos mensajes se vuelven parte de nuestra mentalidad y debemos aprender a reemplazarlos por mensajes positivo. Respecto a tus padres, puede ser que ellos estén en negación porque ellos desean proveerte amor incondicional, pero no tienen las herramientas necesarias para atender tus preocupaciones. En algún momento, recuérdales lo importante que es para ti hablar con alguien sobre cómo te sientes, e invitarlos a que sean parte de esa conversación.  Es clave tener un sistema de apoyo saludable y aprender a comunicarse efectivamente con tu familia, te ayudara a tener una relación de comprensión y apoyo mutuo. 
A través de la consejería individual, puedes trabajar en mejorar tu autoestima, y establecer metas específicas para tu cuidado personal.  A través de sesiones familiares, puedes atender dinámicas familiares, negociar soluciones e identificar maneras de proveerse apoyo.Soy Consejera Profesional Licenciada en Texas y Puerto Rico, veo clientes en el este de Houston y proveo servicios de tele terapia.  Para una cita puedes llamar al 787-466-5478."
"I feel as though I'm suffering severe abandonment issues stemming from childhood. I convince myself I'm not worthy of happiness, and I’m always afraid I'm doing something wrong. It's as if I create little scenarios in my mind, and I start to believe them.","This is an understandable response to early childhood trauma and loss.  Oftentimes when we have overwhelming or difficult experiences as a child including poor caregiving, the ways we managed and the feelings we had then show up in our lives as adults.  Especially when we get close to someone, it mirrors our early experiences with caregivers in early life.  So....our body, nervous system, and emotions respond in the same way.  They feel as if what we experienced when we were little is happening now and they go into full force to manage and protect us.  Sometimes the ways that happens can feel pretty bad and we can stuck in these loops of old beliefs about ourselves.  Therapy is a great way to interrupt these patterns, process the early experiences, and be able to be in the present with your current relationships.  It is very possible to shift this cycle and also have meaningful healing from the experiences that caused so much hurt and distress from childhood."
"I feel as though I'm suffering severe abandonment issues stemming from childhood. I convince myself I'm not worthy of happiness, and I’m always afraid I'm doing something wrong. It's as if I create little scenarios in my mind, and I start to believe them.","I would like to offer my compassion that you are struggling with with these feelings. With the information provided and not knowing what your childhood was like or what you've experienced, I will say that from my experience working with people, these feelings are normal, and a normal part  of the process  of healing and just by posting your question tells me you're aware and desire to change this. Very good! I commend your strength. Your feelings are not uncommon and the feelings of abandonment, or second guessing or loss of happiness are also not uncommon.  It's also not uncommon for these issues to arise and trickle into our adult life and relationships. Again, with little information about your situation, it is hard to give an exact answer. However, those who have experienced a dysfunctional childhood or trauma, often present with the issues and feelings you've described. The great news, is that with good therapy, you can regain your happiness, self worth and begin to feel  empowered, you deserve to be happy. Be patient, gentle and kind  to yourself. I would encourage you to begin with searching for a licensed therapist in your area, maybe go for a consultation session  and simply see how your feel about it. Therapy can be incredibly helpful and life changing. I wish you the very best! Laura Cassity, LMSW, LMAC"
"I feel as though I'm suffering severe abandonment issues stemming from childhood. I convince myself I'm not worthy of happiness, and I’m always afraid I'm doing something wrong. It's as if I create little scenarios in my mind, and I start to believe them.","I’m glad that you are reaching out for help. What you are experiencing is common for people who have experienced abuse, neglect, or other forms of trauma. When people experience trauma they develop a feeling of shame and start becoming self critical. Therapy can help regulate these thoughts and feelings of abandonment so they are not so overwhelming. Negative self talk can be extremely  exhausting. You are already starting the healing process by becoming self aware and seeking help. Best wishesKatrina Whitehead MA LPCC"
"For the past year, I have been feeling pressured to do well in school, and it put a ton of stress on me. I have been bullied for five years, and for some reason, it is now sinking in, and I can't stop it. For some other reason, I can't find a hobby I can see myself doing without thinking bad about myself.","You may have reached the natural end point of working very hard in school and putting up with bullies or not knowing how to step to the side of people who bully you.Both conditions you have been living under, pressure to perform well in school, and the tension of someone bullying you, are quite draining.Now is probably time to recuperate from your emotional ordeal.Hobbies may be a little too lighthearted and distracting from the more major task of grounding yourself in feeling secure and settled, especially after such arduous effort academically and socially.Let your natural self guide you.If right now you need to simply grow strong again, then allow this process to slowly develop.Eventually all on its own when the time is right, you will find a hobby.Now is your time to trust yourself to live the rhythms of your life."
"For the past year, I have been feeling pressured to do well in school, and it put a ton of stress on me. I have been bullied for five years, and for some reason, it is now sinking in, and I can't stop it. For some other reason, I can't find a hobby I can see myself doing without thinking bad about myself.",Check out my latest blog on:  Four-ways-add-self-esteem-friends-listI hope this provides a few nuggets of helpfulness to you!
"I'm a teenage girl, and I feel very bad about my weight. I don't know how to make it stop.","One way may be to take some sort of physical movement class in which you will be regarded by the teacher as one of the students, not the girl who weighs a certain amount.In a movement class such as pilates, yoga, aerobics, weights, dance, when the standard for clothing is somewhat fitted and shows more of our physical bodies than regular clothing, and to be considered as one of the students, not stigmatized for how much or how little you weigh, may help you be as accepting of yourself as the teacher is of you!"
"I'm a teenage girl, and I feel very bad about my weight. I don't know how to make it stop.","Have you spoken to your health care provider about your weight?  You may not have a medical issue.   A lot of times we try to have the ""perfect"" body when in reality we try to live up to social standards.  Please set up a FREE consultation with me!"
"What am I doing wrong? My wife and I are fighting all the time. What can I do? We don't agree on anything and she usually jumps to conclusions, which are usually wrong on how I feel. She is very family-oriented while all of my family left me on my butt, abused, ignored and messed up with me mentally. I'm not a family-oriented person. I only have two people in my life - my best friend and my wife.    My mother forced my father out of my life so I do not know who he really is. We've gotten in contact but he just makes comments on how much I look like her when in fact I look more like him. This makes me mad because I don't want to look like my mother. I hate her. All that she did was bring me down and make me homeless, which she was successful at. I need guidance in my life. I don't want to lose my wife but we need to have a space because we usually hit each other and it's not healthy. I'm dying to make our relationship healthy. I've never wanted anything more than this. Please help me. I need your advice.","Hello. It sounds to me like you are carrying an enormous amount of emotional weight, and maybe even an equally enormous amount of guilt and feelings of failure about your marriage. I cannot imagine how challenging this is for you right now. Marriages take lots of work, and often the only examples we tend to have are of those we saw when we were young - good, bad, or indifferent. There are no easy answers to your questions, and I won't presume that my response to you will be the linch-pin that heals all your pain. But I can maybe give some thoughts and reflections. First and foremost, cut yourself some slack. No one is perfect. We fail more often than we succeed, but in the end we learn, and that learning helps us grow. Yes, you're right, the abusive aspects of your marriage are not good, and need to stop. You probably are doing more harm than good in that regard, and this will quickly destroy anything you have in your marriage that is even remotely in your favor. Seeing a therapist for yourself, and then seeing a therapist as a couple is a good approach. You have issues that you need to resolve, that, while they impact your marriage because they are part of the history of your life, they are separate from your marriage in many respects.Joining a marriage support group can also be helpful. You can find these through local counseling resources. Sometimes your local crisis numbers can provide services in your area that can be helpful. If you belong to a religious or spiritual community, then you might see if there is any type of counseling offered for free or at a reduced rate. Sometimes pastoral support is focused on the spiritual side of any issues addressed, so if you feel this is important it might be a viable option for you.Lastly, parents are imperfect. Yep...its true. They had no more of a guaranteed parenting success manual than you do at having chances for a perfect marriage. We limp along and do our best. Having said that, we can still take the best from our past and apply to our future, no matter how small or insignificant it might be for us. The bad stuff serves as lessons of what to avoid, and we are each responsible and accountable for our actions in this life. Both with ourselves, and toward other people. So this becomes a guiding principle in our actions. It may be that you discover that the marriage you are in is not a good fit.  I am sure that remains to be seen, but either way you both must be involved in saving it. If only one of you cares, then 100% of the energy to salvage the marriage rests on the shoulders of one person. That's not fair. So be sure you have a clear understanding from your wife about what she wants, and work to create an amicable solution. All of this said, seek out supportive friends, and actively work to do your part to make the changes you want to see in your life. One way or the other, you will benefit from it.Be well."
I am becoming a Water Safety Instructor but I didn't have enough for a proper swimsuit. I was told by a boy in class that my top was displaying everything. I was very embarrassed.,"I also want to note that we, as a society, are especially judgemental about how women dress and present themselves.  I am sorry that this boy said something insensitive.  There is nothing shameful about your body and it was not your intention to ""display everything.""  It also wasn't his place to judge you. As women we are expected to be sexy in some situations and demure in others.  Men don't have the same range of societal expectations to navigate.  You didn't deserve his rudeness."
I am becoming a Water Safety Instructor but I didn't have enough for a proper swimsuit. I was told by a boy in class that my top was displaying everything. I was very embarrassed.,"First I think we have to acknowledge that you are doing something amazing.  You are putting yourself out there and becoming a Water Safety Instructor.   We often times will focus on the negative and forget about the positive.  Next, you had an incident where someone pointed something out which may have caused embarrassment.  Whether or not it was malicious on his part I think the important thing to focus on is what is called ""Common Humanity"".  Common Humanity is one of the three elements of self-compassion.  Common humanity essentially recognizes that suffering and personal inadequacy is part of the shared human experience.  While you may have had this embarrassing moment at this time, that boy may have had an embarrassing moment another day.  We all have embarrassing moments.  When we recognize that we do not suffer in isolation then we are able to move past that suffering.  Additionally another element to self-compassion is self-kindness.  My question is why must you forgive yourself?  Rather, be kind to yourself for learning an amazing new talent."
I am becoming a Water Safety Instructor but I didn't have enough for a proper swimsuit. I was told by a boy in class that my top was displaying everything. I was very embarrassed.,"As far as I can tell, you received unwanted attention, but you didn't do anything wrong.  What did your instructor say? Anything? If the outfit was not appropriate then the instructor should tell you--If he/she didn't then assume the swimsuit was okay, but the gentleman in the class wanted your attention and took it upon himself to comment, in order to get that attention.  If you don't want his attention then you have a couple of choices--wear a shirt  over the swim top, find an inexpensive swim top to replace the one you have, or wear what you have as long as the instructor doesn't say anything, and if you get unwanted attention say in as confident, slightly loud, voice as you can muster.  ""I don't appreciate your critique of what I'm wearing, we're here to take a class, let's just focus on that. Then,  Turn on your heel and walk away."
I am becoming a Water Safety Instructor but I didn't have enough for a proper swimsuit. I was told by a boy in class that my top was displaying everything. I was very embarrassed.,"Everybody does something or a few things in their life which looking back, the person wishes they hadn't.The key to feeling better is to realize that as long as you learn something for the future from your mistake, then you will be doing all that any human being is capable of doing.Your mistake sounds genuine, not that you were deliberately trying to create a stir or harm yourself or anyone.Now that this student in your class pointed out your mistake, you will learn to notice the appearance of your swimwear.Put in context that feeling foolish for doing something embarrassing means that overall, you generally do most activity in your life, in non-foolish ways.The incident would only bother someone who generally is responsible.  The mistake is a contrast with what is usual behavior for you.I hope you'll enjoy swimsuit shopping and find a beautiful bargain!"
I am becoming a Water Safety Instructor but I didn't have enough for a proper swimsuit. I was told by a boy in class that my top was displaying everything. I was very embarrassed.,"Sometimes we make ourselves feel worse with our own thoughts about things we can't change. We know that it is possible to overcome embarrassment and self-blame, but why does it seem so difficult to overcome it sometimes? If you tune into your own thoughts, or your ""internal dialogue"", you'll notice that your thoughts are connected to your feelings. So people who are holding onto embarrassment and self-blame often have thoughts like, ""How could I do that?"", ""I looked so stupid!"" ""Now people saw things I did not want them to see!"" If we tune in more, we might notice we are thinking that this is terrible, horrible, and that we cannot deal with it. These are self-sabotaging thoughts that lead to shame, self-blame and embarrassment. If you look at the evidence, you can find more rational thoughts such as, "" We all make mistakes"", ""People can look all different ways at different time - this incident does not define me!"" and ""If someone has a bad image or thought about me, it is really OK! People have all kinds of thoughts about other people, and it does not have to be a major problem."" When you practice your rational thoughts often and replace the negative ones, you will start to feel better, more confident and your embarrassment will decrease quickly."
I am becoming a Water Safety Instructor but I didn't have enough for a proper swimsuit. I was told by a boy in class that my top was displaying everything. I was very embarrassed.,"First of all, congratulations to you on becoming a Water Safety Instructor.As far as how to forgive yourself, this is probably one of the toughest things that we ask of ourselves, no matter the subject. On the other hand, it sounds like the location of the mistake means that after you get through the class, you won't see the same people much longer, so hopefully the embarrassment will be temporary.As far as the class, maybe you can give yourself compassion for the idea that we all make mistakes and it certainly sounds like it wasn't intentional. I think we have all had a swimsuit shift in unwanted direction.Trying to make sure that the same thing doesn't happen again would probably be helpful, but it sounds like you are already doing that. Something else you could do is think of something you can say to yourself when someone says something embarrassing about that occurrence, such as ""it was an accident and I have fixed it now.""You may find some helpful tips here http://tinybuddha.com/blog/let-go-past-mistakes-6-steps-forgiving/ or here http://psychcentral.com/lib/how-do-you-forgive-yourself/ . These are not meant to be resources related to religion, but it is mentioned in a few places."
On the first day of school I wore a bra that was too big so that it would look like I had bigger boobs. I did that the whole school year and my parents never found out. But now I can never hang out with my friends at my house or invite them over because it would be around my parents and my friends would see there is nothing there on my chest.    How do I fix this?,"I get how you feel; you wish your body looked different and you're embarrassed that you tried to make it look different and people may notice. You don't say how old you are. It's likely that, if you are young, your body will change as you mature, but in general, we're given the bodies we're given and I'm glad to see that there may be a desire in you to accept your body the way it is. You seem to want to stop disguising it. Bodies come in all shapes and sizes and every woman knows how it feels to struggle with accepting what her's looks like. Many men go through this as well, although women are more often targeted with cultural messages about how we're supposed to look. Young people often believe that others are noticing and judging them. In fact, other people are far more preoccupied with who might be judging them than whatever's going on with you. I suggest you wear whatever bra you want to wear, and if someone is rude enough to comment on it, you can ignore them and talk about the weather or the latest pop song that you love and they'll get the hint. But my bet is they won't even notice. :)"
On the first day of school I wore a bra that was too big so that it would look like I had bigger boobs. I did that the whole school year and my parents never found out. But now I can never hang out with my friends at my house or invite them over because it would be around my parents and my friends would see there is nothing there on my chest.    How do I fix this?,"Sometimes we let our insecurities get the best of us, causing us to make some interesting choices. Honesty is always the best policy, but honesty comes with risk.  Perhaps you may want to start with your family first, explaining to them what you have done and why.  Perhaps they can help you to practice talking about your insecurities with your friends. Another way is to start, slowly, to dress more and more like yourself and your true body shape. Some of your ""friends"" may make fun of you, true, but then you must ask yourself...why do you want to be friends with people like that?"
On the first day of school I wore a bra that was too big so that it would look like I had bigger boobs. I did that the whole school year and my parents never found out. But now I can never hang out with my friends at my house or invite them over because it would be around my parents and my friends would see there is nothing there on my chest.    How do I fix this?,"Wear baggy clothes to disguise the problem and if you do this for a long enough time, then your friends may forget what size boobs you have.Can you tell your parents what you wrote here?  If yes, then maybe they will be empathetic and this always helps.They may also agree to not make any comments about your boobs when you wear the bigger bra around your friends when they visit you at home.Also, its possible your friends already have questioned why you wore a bigger bra than your boobs.  Maybe they saw what was going on the whole time during the school year and felt too awkward to tell you."
"I feel like every time I do something someone asks me to, I never fully meet what they want. I feel that when I finish it, they always think that they should have picked someone else to do it. I feel like they just want nothing to do with me.","It sounds like you have the perception that people are frequently disappointed in you, wish you were different or someone else, and ultimately reject you. One question I would have for you is what is your evidence that people feel this way? Is there anything in people's words or behaviors that gives you this impression? If your not sure, it may be useful for you to try to notice what people say and do in response to you, even though you perceive these attitudes within them. Additionally, working with a competent therapist may be a great way to get an answer to your question as well as developing ways to move forward with that answer and gain a sense of self-esteem and security in your relationships.One possibility that comes to mind, of which there may be more, is that as we grow up, we often develop relational templates, or sets of expectations about how people are and will relate to us, which influence our experiences and behavior in relationships. Sometimes the templates that we develop to stay connected growing up are not particularly adaptive for adult life and can hamper our self-esteem and capacity for comfortable intimacy as an adult. You ask a great question here, and one that can be very hard to see through, given the difficulty of feeling that people think of you in this way, and I hope that you will stay curious about this and consider working with a therapist who is trained to help you discover the answer."
"I feel like every time I do something someone asks me to, I never fully meet what they want. I feel that when I finish it, they always think that they should have picked someone else to do it. I feel like they just want nothing to do with me.",As long as you try to reach others expectations you will never feel satisfied or accepted.  How about setting your own expectations for self and strive for those.  Make sure your expectations are reachable and realistic.
I always need alcohol to feel better and use that as a excuse.,Check out my latest blog on:  Four-ways-add-self-esteem-friends-listI hope this offers you some nuggets of helpfulness!
"I feel like I'm ugly, stupid, useless, and that I can't make anyone happy.",Check out my blog post on:  Four-ways-add-self-esteem-friends-list/I hope this offers you some nuggets of helpfulness!
I hate everything I see in the mirror. I don't like being in pictures and always scribble out my face. It's stressing me out. I don't trust my parents enough to tell them and I don't know what to do.,"This is so very common in this crazy looks-obsessed world! I meet so many beautiful people who can't see their beauty. Is there something getting in the way for you? Was there a time in your life when people teased you or told you something hurtful, or did something to you that made you feel ugly? If so, this can be addressed first. Sometimes stories are told about us when we're young and the best thing we can do is see the author's evil or careless intent and not take that on. A therapist can help you with this part.Once you've addressed any past barriers to feeling confident, you can focus on a few simple things. First, your thoughts. If you keep telling yourself that you don't like what you see, then you will never feel okay about your looks. Experiment with telling yourself something different. Look in the mirror and I dare you to find something that's lovely about your face. Focus on that. Describe what you see? If you were your own best friend, what would you say about your face? Eliminating those negative scripts and building new positive ones will help you feel more accepting of how you look. You can't change your face, but you can change your attitude towards your face. Confidence is the things that will make you beautiful!Accepting how you look is important. Without going to plastic surgery (the popularity of which is a testimony to how nuts this whole thing has become), you were born with that nose, those eyes, those lips. Accepting yourself and knowing it won't change is a good idea, because wishing it were different won't make it so!Looking good is also about minimizing flaws and building on your assets. Are you in a rut about hairstyle or makeup? Ask a good friend to give you a make-over. Play with your features and wardrobe. There are plenty of average looking people who know how to make themselves shine because they are creative!"
I hate everything I see in the mirror. I don't like being in pictures and always scribble out my face. It's stressing me out. I don't trust my parents enough to tell them and I don't know what to do.,Check out my latest blog:  Four-ways-add-self-esteem-friends-listI hope this offers you some nuggets of helpfulness!
"Whether it's to a guy or girl, I always feel insecure talking, and I am afraid of embarrassing myself and not being good enough. Even when I am walking, I worry about my appearance and facial expression and such.","Hi. I'm glad you wrote, because I think a lot of people have this same issue (to different degrees) and we don't talk about it much. You have some social anxiety that is a bit beyond what the average person might feel. Most people have some amount of worry about what others might think of them, and this probably prevents us from making complete fools of ourselves so that's a good thing. But your ""alarm system"" is out of whack and you are spending too much time worrying about how you come across. As you age you understand this more, and it's true...that other people really aren't thinking about you much or monitoring you at all; they're too busy having the same thoughts you're having! Am I good enough? Do people like me, judge me...think I'm weird? We're all concerned about how we come across far more than how others come across. Like many people, you lack compassion for yourself, acceptance of yourself and confidence in yourself. My gut says that these things came from somewhere in your past. Our sensitivities usually come from (as well as genetics) a specific time in our life when we experienced or felt something that was overwhelming and we end up with an alarm system that overreacts at times. Without more details, it's difficult to go further here. I recommend you see a therapist who does cognitive behavioural therapy, which can help you understand the roots of your fears and learn how to manage them more successfully."
"Whether it's to a guy or girl, I always feel insecure talking, and I am afraid of embarrassing myself and not being good enough. Even when I am walking, I worry about my appearance and facial expression and such.","I want to add that one way therapy can help with social anxiety is to give you a corrective experience.  Each week, you sit across from someone who genuinely cares about you, who doesn't judge you, and who you can voice your concerns to.  Over time, you show them more and more of yourself, and as they get to know you, they still care about you, they still don't judge you, and they still think you are amazing.  Find a therapist you connect with."
"My roommate has had a drinking problem for a while. She goes out, gets trashed, and then expects everyone to take care of her. The next morning, she apologizes constantly until she feels validated. She also thinks everyone hates her all the time. If I don't seem anything other than happy, she asks me ""Do you hate me? You hate me. Tell me you love me,"" and I feel like I have to pity her because she has also been suicidal before.","It does sound like your roommate may have a drinking problem, and the short answer is that you can't do anything about it, only she can. We can't change what other people say, think, or do. We can only change our reactions. It does sound like your roommate may be having a hard time. You can suggest that she enter counseling or therapy. You can reassure her that you like her (if that's true), but you don't have to pity her."
"I always feel the need to impress people, whether it's my family, the people at school, or just random people. I know that no matter what I do or how I change, there will always be some people who hate me. Why do I feel this way?","My first reaction to this is that It sounds like you rely alot on the impressions and projections of the outside world, that you need validation from other people to compensate for a lack of something on the inside, build yourself up on the inside, work on yourself, use positive affirmations daily, it would be wise for you to research some self-construct theory and do some self-concept work.Hope this helps,C"
"I always feel the need to impress people, whether it's my family, the people at school, or just random people. I know that no matter what I do or how I change, there will always be some people who hate me. Why do I feel this way?","It is normal to seek other’s attention and noticing that some people would not be interested.  After all, we belong to a social environment where we constantly receive other’s feedback, which at times validates us, makes feel important and useful, like we belong; but also at times makes us feel isolated, different and neglected, which we could interpret as hate.The key is to be aware of what you think about what people think of you.   Got it?  This part can be tricky at times, because, what others think about us does not really affect us, what really affects us is what we decide to believe, internalize, and make our reality.  For example, I could choose to ignore a person’s comment about me, or I could decide to focus on it all day, analyze why they said that and what have I done to them to get to that conclusion.  Eventually, since we became so focused on that thought, we may end up believing that what the other person said about us was true, even if we did not agree to begin with.So how can we fix this?  Awareness is the key!  It is important that you understand the way you internalize external inputs, like comments, and to go through a process of discarding negative ones.  It is also helpful to talk to your counselor about how you process feedback and validation so you learn to balance your positive traits from negatives and how that affects your relationships and self-esteem.¿Cómo me puede importar menos lo que la gente piensa?Siempre siento la necesidad de impresionar a otros, ya sea mi familia, la gente de la escuela o extraños.  Y sé que no importa lo que haga o cuanto haga, siempre habrá personas que me odian.  ¿Por qué me siento así?Es común que busquemos la atención de otros y notemos que algunas personas no están interesadas.  Después de todo pertenecemos a un ambiente social donde constantemente recibimos comentarios, que a veces nos validan, alagan y nos hacen sentir como parte importante y funcional de la sociedad; pero en otros momentos nos hacen sentir aislados, ignorados y diferentes, lo cual lo pudiéramos interpretar como odio.La clave es estar conscientes de lo que pensamos que los otros piensan de nosotros. ¿Me sigues?  Esta parte puede ser algo confusa, porque lo que piensan otras personas de nosotros, no nos afecta directamente, lo que si nos afecta es lo que decidimos creer que otras personas piensan de nosotros; y luego lo internalizamos y hacemos parte de nuestra vida.  Por ejemplo,  podemos decidir ignorar lo que una persona dice de nosotros, o podemos decidir enfocarnos en ello todo el día, analizando en detalle porque lo dijeron y que hemos hecho para hacer que ellos piensen así. Eventualmente nos enfocamos tanto en ese pensamiento, que terminamos creyendo que es verdad, aun cuando originalmente no lo creíamos así.¿Entonces como lo arreglamos? La clave es concientización.  Es importante entender la manera en que internalizamos las opiniones de otros, y que pasemos por un proceso de discriminación, donde descartemos los comentarios negativos, hasta que aprendamos a ignorarlos. También ayudaría hablar con un Consejero sobre como internamente validas y descartas los comentarios y opiniones externas, y como eso puede estar afectando tus relaciones y tu autoestima."
"I feel like I was born in the wrong body I feel like I should be a girl not a boy
 Ever since I was young, I have wanted to be a girl. I felt like what I was wasn’t me. I want to know what I can do about it. My family is against transgender people and don't want anything to do with them. I want to be “me.” I feel as if I'll be happy then. I don't look in mirrors, and I don't like my reflection. Recently, I have been taking things to help even though they were not prescribed. I know I should have this handled by a professional.","Hi. Do you have any opportunity to work with a therapist?  It sounds like it might be really great to explore these feelings. If you aren't able to, there are many awesome gender work books available that you could use to explore your thoughts and feelings. Also - google ""ask a gender therapist"" - so many amazing video blogs to answer many questions!  Good luck!"
"I am in my mid 30s. I feel I have used only 5% of my potential. I am in film making, but everything is stuck. I've never had a serious relationship. I had worthless jobs. I do a lot of meditation to try to fix it.","Being stuck in life is difficult, especially when you are feeling it in many different areas of your life. So you if you are ready for a change... time to make one! Make a list of the resources in your area--community colleges, friends, free classes, volunteer opportunities etc. Make a list of your passions and absolute ""no way"" things in life. Make a 5 year plan... where do you want to be in 5 years... then start breaking it down ... what do I need to do this year to make it to next year. Break that down into months... check in with friends/families/co workers etc to see what they see in you both good and bad. Take a deep breath and choose 1 thing to work on to get better in life according to them. Seek out any free training/counseling on career changes and life changes. You already began this by asking this forum for help Awesome! Use the peace and calm you find in meditation to spring board you to make some changes in your behavior--try new things, change poor choices etc. Use the meditation to give you peace while you make the changes. Good Luck!"
"Something happened this summer that I cannot forgive myself for. When I think about what happened, I feel ashamed and guilty even though my loved ones forgave me.","Hello, and thank you for your question. Guilt is one of those things that nearly everyone has experienced at one time or another, and it can feel like a huge weight around your neck. Unfortunately, it is unlikely that we can give you some words of wisdom that will make it all go away. However, I will give you some ideas and hopefully this will help.One of the things that we know about guilt is that it doesn't usually do much to help us in the long-run. People may make changes for a short-term period of time because they feel guilty about something they did, but usually they will go back to their old behaviors if they don't have something else to help them change permanently, such as a new skill. So, guilt doesn't necessarily help us. In fact, as I write this someone out there is eating an entire key lime pie because they feel guilty about falling off their diet. Someone may be drinking alcohol because they feel guilty about drinking alcohol. For whatever reason, this is just a common thing that we do. Now accountability is different than guilt. Accountability can actually be constructive.  When you hold yourself accountable you can admit that you have done something wrong. That it hurt others and you deeply regret it. That you are prepared to take steps to make sure it doesn't happen again. That you have done what you can to make amends, if necessary. That you are sorry. And then you move on. Why is moving on necessary? Well, for one thing, it doesn't usually help the people who you hurt. In fact, someone's guilty behavior may serve to remind the people who were hurt, over and over again, about what happened. Guilt is usually 100% about us, and not about those we hurt. Also, guilt can lead us to behave in ways that may even hurt people more. Having said all of that, guilt is a normal human emotion. Sometimes we experience it for a while and it goes away. Sometimes we need help to work through it. There are many self-help books about forgiving yourself. You can try Amazon to find some, or consider getting help from a counselor. Be well,Robin Landwehr, DBH, LPC, NCC"
"Something happened this summer that I cannot forgive myself for. When I think about what happened, I feel ashamed and guilty even though my loved ones forgave me.","A lot of times it is not about forgiveness but learning from experiences. As an example, as a child we continously fall in an effort to learn how to walk. Then when we begin walking we know we have to put one foot in front of the other in order to move forward. Experiences allow us to grow, find a balance and what to do and what not to do in order to move forward. On the positive side you now know the consequences as for your actions not to take the same course. Forgiveness comes with time as you ""learn how to walk again."""
"Something happened this summer that I cannot forgive myself for. When I think about what happened, I feel ashamed and guilty even though my loved ones forgave me.","Realize that you are human, not perfect and will make the wrong decisions at times.   That is OK, we all have.  However, the best way is to say OK, I did it, learned from it, will not do that again.  EVER!!!  You can get pass it; grow from it.  Unfortunately, we forgive others faster than we do ourselves because we hold ourselves to higher standards or expected better behavior from ourselves.  It can be embarrassing, hurtful, almost unforgiving at times.  But how do you forgive yourself? Take a Deep Breathe..... and then acknowledge that you did something wrong, acknowledge it, and say to self,  ""I forgive me"".  Just like you would say to someone else.   This starts the process of forgiving. Also ask yourself these questions:   What lesson did I learn?  What would I have done differently?  What will be a trigger that will make me do that again, if I happened to be weak or tempted?  Avoid or prepare for those triggers....  Forgiving yourself will set you free from the prison you have put yourself in.  You would start back living."
"Something happened this summer that I cannot forgive myself for. When I think about what happened, I feel ashamed and guilty even though my loved ones forgave me.","What a beautiful discussion of guilt and shame Lynda offers! Those
two demons start out as pesky and little when we are young, then grow with us to
become quite formidable. I'd like to throw in a technique I learned from Randy
Rausch (author of The Last Lecture) called The 3-Step Apology.
I teach this important bit of wisdom to my clients when they need to apologize
to someone else but more importantly when they need to forgive themselves.Yes, when we have trouble forgiving ourselves we sometimes forget
that there is part of us that just doesn't know how to apologize effectively.
Here goes:Step One: Say what you did and the damage it caused.Step Two: Say you're sorry and accept full
responsibility (no excuses, no explanation, no defensiveness: “It was all my
fault.”)Step
Three: Ask what you can do to repair the damage.Step Three is the one many of us didn’t learn growing up. And when
we add it to an apology, we are usually surprised that the penalty is as light
as it is. Of course, sometimes the apology is not accepted and no way to atone
is offered. So be it, we can’t control this. But if we are apologizing to
ourselves, we can. There is always a way to make amends if we put our heart
into it.
Give this a try the next time you’re reluctant to let yourself off
the hook. You might surprise yourself when how benevolent you can be when
invited."
"Something happened this summer that I cannot forgive myself for. When I think about what happened, I feel ashamed and guilty even though my loved ones forgave me.","Hi Ohio, I totally get how it can be more difficult to forgive ourselves than to forgive others. My guess is that you tend to come down too hard on yourself a lot. That's a huge barrier to happiness that you can work to reduce. I'll get you started.You feel shame in a debilitating way that is probably way out of proportion to the incident. Is it triggering some old shame? Unfortunately, a lot of adults use shame as a motivator for kids. It doesn't work. When was the first time you remember feeling a lot of shame, as in ""I'm bad"", or ""I'm worthless""? Is there a younger version of you who is still feeling shame over something that wasn't your fault? Sometimes shame shadows are connected to an absent or hurtful parent, sexual abuse or some family loss or trauma. If so, picture yourself at that age. Can you tell your child self that whatever horrible thing happened to them isn't their fault? Can you have compassion for that child who first felt shame or had shame heaped on them? That's your first goal...to go to the source of the shame and heal that child's wound with compassion. What happens to children is never their fault (and fault is a pretty useless concept anyway).Once you take the layers of old ""I'm bad"" shame off, the load is lighter and you can use self talk to further reduce the shame. Here are some things you can say to yourself...every day...I'm human and that's okay. I don't have to be perfect.I can have compassion for my mistakes.I can feel proud that I'm facing my mistake and making things right.I deserve forgiveness and compassion, and I have that for other people too.There's no purpose to holding on to shame.I can learn from my mistakes and move forward.Everyone makes mistakes.Other people don't want me to carry this shame around.I don't need shame to remind me not to do it again. I've figured that out.Shame tries to convince you that you need to carry ""it"" around in order to prevent further mistakes. Poppycock.  You've learned your lesson, now you can move forward to other mistakes. Sorry...but you're human and you'll keeping making... hopefully different, glorious mistakes. Embrace the learning. Lean into the experiences of life. It's all juicy stuff, and you're in good company; we're all in the same position of being mortal."
"I constantly feel like everyone is up against me and trying their best to shut me down. It's ruining my mood and even my whole self. I have trouble sleeping, and I keep having sleep paralysis while dreaming of others mocking and judging me.","The problem you describe sounds very wearing on your spirit.Are there particular reasons for why you feel everyone hates you?Have you been in a clash of ideas or opinions and feel yourself in the minority viewpoint?Or does your sense of being shut out start within your own mind, as though you anticipate that others will not like what you say?If actual conversations are leading you to feel left out, then evaluate whether to bring up certain points to the other person.Or, you may also decide that the relationships in which you feel shut out, are no longer worthwhile ones for you.If the problem is hesitating to interact because you imagine others will reject you, then maybe you can coach yourself into trying a small step toward introducing yourself and your thoughts to others."
I feel like I'm trying to convince myself that I'm okay when I'm not. I'm always blocking out the bad things and forgetting. I also feel like nobody cares for me and they never will. I feel truly alone.,"I can relate! When things are going badly, I feel like my life has
always been and will always be that way. (But I also do this when things are
going well. That is, I forget how good things can turn bad. Personally, to
avoid this emotional roller-coaster, I try and heed the famous advice by author
and feminist Rita Mae Brown: ""One of the keys to happiness is a bad
memory.""So maybe this weakness of your for forgetting is really a
strength! It sounds a lot like living in the moment to me. And while it’s hard
to manage my past and my future, the moment seems like a small enough piece of
temporal real estate to sort out. So that’s the “what” of my answer. The “how”
goes like this: Choose one from column A, two from column B, and three from
column C in the following chart. Then try doing them for as long as you can.
Then see what happens.A                                            B                                                  CGratitude                                Forgiveness                                 AppreciationExpectations                           Meditation                                    ExerciseBitterness                               Distraction                                    Volunteering
Resentment                            Substances                                  WorryRegret                                    Possessions                                 PessimismShame                                    Desire                                          SuperstitionRage                                      Isolation                                        WishingSelf-loathing                           Criticism                                       Withholding If you feel as though what you
think and believe are out of your control, or that your values were imposed on
you, or that nothing good will ever happen again, then we will have to
respectfully disagree. You’ve ask a very deep and insightful question, proving
that your hope has gotten you this far. Hang onto that hope because I’m an
example of things working out despite my previous way of looking at my life.Instead of “convincing”
yourself that you’re okay when you’re not, how about calling it “accepting
yourself as okay just the way you are, without judging your okayness.” You
probably have high standards (perfectionism?) and that’s a thing to talk with a
counselor about. The opposite of perfect is not horrible. It’s called “good
enough.”Blocking out the bad things and
forgetting is as natural as eating and sleeping. All the other mammals do it
(except when it comes to life-threatening bad things) so why shouldn’t we? This
might be called optimism.
Feeling alone and uncared for
is a worse feeling than being despised. This is good! This means (I suppose)
that you don’t despise yourself as much as you just don’t care for you (because
we can often project our own self-beliefs onto others). This is an abstract
concept that will take some time to get used to. But I have a suspicion that,
with just a little more self-care, and a little more caring for others, you
might be better off very soon."
I feel like I'm trying to convince myself that I'm okay when I'm not. I'm always blocking out the bad things and forgetting. I also feel like nobody cares for me and they never will. I feel truly alone.,"I'm glad you're aware of how you honestly feel.  Knowing one's personal truth is always the first step in finding what is necessary to be and develop.Reflect a little more on the type of care you'd like in your life.""Care"" means anything from checking in on someone to deep, intimate connection between two people.Knowing your own definition of ""care"" is the first step to know what is necessary for you to recognize what you'd like attracting.It is much easier to attract what we'd like if we are clear on what this is."
I feel like I'm trying to convince myself that I'm okay when I'm not. I'm always blocking out the bad things and forgetting. I also feel like nobody cares for me and they never will. I feel truly alone.,"As social creatures, we humans all long for deep human connection. To know that we belong and are part of something larger. It is so important to us that when we feel alone - it can feel almost unbearable. You are not alone in feeling alone. While it can take time to build deep relationships there are moments in each day where we have the opportunity to interact with other people who may also feel lonely and scared and want to be seen and acknowledged. I wonder what it might be like for you if you took on an experiment of trying to really see the people around you and make little attempts to acknowledge and connect with them - fellow humans on this journey of life. A ""good morning"" at the bus stop or really looking at the person who you buy your groceries from or thanking or complimenting someone for something that you notice and appreciate. While this is not a substitute for close relationships these moments of real connection with the people who we share our communities with can go a long way to realizing that we are not as alone as we may have thought."
"I feel so irritated and frustrated because of it. I get so angry to the point that I feel like I'm going to explode. I feel pathetic, stupid, and worthless. I just can't take this anymore.","Yeah I get the same problem... Look I'm not a professional but I've heard a few things. a powernap can help. just a half hour of sleep can clear your mind and let you refocus. Also, brain activity increases with physical exertion. Just walk around for a minute and get your brain working and that'll help you reach the task at hand. Taking breaks it totally okay. Try to have something to do in between that you enjoy."
I've been with the mother of my child for years.,I would think that you hold little self worth and feel that you are not worthy of better.  I would suggest that you get to know yourself.   What do you NEED in a relationship?  What is holding you to this relationship other than your child?  What have gone on in the relationship that makes you think or feel you deserve such disrespect?  Just a few questions to ask yourself..
"I have been in a relationship with my boyfriend for about six years now. In the past, our relationship was difficult and frustrating. We argued a lot, and due to that, there was a lot of tension between us. We stayed together because we love each other and wanted to make it work. I used to party a lot, and several times I got into situations where I would end up kissing someone else. These situations were never more than just kissing. I have come clean about these situations with my boyfriend, and he decided to forgive and move forward with me. I love him so much and want to work things out too, but I'm having a difficult time understanding how he can forgive me. I can't seem to forgive myself. I'm overwhelmed with feelings of guilt and unworthiness.","Hi Cerritos,This is an interesting twist because it's more common for the person in your position to want to move forward, and for the person who was wronged to struggle with forgiveness. You are lucky to have a loving, compassionate partner, and your boyfriend is lucky to have a partner who takes full responsibility for their actions. My hunch is that you learned some things about yourself when you were younger that are playing a role here. Your sense of worthlessness seems out of proportion to the mistakes you made. You don't have to be perfect in order to deserve the love of a good man. You only have to have the maturity to recognise when you've hurt someone and work hard to make it better. Who in your life overreacted to small mistakes you made? Were you shamed as a child? Did you learn that you deserved to be punished? Did something bad happen that you thought was your fault? Is there a mistake you made long ago that you need forgiveness for? There is a younger person inside you waiting to be forgiven for something they weren't entirely responsible for. The bar is too high for you. If I was your therapist, I would work with you to find the source of the shame, and address that wound. If you want to move forward and be with your boyfriend, your job will be to forgive yourself. Forgiving doesn't mean ""it was okay""; forgiving simply means that it happened, that you can't erase it, and that you don't want to carry it around or punish yourself for it anymore. You have done many things here that you can feel proud of! You've 'come clean', you've been honest, you've taken responsibility for your actions, you've not tried to minimize what you did, and you've chosen to be more loyal and aware of how you impact your boyfriend. These are all things you can use to build your sense of worth. You are acting very honourably. It's time to put your past mistakes away on the shelf knowing that you've learned from them and are a better person now. It's not our mistakes...not our worst moments that define us...it's how we handle them afterwards.I wish you growth and happiness."
"I have been in a relationship with my boyfriend for about six years now. In the past, our relationship was difficult and frustrating. We argued a lot, and due to that, there was a lot of tension between us. We stayed together because we love each other and wanted to make it work. I used to party a lot, and several times I got into situations where I would end up kissing someone else. These situations were never more than just kissing. I have come clean about these situations with my boyfriend, and he decided to forgive and move forward with me. I love him so much and want to work things out too, but I'm having a difficult time understanding how he can forgive me. I can't seem to forgive myself. I'm overwhelmed with feelings of guilt and unworthiness.","So wonderful to have a boyfriend who is able to understand and forgive you. What do you think that he sees in you that allows him to do that? Does he see someone who like other humans makes mistakes? Does he see someone who despite hurtful choices is a good person committed to being a loving respectful partner? The compassion and understanding that we can often extend to others can be difficult to extend to ourselves. We often hold very unrealistic and perfectionist expectations for ourselves which may even lead to our poor choices in the first place - as a ways of letting off steam or rebelling against our high standards. Regardless of the reasons, we all make mistakes and imperfection does not make someone less loveable - it just makes them human. If your boyfriend is able to start clean with you, there must be a reason. What you do from here on out will define the kind of partner you are to him. Can you treat him with the kind of respect that you would want? Can you help him to feel loved and safe in the relationship? Can you allow yourself to be imperfect and afraid and still worthy of love and acceptance. When you are feeling ashamed of your behaviours - try to imagine extending that scared part of you the same love and acceptance that you might extend to other people who have made mistakes. It is not easy to forgive ourselves but it is important in order to allow ourselves to be loved and to truly love others."
"When I'm not cutting, I'm drinking. When I try healthy outlets such as exercise, I end up running myself down into an asthma attack. From weapons, to words, I can't help but self harm. What am I supposed to do, how do I stop this cycle? I don't know how else to cope or motivate myself without pain.","It sounds like you are feeling helpless and out of control, you are concerned about your behavior, and at the same time you feel compelled to continue it. In working with a therapist, you may be able to get insight into what is motivating these behaviors, develop strategies for taking care of yourself, and get a stronger sense of who you are motivated to be when you are your authentic self."
"I'm in my late 20s, and I've never had a boyfriend or even been on a date. I have no friends. I hate Facebook because everyone else has kids and a great husband and great paying jobs. I work in retail, and I can't find a job. I have an Associate degree. No one is not giving me a chance, and I'm getting upset and frustrated. I feel worthless and feel like everyone hates me. I feel like a failure, and I still live with my Dad. It's very embarrassing!","In case knowing this helps you, there are many more people in similar circumstance as you than you may realize.Similar to you, they are not on FB for the reasons you list.  Plus, no one wants to go on FB and tell the world they don't have a fantastic life.  Everyone on FB is happy, even when they're miserable they're happy telling everyone about it.First, yes it is painful to see all around you what appears as joyful living.  Please keep in mind that the life you imagine these people have, is not necessarily the true life they are having.  I've been a therapist for a long time and have seen repeatedly how people who are married with kids by age 30, start having problems by their mid-thirties.Second, respect your unique identity.  For whatever reason, you have more sensitivity, possibly more depth, more complex standards and expectations, of yourself and others.As hard as it may sound or actually be, take time to hear your intuition and what it tells you, you need for your own growth and development.Feeling embarrassed can also be turned into a positive.  Consider it as motivation for the long term to develop new ways of reaching your goals.I hope this helps!"
"It's been almost a year since my ex-boyfriend broke up with me after he cheated on me many times. I had found out about a month before, but I hadn't told him I knew because I didn't want us to break up. I used to have very low self-esteem, and I think it might have to do with my dad being an alcoholic. My father cheated on my mother when I was little. I wonder if this pain has to do with that. My ex-boyfriend and I were only dating for five months, but I still can't get over this betrayal. I'm not sure what to feel to get over it: forgiveness? Hate? He helped me financially after our break up by lending me $3000, so I'm grateful for that. I still hate him for what he did and still want him to like me although we're not even talking anymore. We follow each other on Instagram and that's it. I feel like I still need his validation. This is haunting me day and night. I want to focus on my new relationship and goals, but I keep obsessing over this and keep checking my ex-boyfriend's Instagram and Facebook. I feel so bad and keep having nightmares.","The dilemmas you present are giving you a great chance to understand your true reasons for being in a relationship.Continue developing some points you've written here.That you grew up sensing and/or witnessing your mom's emotional pain from your dad cheating on her, very likely set a standard in your inner self, to expect similar circumstances in your relationship life.This is a natural dynamic which happens for all of us.  What we observe in our growing up households is what we understand as ""normal"", no matter how bad it actually is.After all, children don't have the ability to separate that what their own parents do, is wrong compared with the rest of our culture.It is natural to long for a relationship.What you have the chance to do now, is distinguish the reasons for your longing.Is it to attach to someone who has hurt you, hasn't shown you any understanding of having hurt you, and whose validation, even if he says validating words, has little meaning because people who validate are not the ones who harm us?If you're able to teach yourself that those who love us do not harm us, and to develop new expectations for yourself of feeling good from how your partner treats you, then you will be showing yourself a road that will benefit you for your entire lifetime."
"I'm in my early 20s. I’ve been married once, and he cheated on me. Ever since then, I've felt ugly no matter what. I'm engaged, and I still feel ugly. I don't like to take pictures of myself.","Sounds as though you're taking the blame for the bad actions of your former husband.He did an ugly action, and instead of feeling only your own emotions in response to being cheated on, you are holding his ugly behavior within you and feeling it.Does this sound like a possible explanation of why your feeling of ugliness started after the cheating incident?You may start feeling better by looking within your own heart for the full effects of having been hurt.  It is possible there is more suffering within you than you've realized until now.As you address all the emotional pain you've lived through, the feeling of ugliness may drop out all of its own. Because you'd be focused on you, not on any of the ugliness introduced into your life by your cheating ex husband."
"I'm scared that I am with this man so I won't be alone. He should be with somebody who deserves him if this is the case, and I don’t want to hurt him.","While not wanting to be alone may not be the best reason to be in a relationship, it is probably more common and normal a reason than you think.  Since you seem to care about your friend (""don't want to hurt him""), I imagine there are many other reasons that you are together.  I suggest that you talk about this open-heartedly with each other.  The idea of being afraid of being alone sounds like an honest starting place.  Don't try to ""figure out"" whether you should be with him.  Just talk.  The communication is likely to shine light on deepening connection for BOTH OF YOU.In the meantime, your idea that you don't deserve him is rooted in a ""core lie"" that you are telling yourself.  You can read about ""core lies"" and much more in my book, Living Yes, a Handbook for Being Human.  Check out www.LivingYes.org.Be easy on yourself.  You are deserving!~Mark"
"I like getting attention from men. I don't have sex. I lead them on to thinking I might want to. I like to tease, I like for men to chase me, and I like to feel wanted.","Hi Michigan, Good for you for recognising a destructive pattern. This behaviour, although it might get you the attention you want initially, will ultimately drive men away because it's not respectful of them. My gut says that you learned early on in life that your value is in your sexuality alone. That's a powerful thought. You are certainly acting as if this is true. If you believed in your value as a person, you would be less afraid of deeper relationships and intimacy in general. If I were your therapist, I'd have many questions for you and I would need to understand a lot of things about you and your past to help you sort out where this idea about yourself came from. I'd suggest reaching out to a qualified therapist who can help you get to the root of this behaviour. Good luck!"
"Everyone around me is much smarter and flaunts it. Everyone around me is skinny, and here I am trying to throw up so I'm not fat. Everything I do is wrong, and I can't seem to do anything right! No one else at school seems to feel the way I do! Is this normal teenage girls feelings? I don't think these feelings are normal.","There are some struggles that are less ""obvious"" than others, an eating disorder being one of them. From just your personal experience alone you might realize how easy it may seem to keep such a secret from those around you. In the same way, there are many people who struggle secretly with this problem and not many people know or even notice. So you are definitely not alone. Low self-esteem or lack of confidence in some areas are issues that EVERY teen, in fact EVERY person, has experienced at some point. These feelings are ""normal."" It sounds, though, as if these feelings of insecurity and inadequacy have begun to consume your every day thoughts and behaviors bringing you to where you are today - comparing yourself to others, purging, and feeling extreme guilt. Sometimes it's best if we seek outside help, instead of trying to tackle problems on our own. Breaking habits that come along with an eating disorder really requires the help of a doctor, nutritionist, and a therapist who can help change your perspective from the inside out! Hope this helps!"
"I was raped by multiple men, and now I can't stand the sight of myself. I wear lingerie to get my self excited enough to have sex with my wife.","Hello Utah, thank you for writing with your question. Sexual assault or sexual abuse is a very traumatic event that affects victims in many ways. Your difficulty in feeling sexually engaged and your description of the shame and self-loathing you feel are normal responses to the rapes you experienced. A good therapist can help you to process your traumas and understand that you did nothing wrong to cause the rapes; the shame is not yours. It takes a very patient and loving partner, but you can make progress towards a healthier sexual relationship with your wife. These are issues that I cannot address more fully here other than to recommend that you seek the assistance of a qualified professional."
"I was raped by multiple men, and now I can't stand the sight of myself. I wear lingerie to get my self excited enough to have sex with my wife.","I am very sorry to hear about your rapes.  Traumatic events, such as rape, can have some lasting effects.  Issues with sex drive are one of these effects.  Therapy can help to decrease the impact that traumatic events have upon our lives as we process through some of our experiences.   EMDR can be a particularly effective modality of treatment to address this issues.  I would also encourage you to have an honest conversation with your wife about this concern.  Sometimes it is helpful to have that conversation with a therapist so that the therapist can help educate  your wife in regards to effects of trauma.  This may help her understand that your feelings are more about the trauma and less about her as a person.  Best of luck to you!"
"I was raped by multiple men, and now I can't stand the sight of myself. I wear lingerie to get my self excited enough to have sex with my wife.","I'm sorry for your being taken advantage of and for all the negative feelings created by being exploited.If you have not already explained to your wife about what caused your great distress, then please consider doing this.  A conversation that happens in a safe relationship, will give her a chance of being supportive to you.  And, the discussion may relieve some of the bad feelings toward yourself which you currently feel.In its most positive light, you and your wife can build a new sex life based on the loving foundation you develop from talking with one another in this deeper way.It will certainly distinguish your love based sex life with your wife, from sex as a violation of your body by other people.There are also behavior therapists who would set a program of building tolerance for sex as part of your usual life.These programs usually work for a short while only, unless the person also clears out the deeper levels of fear and hurt from being victimized.Good luck in progressing to feeling that your sex drive is back!"
"I found messages between my boyfriend and this girl on social media. He was asking her for naked pictures and then hung out with her once, but nothing happened. I didn’t find out about the messages until last month and that was six months after it happened. I can’t trust him anymore and I'm just wondering if I ever will. He admitted that he wanted to have sex with her but he didn't. He was only talking with her because he thought we were going to have a break up. My heart is completely broken. I feel like I'm in competition with every girl on the planet for my boyfriend’s affection. I'm afraid that he doesn't like me anymore, but without me he's homeless and without a car. I love him so much. It's been tearing me apart. I don't feel pretty anymore though. I don't feel good enough for anyone or anything. I thought I knew him as well as I knew myself. Then all of a sudden my world was flipped upside down. I'm still trying to figure out which way is up.","I'm sorry for so much stress in your relationship life.In what ways does your boyfriend express his commitment and positive feelings about you, to you?From what you write, you feel more aggravation, stress, loneliness and insecurity, than satisfaction by being in this relationship.Does he care that you don't trust him?Very often people stay in relationships from fear of knowing who they really are.  The feeling is of needing a partner in a way that is similar to how a fearful child needs staying nearby a parent.My suggestion is to think over how much your sense of need for a partner, may be preventing you from actually seeing the amount of love and investment in your relationship, your boyfriend actually has.These realizations are sometimes painful and frightening to understand, especially if you grew up in a family that largely ignored or didn't adequately nurture you as a child.A therapist for your Self may be a good investment of time and cost in giving yourself a safe and trustworthy space to think deeply about your best interest."
I'm going through a majorly bad divorce and my wife is making things so impossible for me. I need help.,"Crying due to a dissolution of a marriage, is normal.  Hating yourself may be a sign of extreme sadness, feelings of loss and uncertainty.Do you know why you hate yourself? Discovering your reason is the first step in knowing the obstacles and then the additional steps possible, to move from ""hate"" to ""self-love"".Divorce signals a loss of familiar life structure and daily routines.   As with any meaningful loss, crying is part of mourning what is soon to be gone.If you have confidence in your attorney's handling of the legal areas related to the divorce, and the ""impossible"" you reference is on facing and coming to terms with statements and behaviors from your wife that you never noticed before, then your best choice is to find a therapist whom you feel at ease in talking with, to sort through the emotional upheaval within yourself and your everyday life and world.Divorce is a wonderful time for learning about ones own emotional needs and expectations in relationships since these are the areas currently coming apart.The good news behind losing something that seems valuable, is that new space becomes open to attract what is more suitable for who you are."
"About 5 months ago my ex left without fully explaining why. For me it seemed out of the blue. I don't miss her as much as I used to but I just don't trust people anymore, not even my friends who I have known since my childhood not even my family. I'm so terrified of being judged or dismissed. Instead of acting like someone else or putting on a mask of a personality, I've just shut down. I haven't felt that sense of comfort and happiness with myself since everything fell apart. I'm scared to because I don't want it to be taken away from me again. I feel like ever lesson I learn only last a day. I just don't know what to do. I'm working at a place I know I should enjoy. I'm keeping up with my creative passions: working out, eating healthy, etc. I'm doing everything the books say I should do, but I don't feel any different. I just don't know what to do.","since you realize your sense of trust was broken, withdrawing from close relationships, makes sense.This may be your Self giving you natural time to recuperate from emotional pain.Also it is your chance to think over how to handle yourself differently in future relationships.Maybe this process requires more time than you'd like.Having patience is very difficult when a person feels hurt.A therapist of your own may be a good idea so you have someone for guidance and to chart your progress w you.This may feel less lonely and help you tolerate the waiting period till you're better"
"About 5 months ago my ex left without fully explaining why. For me it seemed out of the blue. I don't miss her as much as I used to but I just don't trust people anymore, not even my friends who I have known since my childhood not even my family. I'm so terrified of being judged or dismissed. Instead of acting like someone else or putting on a mask of a personality, I've just shut down. I haven't felt that sense of comfort and happiness with myself since everything fell apart. I'm scared to because I don't want it to be taken away from me again. I feel like ever lesson I learn only last a day. I just don't know what to do. I'm working at a place I know I should enjoy. I'm keeping up with my creative passions: working out, eating healthy, etc. I'm doing everything the books say I should do, but I don't feel any different. I just don't know what to do.","Sounds like you need closure. I'm sure your doing your best to overcome this feeling but seem to be struggling with your own happiness. Trust God no one else. Give this some time and don't close yourself off to the world or the people who love you. Be open hearted and minded. And know that no matter what reason your ex walked out of your life, she missed out on how great of a person you truly are and may have had personal issues of her own."
I feel like I have to be promiscuous in order to keep people around? It started after I got raped by my ex-boyfriend.,"I recommend that you seek professional services to address the trauma you experienced. EMDR has been proven to be very effective in treating trauma. In addition, a support group might be helpful to find a more stable support network. Either a support group for victims of rape or sex/love addiction www.sa.org sound appropriate. Whichever group resonates the most with you will be the most helpful. If you have any additional questions or concerns, please feel free to ask."
"I keep hearing I am attractive from people around me, and I think I believe it. But I have low confidence regarding approaching girls I like.","I recommend that you focus on the negative thoughts or irrational beliefs that are going through your mind at the time in which you are trying to approach a girl. When you are aware of the negative thoughts or irrational beliefs, you can then work on changing them. An easy way to recognize an irrational belief is a thought that contains the words ""must or never."" Once you recognize the thought or belief, I would like you to picture a big red stop sign. This is called thought stopping. This is a technique to use to stop unwanted or unhealthy thoughts. Then, I would like you to think of a more positive thought to replace it with such as: Negative thought: ""That girl will never go out with me"" STOP Positive thought: ""I won't know if she will go out with me unless I ask"". What this does is increase your self confidence by replacing your negative thoughts with positive ones that will ultimately boost your self esteem."
"A few nights ago I talked to this girl I know about my self esteem issues for the first time. We talked for hours and she told me time and again that I was a great guy. She told me I was attractive, and have a great personality, etc. I really started to feel better about myself by the time I woke up the next morning. Now, though, I can't stop thinking about her, but I leave to go back to college in a few days and I go to school 4 hours away from her. So now I feel constantly depressed because even if I told her how I felt it wouldn't matter. I feel helpless and I don't know what to do.","Hey!  It takes a lot of courage to share your feelings with someone!  And it sounds like you have been lucky to meet someone who makes you feel safe enough to explore some of your more painful feelings.  A big part of the process, however, of strengthening your self-concept is learning how to tell yourself those positive messages that you heard from your friend!  Leaving for college may also be contributing to your feelings of unsteadiness.  Try this - Make a list of all of the positive things that you know are true about yourself.  Ask your friends and family to contribute to the list.  Then carry it with you in your wallet - and when you need a self-esteem boost, take a look at it!  You are in a season of life that presents lots of challenges and opportunities.  Reach out to your long-distance friend when you need support - and take a walk over to the campus counseling center and check out what they might have to offer.  Be Wise!"
"When my daughter is stressed about a silly thing from school, she starts crying and freaking out. She is a bright student, always has a 4.0, but I am afraid she is stressing too much. I’m afraid it’s going to break her. I don't know if I should get her to a doctor or someone because this is not normal.","Watching children go through challenges in their lives is difficult. On a very basic level, There exists a primal need to protect them from harm. The hard part for parents is letting them feel those challenges and working through them as they get older. At some point, there is a moment that occurs when the role as a parent shifts. Children no longer need the basics (food, shelter. water, safety) as much as when they were toddlers, but rather, their needs shift to wanting more support, encouragement, advice, and room to make mistakes. This is where the ability to communicate with them, letting them direct the sails to gather the wind needed to move, is so important. Keep the lines of communication open and be available to give feedback when they ask for it."
"When my daughter is stressed about a silly thing from school, she starts crying and freaking out. She is a bright student, always has a 4.0, but I am afraid she is stressing too much. I’m afraid it’s going to break her. I don't know if I should get her to a doctor or someone because this is not normal.","Oh dear - this is becoming all too common.  I suggest you have some conversations with your girl to figure out where she is getting the ""information"" that she builds anxiety around.  I see teens  who have heard teachers, parents, coaches, etc push the ""highly selective colleges"" idea on kids way too much.  Teens in particular are prone to black and white thinking, leading them to see one poor test performance, one off day, one not-great assignment as the make-or-break task on the path to successful adulthood.  If that's the case with your daughter, she needs you to help modulate both the incoming information (there are nearly 5000 colleges in the US - she will get into one of them!) as well as her reaction to that information.As well, you and any other adults that are involved in parenting her need to discern fact from fiction.  The recent scandal around celebrities ""buying"" their kids into college is an indicator of how far off track we, as a culture, have gotten in terms of education.  A college education is certainly important, but we have allowed the marketing push to create so much stress and upset for our kids (and ourselves as parents) that they are actually less prepared to leave home and really engage in higher education than ever.You may want to include a therapist in these conversations if you get stuck, but start with a parent-child conversation.  Help her figure out what is going on - if it is the ""I have to get it right or I will have no future"", calmly walk her through all the evidence that says that's just not true.  As well, let her know that being anxious now is NOT preparing her for a bright adulthood - it's preparing her for an anxious future.  She needs help figuring out how to balance her effort to attend to real and reasonable expectations, not over-inflated fear-based actions."
"When my daughter is stressed about a silly thing from school, she starts crying and freaking out. She is a bright student, always has a 4.0, but I am afraid she is stressing too much. I’m afraid it’s going to break her. I don't know if I should get her to a doctor or someone because this is not normal.","Sometimes stress helps us become motivated and thrive to do better however, if your daughter is stressing to the point that she is crying and freaking out then that would be concerning. Helping your daughter with relaxation techniques like deep breathing or guided imagery would be a good start. Also, reminding your daughter that you see her doing so well in school and that most importantly you are there for her. I would also make an appointment to see a mental health therapist they can have more ideas on ways to de-stress."
"When my daughter is stressed about a silly thing from school, she starts crying and freaking out. She is a bright student, always has a 4.0, but I am afraid she is stressing too much. I’m afraid it’s going to break her. I don't know if I should get her to a doctor or someone because this is not normal.","The most important action you can take here is validating her feelings and staying calm when she is crying and ""freaking out"".  It's equally important to do some self exploration regarding your own thoughts, feelings, and behaviors towards making mistakes and how you respond to your mistakes.   When she is calm, ask her what a mistake means to her.  Giving her examples of different kinds of mistakes and listening to her responses will give you an idea of how extreme her thoughts are.  Taking this opportunity to share with her your own struggles with perfectionism or some other area would help her feel more at ease.  Reminding her that she is enough just as she is would be helpful as well.  Encouraging her self care routine will help develop a greater sense of balance regarding her priorities.  The practice of mindfulness will be helpful in self awareness.  Creating a plan on what to do when the early signs of ""freaking out"" surface will strengthen her coping skills.    Your fears as a parent are completely understandable and this definitely needs to be addressed.  Your daughter cannot bring about change on her own and will need the family to work towards this change as well.  A therapist that specializes in anxiety/perfectionism would be a great resource.  They may also help you all have a greater understanding of what the root of this need for perfection is and how it plays a role in the family.  I suggest one or two sessions without your daughter would be helpful to develop a course of action.    I hope this was helpful.   It takes a lot of courage to seek help and guidance, I'm glad you posted."
"When my daughter is stressed about a silly thing from school, she starts crying and freaking out. She is a bright student, always has a 4.0, but I am afraid she is stressing too much. I’m afraid it’s going to break her. I don't know if I should get her to a doctor or someone because this is not normal.","I hear your concern that your daughter might break under the pressure and stress that she is dealing with.  It is a good thing that your high achieving daughter is calling out for help and that you are listening.  The education system is wrought with social and emotional problems, and there is a disproportionate emphasis on test taking, scores and achievement in school.   It sounds like your daughter would benefit from some social and emotional education and learning to understand how her feelings are impacting her thoughts and behaviors.  I'd like to also assure you that crying and freaking out is a normal part of growing up.  Depending on your daughter's age, it is likely that she is going through a growth spurt and she may be feeling her feelings in a unique way to her too.  If this is the first time you are having a concern about anxiety then rest at ease and see if you can ride the emotions with her and be a stable sounding board for her.   Use empathy and compassion and allow her a safe place to process through her concerns.  Try not to solve it for her, but allow her a space to fumble through and find her own answers to the problems she is faced with.  Give her confidence that she can figure it out, and be patient as you sit with her.  Our presence is key to our children's well being.   Make eye contact with her, allow her to squirm and get frustrated and work through it while you witness her process.  As parents, when we can model calm in the storm of life our children learn that all of their feelings are ok too.  When our children see and feel our fear, it can create more insecurity and low self evaluation of their own efficacy to manage the stress.  When we can be calm and reassuring, then we can boost their confidence in their own ability to problem solve what they are going through.  Let's face it we all have irrational thinking from time to time, and usually it is when we are under stress.  If your daughter continues to show concerning anxiety, check with her school and see if she can benefit from an opportunity with the social emotional learning curriculum.  In Texas at least, schools are required to have resources for children like your daughter who are experiencing anxiety and other mental health concerns.  Her teacher is with her all day and you may request to have a conference with her to see if she can help her in any way as well.  If resources in your school are limited then I would seek an outside therapist who specializes in working with children your daughter's age.  Call around and see if she can benefit from a therapeutic relationship outside of school and home.  Once you have plenty of feedback from her teacher and a therapist or counselor then you will be able to determine if seeking medical care is necessary with their support and guidance.  Thank you for your courage to reach out for help on behalf of your daughter.  You are her greatest advocate.  I hope that you find support to help you navigate this time in her life and that you both grow and learn from this experience."
"When my daughter is stressed about a silly thing from school, she starts crying and freaking out. She is a bright student, always has a 4.0, but I am afraid she is stressing too much. I’m afraid it’s going to break her. I don't know if I should get her to a doctor or someone because this is not normal.","Aye, you're correct, that isn't normal, and maybe you should get her to a doctor!Before you do that, and if she were my daughter, I would provide her the necessary physical support that can be given readily at home; that is:  proper natural diet, rest, and a good sense of detoxification before she readies herself to approach it.Basic listening is warranted here and would be of great use."
"When my daughter is stressed about a silly thing from school, she starts crying and freaking out. She is a bright student, always has a 4.0, but I am afraid she is stressing too much. I’m afraid it’s going to break her. I don't know if I should get her to a doctor or someone because this is not normal.","Your daughter is suffering from extremes of perfectionism. She needs to know that God accepts her as she is. I can provide her with a knowledge of her God-given, inborn temperament to help her find her God-esteem."
"When my daughter is stressed about a silly thing from school, she starts crying and freaking out. She is a bright student, always has a 4.0, but I am afraid she is stressing too much. I’m afraid it’s going to break her. I don't know if I should get her to a doctor or someone because this is not normal.","As parents, it's hard not to have ""freak out"" moments when our children are being bullied, stressed, or exhibit other symptoms of teenage angst. We walk a delicate balance of letting go and giving autonomy to our teens get older. Adolescents are learning how to be functional adults and it's important to allow them to try (and sometimes fail) in managing their emotions. Grades are a pretty good indicator of how a student is doing, overall. If your daughter has a 4.0 and there's no pattern of ""crying and freaking out"" I'd offer gentle support and encourage her to find ways to relax when she's stressed. If her grades start to decline and her crying spells become more frequent, a call to a counselor who specializes in teens might be in order. Good luck!"
"When my daughter is stressed about a silly thing from school, she starts crying and freaking out. She is a bright student, always has a 4.0, but I am afraid she is stressing too much. I’m afraid it’s going to break her. I don't know if I should get her to a doctor or someone because this is not normal.","I am sorry to hear about your daughter. Many of the youth I see in my practice are going through similar behaviors and concerns. If she feels like she can talk to you about this I think that is a great place to begin. There are many life stressors that youth have to manage and seeing others on social media seems to exacerbate these feelings and can feel like even more pressure to strive for perfection. You may be able to offer her support by listening to and validating her concerns, reviewing all that she has accomplished and praising her for doing her best and not push that she needs to be ""the best.""If she feels she would like to speak to someone it may be good to find a therapist where she can vent her feelings and find a way to increase her coping skills. She may benefit from additional support outside the home where she can cry, learn to manage her worries and gain skills to triage the expectations of each day. She may benefit from skills that would help her to learn that she is enough already!"
"When my daughter is stressed about a silly thing from school, she starts crying and freaking out. She is a bright student, always has a 4.0, but I am afraid she is stressing too much. I’m afraid it’s going to break her. I don't know if I should get her to a doctor or someone because this is not normal.","Hi there Mom! Just look at all of the things that a teen has to juggle and it's no surprise they're stress out. There are simply not enough minutes in the day to get everything done.  So, they react by cutting into important times such as social interaction and sleep.  Our fast paced, fast food, society is taking its toll on our teen generation. While multi-tasking seems to be a hot pop word, it simply doesn't work.  We aren't wired to do our best at multiple things at once.  We are not machines but rather humans who are going to quickly expire if we don't get a handle on our stress.As adults, it's time we intervene and teach our teens how to maintain a healthy balance between work and play.  We need to help them prioritize and put first things, first.  Are you putting first things, first in your life?  If not, it's a good time to start. Best of luck to you and your daughter in whatever you decide to do."
"When my daughter is stressed about a silly thing from school, she starts crying and freaking out. She is a bright student, always has a 4.0, but I am afraid she is stressing too much. I’m afraid it’s going to break her. I don't know if I should get her to a doctor or someone because this is not normal.","I understand that as a mom it must be really hard to see your daughter stressing about things at school. Based on your description it sounds as though she has very high expectations of herself and is pushing herself to keep up. I hear your concern and recommend that to start, you provide her a space where she can express herself openly to you without judgement. Although it may seem as though this is ""not normal"", unfortunately it is. From standardized testing, to awards, to scholarships, the pressure is on to perform at high levels for kids today. Secondly, I would recommend that you connect her with therapist that can teach her coping and stress management skills that can help alleviate some of her anxiety. A therapist can also help her identify any faulty beliefs she may have in regards to perfectionism or fear of failure. You're doing a great job keeping an eye out for your daughter and being in tune with her emotional wellness!"
"When my daughter is stressed about a silly thing from school, she starts crying and freaking out. She is a bright student, always has a 4.0, but I am afraid she is stressing too much. I’m afraid it’s going to break her. I don't know if I should get her to a doctor or someone because this is not normal.",I hear that you are concerned about your daughter's reaction and her emotional well being. Her behaviors are worry some as you feel she seems to be approaching her breaking point. I would suggest speaking to your daughter about the situation at school and her feelings. Listening and acknowledging your daughter's feelings without judgement or giving solutions is a very effective communication skill. Ask your daughter how she feels about speaking to a therapist or her doctor. Someone that she knows and feels comfortable talking to about her feelings and learning healthy coping skills to address stressful situations.
"When my daughter is stressed about a silly thing from school, she starts crying and freaking out. She is a bright student, always has a 4.0, but I am afraid she is stressing too much. I’m afraid it’s going to break her. I don't know if I should get her to a doctor or someone because this is not normal.","It sounds to me like your daughter is anxious to be perfect and has a low tolerance for failure.  As her mother one of the most important messages you can share with her is that she need not be perfect, nor is it necessary.  As a matter of fact, failure and making mistakes are only opportunity to learn and grow.  Give her permission and more importantly she needs to give herself permission to be a perfectly flawed human.  It may be a good idea to see a therapist to help her learn how to reframe some of her negative beliefs so she can form healthier thinking habits. Warm wishes."
"When my daughter is stressed about a silly thing from school, she starts crying and freaking out. She is a bright student, always has a 4.0, but I am afraid she is stressing too much. I’m afraid it’s going to break her. I don't know if I should get her to a doctor or someone because this is not normal.","children and adolescents who have a desire to achieve high grade point averages often have the symptoms you are describing. It sounds like, your gut is telling you to help her find ways to de-stress. Listen to your gut-always; as her mom, you know her needs better than anyone else. She would probably benefit from seeing a therapist to help her deal with the stress of being a high achiever. I provided the following suggestion to another parent with a similar concern: First identify the three most stressful aspects of the day. Do this by creating a circle on a regular size paper. (do this three times); ask your daughter how much of that circle can she confidently say she has under control. shade that in. The remaining parts of the circle are then named by intensity. (for example, in the circle labeled school anxiety, the client identified that she felt she could handle school anxiety 1 out of 4 days. The circle was split into 1/4. 1/4 of the circle was shaded . the remaining parts were labeled with the challenges that caused the client school anxiety.(these were 1. walking to class during passing time. 2. not having the assignments completed or at all. 3. feeling fat. after labeling each part; and making note of the percentage of the stress associated with each concern, free form thinking takes place and a pile of unwanted behaviors and genetic responses are portrayed  around the circle in bright colors. Using note cards, create a tree of concern; the concerns can be written on note cards. a concern = the behavior that leads to more trouble.  For example, ""all i could do was think about that extra slice of pizza, I was unable to concentrate on the teacher's explanation of the assignment"" (the concern you would write on the note card is Inability to concentrate. Now, fill up the back of the notecard with all of the different factors causing this pattern. nack. ("
"When my daughter is stressed about a silly thing from school, she starts crying and freaking out. She is a bright student, always has a 4.0, but I am afraid she is stressing too much. I’m afraid it’s going to break her. I don't know if I should get her to a doctor or someone because this is not normal.","Dear Concern Mom, Sadly, kids nowadays stress a lot about school and compete with one and another.  Determine Career-minded students, tend to be very hard on themselves and can eventually become very anxious about things.  Whereas, it is a good thing to be driven it can break you down too.  Therefore, I recommend that you find your young daughter someone that can help her find ways to cope with her strong desire to doing well in school. Getting ahead of it now before she gets worst is the best thing you could do for her.  Best of luck to you and your daughter.  Sincerely, Mirella~Image and Likeness Counseling"
"When my daughter is stressed about a silly thing from school, she starts crying and freaking out. She is a bright student, always has a 4.0, but I am afraid she is stressing too much. I’m afraid it’s going to break her. I don't know if I should get her to a doctor or someone because this is not normal.","Thank you for being an observant parent and taking the very important step toward getting help for you as well as your daughter. The period of adolescence and emerging adulthood are tumultuous times for youth ( and their parents). The pressure to fit-in, be liked, and succeed could be some of the contributing factors for your daughter's stress. I  have had many adolescent clients who do very well academically, but keep it well hidden from their peers so that they can fit in. She is still learning about herself, her abilities and how to like herself none of which are easy tasks even for adults. The academic success that you refer to only tells part of the story. As I read your statement, I got a sense of what your daughter does and that you are proud of her academic accomplishments. However, I would also want to ask her who she is as a person and encourage her to explore that with assistance from a therapist.By working with a therapist your daughter will have the opportunity to discuss her stress, fears, and focus on achievement with an objective person. As she gains a better understanding of the source of her stress and learns some stress management, she can also learn to communicate her concerns to you. I do recommend starting with a therapist rather than the doctor. If the therapist believes that your daughter's symptoms would benefit from a health exam and/or medication they will make that recommendation."
"When my daughter is stressed about a silly thing from school, she starts crying and freaking out. She is a bright student, always has a 4.0, but I am afraid she is stressing too much. I’m afraid it’s going to break her. I don't know if I should get her to a doctor or someone because this is not normal.","Hello! First of all, thank you for paying attention to your daughter and noticing that she is concerned! It sounds like you have been a positive influence on her for her to be so focused on achievement and for her to care so deeply about her performance! Based on what you've said here, I understand that you are concerned that she is overly stressed, though. I share your concern. People of all ages have meltdowns when they become overwhelmed with stress, and the negative consequences of those meltdowns can definitely have a ripple-effect into other areas of our lives.For your daughter, the thing I would want to know FIRST is this: does she feel she has adequate healthy coping skills to manage the stress she is experiencing? Because, it doesn't really matter WHAT she is stressing on...what matters is how she deals with her stress when it threatens to overwhelm her. I'd like to know what, exactly, that she does when she is feeling stressed that helps her to feel better. If she has only unhealthy coping skills (for example, sleeping, shutting-down, raging, self-attack with critical self-talk, etc.), or only one or two healthy skills, we would want to teach her some additional healthy strategies to help her KNOW that she can cope. Just one risk of not addressing this issue now could be that she may come to ""learn"" that stress is 'unbearable' which may cause her to turn to destructive or escapist strategies to avoid the discomfort, the pain of feeling hopeless, and/or the negative belief that she ""cannot help herself.""  I definitely think it would be worth both your whiles to have her evaluated by her family doctor and/or a professional counselor. With a counselor specifically, she could learn the needed skills as well as be evaluated for other issues that may be contributing to the issue (for example, a learned belief that she ""must be perfect or she is not worthy."") Plus, having a neutral support person to help her meet her personal goals is always a good thing. Good luck, mom and daughter!Learn more about me and my practice at www.EMDRheals.com"
"When my daughter is stressed about a silly thing from school, she starts crying and freaking out. She is a bright student, always has a 4.0, but I am afraid she is stressing too much. I’m afraid it’s going to break her. I don't know if I should get her to a doctor or someone because this is not normal.","As a therapist and mother of four children (3 of whom are teenagers)...I hear your pain.  Raising children in our society is no joke.  Kids are under a tremendous amount of pressure from parents, peers, teachers, coaches and the list goes on and on.  Fear and anxiety can suffocate students particularly as they approach their high school years where they are bombarded with questions about their future and expected to select professions before they have even gone to college!!  I highly encourage the teens I work with to strive for balance in their lives- and we can model this for our children by how we choose to live!  Encourage your child to spend time with friends, join you for a yoga class, read a book, pick up a hobby or go out to exercise.  If your daughter continues to feel overwhelmed by stress, it would be a good idea to select a therapist for her to go speak with.  As much as we love our children, there are times where kids need to consult with a neutral 3rd party.  It can be a wonderful thing for kids to have a therapist whom they can confide in."
"When my daughter is stressed about a silly thing from school, she starts crying and freaking out. She is a bright student, always has a 4.0, but I am afraid she is stressing too much. I’m afraid it’s going to break her. I don't know if I should get her to a doctor or someone because this is not normal.",As a  Parent it can be very hard to see your child struggling. It sounds like they’re experiencing anxiety from their stress. It’s always a good idea to check in with your family doctor. Many children are experiencing anxiety and can benefit from individual counseling services to help them cope with their stress. School pressures and academic achievements  can you create physical stress responses in the body. Seeing a counselor can also help you as the mom or dad have available tools to provide Continued support. It sounds like you are a great support for them and helping them connect to their resources.
"When my daughter is stressed about a silly thing from school, she starts crying and freaking out. She is a bright student, always has a 4.0, but I am afraid she is stressing too much. I’m afraid it’s going to break her. I don't know if I should get her to a doctor or someone because this is not normal.","It sounds as though your daughter is struggling to manage her anxiety and she is having really big reactions to what you view as small problems or issues. What have you tried with her in the past? As exhausting as it might be, a good first step is to empathize and validate her feelings."
"When my daughter is stressed about a silly thing from school, she starts crying and freaking out. She is a bright student, always has a 4.0, but I am afraid she is stressing too much. I’m afraid it’s going to break her. I don't know if I should get her to a doctor or someone because this is not normal.","It may be helpful to register for a class you can take together. I would recommend mindful meditation or yoga, just the two of you. Something you find time for in a weekly basis. Yoga is amazing in learning mindfulness and reducing stress. I use yoga and mindful techniques when working with children and recommend it to parents to engage with their children. Hope this helps."
"When my daughter is stressed about a silly thing from school, she starts crying and freaking out. She is a bright student, always has a 4.0, but I am afraid she is stressing too much. I’m afraid it’s going to break her. I don't know if I should get her to a doctor or someone because this is not normal.","Its hard to answer this question based on the information presented but I shall give it a go, Is it possible that your daughter is afraid of failing, I've seen many children and kids who get stressed out over grades or performance in sports, can you tell me ""what was your grade in fourth grade English? Or what was the score of the 7th game you played in football when you were a junior? Much of what happens to us is insignificant and we worry over things which really , in the long term don't matter much to us. But ask yourself this question, Is your daughters reaction to what is going grossly out of proportion with what would normally be expected, if the answer is yes, a visit to a psychotherapist might not be a bad idea to learn some coping skills and to alter our reaction to life."
"When my daughter is stressed about a silly thing from school, she starts crying and freaking out. She is a bright student, always has a 4.0, but I am afraid she is stressing too much. I’m afraid it’s going to break her. I don't know if I should get her to a doctor or someone because this is not normal.","I agree with your observation about your daughter feeling stressed.  Are you able to open this topic in conversation with her?Also, reflect on your own expectations as a parent.  It is possible that your daughter is trying to please you by getting consistently high grades.If your daughter prefers talking in confidence to a therapist, then this may help her regain a sense of balance in her life so that schoolwork feels less stressful.I wouldn't take her to a doctor because based on what you write, the problem is psychological and emotionally based.  While the stress may have physical symptoms, addressing the root cause of the problem has nothing to do directly with something being physically wrong with your daughter.Unless there is some other medical or physical problem that would explain your daughter's sense of stress,  I'd start first by bringing your areas of concern to your daughter, then possibly to a therapist."
"I have four children. One of them is in her 20s, and she cannot afford to go, nor can I pay for her. She went last year for two weeks by herself.","I imagine you are trying to figure out a way to be ""fair"" to your adult kids.  The key word is ""adult"".  If your daughter can afford to join the family for a vacation that's great, she's welcome to come.  However, as you pointed out she took a vacation by herself last year - she chose to put her resources (time off work and money) into doing that.  Good for her - she did what she wanted.  If she wants to budget time and money for a family vacation she will.As for feeling guilty, let me echo the sentiments already offered - vacations are lovely, but not a survival need.  Your girl is in her 20s and it's her turn to provide for herself.  You did your parenting - now go enjoy your vacation with whoever can, and wants to, join you!"
"I have four children. One of them is in her 20s, and she cannot afford to go, nor can I pay for her. She went last year for two weeks by herself.","Of what do you feel you'd be guilty?Family vacations are not a basic human right to existence.  They are fun, ideally.  You're not violating a basic human right.  You wrote that you don't have enough money to pay for her to come along.You may find yourself feeling more guilty toward yourself if you give more than you reasonably can afford to give.My suggestion is to tell your daughter your reason for not taking her along. Maybe this will open more dialogue between the two of you."
"I'm being verbally abused on a daily basis by my parents in front of my child. I feel like I’m trapped and I have no escape. I feel like I have to listen to the horrible things they say and just take all of it.
   I need some way of learning how to cope with listening to it especially since I have nowhere else to go. I feel very emotionally drained How can I deal with this?","All you can do/control is work on yourself. When you have enough sense of self, you will know how to deal with your family. Therapy is an investment in yourself, which affects your family."
"I'm being verbally abused on a daily basis by my parents in front of my child. I feel like I’m trapped and I have no escape. I feel like I have to listen to the horrible things they say and just take all of it.
   I need some way of learning how to cope with listening to it especially since I have nowhere else to go. I feel very emotionally drained How can I deal with this?","Hello, I am sorry to hear about you feeling verbally abused, trapped without an escape, and emotionally drained. Sounds to me like you are being treated more like a child than an adult.  It's time to learn about healthy boundaries and being treated like an adult. This process will take time, but beyond elevating your self-esteem and worth, you will be modeling to your children a healthy adult. Model to them an empowered, confident, and person that is worthy of respect. Please invest in yourself. Find yourself a therapist that encourages and empowers you to have a voice and not feel invisible. You'll be so glad you did!"
"I'm being verbally abused on a daily basis by my parents in front of my child. I feel like I’m trapped and I have no escape. I feel like I have to listen to the horrible things they say and just take all of it.
   I need some way of learning how to cope with listening to it especially since I have nowhere else to go. I feel very emotionally drained How can I deal with this?","I am so sorry this is happening to you.  One thought I have is for you to create a mantra or a soothing statement to say over and over to yourself as you are being bombarded with this negativity and abuse.  For example you could say ""Living here is temporarily, one day I will have my own place"".  Or you could say something like ""I am a good person, I am a good parent, and I always try to do the best I can"".  Saying this over and over to yourself as you are listening to your parents will help you to tune out some of their words but it will also start to build more positive neural connections and start to wire your brain to build and/or strengthen your self esteem.  Focus on the temporary nature of your situation, start making plans for leaving the situation.  If you are under 18 and can't leave because you are in school, now is a good time to start planning for when you can leave.  That when when the opportunity is available you know how you will get a job, how you will find an apartment, who will provide daycare.   This will make the transition out of your parents home much easier and it will give you something to look forward to while you are in their home.  Take care!"
"I'm being verbally abused on a daily basis by my parents in front of my child. I feel like I’m trapped and I have no escape. I feel like I have to listen to the horrible things they say and just take all of it.
   I need some way of learning how to cope with listening to it especially since I have nowhere else to go. I feel very emotionally drained How can I deal with this?","Your situation is a difficult one, but I would encourage you to start considering how to set boundaries for yourself and your family members. Often, times we believe we have to allow a certain behavior because a person is family. This is not true. It sounds like you could use some help understanding finding your voice and asserting yourself with your family members."
"I'm being verbally abused on a daily basis by my parents in front of my child. I feel like I’m trapped and I have no escape. I feel like I have to listen to the horrible things they say and just take all of it.
   I need some way of learning how to cope with listening to it especially since I have nowhere else to go. I feel very emotionally drained How can I deal with this?","I am so sorry you are experiencing this situation.  Considering that you mentioned not having a place to go, it may be best to address the problem as oppose to “just take all of it”. Confrontation can be done in a healthy and effective way.  Being able to communicate your feelings with the intent of improving the problem can be a great skill needed in multiple settings in life.  The therapy process can help build this skill set and goal plan to remove yourself from the home.  Good luck."
"I'm being verbally abused on a daily basis by my parents in front of my child. I feel like I’m trapped and I have no escape. I feel like I have to listen to the horrible things they say and just take all of it.
   I need some way of learning how to cope with listening to it especially since I have nowhere else to go. I feel very emotionally drained How can I deal with this?","The first step is realizing your value and establishing firm boundaries. When your parents cross that boundary and are verbally abusive, you have to have a plan to stand your ground and act upon it. That plan may include a better job to afford a place of your own, a domestic violence shelter if you are unable to provide for your needs, a firm talk with your parents about your parental authority, or other. Whatever you do has to be firm or consistent, a boundary that you allow someone to cross is no boundary. There is always a way, if you have no where to go, ask yourself why is that the case(which I am sure you have considered already) and what can I do about it. If you choose not to take any action then you are enabling your parents to remain abusive. Ask yourself too, why am I not acting on my situation. Am I too dependent on them? Do I not want to change? Is it easier just to let them provide for me? Be honest with yourself. You need to work on your self esteem, and things that empower you. Support groups in person or online, Church groups or organizations, friends, books, music, etc.... but think on things that will empower you. Are you stuck financially because of the need for a job? Do you need to go back to school? Do you need training in a new field? There are a myriad of possibilities and answers. Action, think action and Change, what can I change?"
"I'm being verbally abused on a daily basis by my parents in front of my child. I feel like I’m trapped and I have no escape. I feel like I have to listen to the horrible things they say and just take all of it.
   I need some way of learning how to cope with listening to it especially since I have nowhere else to go. I feel very emotionally drained How can I deal with this?","I can't imagine what you are feeling but I can tell you that you are right to be concerned about your children baring witness to this abuse.  This is a great teachable moment for your kids.  How you handle yourself will be very important for your children to see.  Your ""REACTION"" is what you should focus on.  Will you react with rage and name calling? Will you listen to your parents with respect and talk to them in private about how they are speaking to you in front of your kids?  Will you talk your kids about what is going? From reading this I am assuming you live with your parents.  If this is the case you have to think about what you can do to change your situation.  Have a plan! Set a goal!  Don't lose hope!"
"I'm being verbally abused on a daily basis by my parents in front of my child. I feel like I’m trapped and I have no escape. I feel like I have to listen to the horrible things they say and just take all of it.
   I need some way of learning how to cope with listening to it especially since I have nowhere else to go. I feel very emotionally drained How can I deal with this?","I think one of the best things to pass on to our children, or simply one of the best lessons in life, is to learn when to internalize (it's an issue in me) and when to externalize (it's an issue in them), as well as always finding the balance of the two.In this case, you don't seem to be the issue. Sure, living with your parents with your child probably is not your dream scenario, nor your parents'. But, there are ways to process that without someone feeling abused, and your parents clearly have zero ability or boundaries if they are willing to verbally abuse you in front of your child, and their grandchild. If there is a reason they are doing so, I'm sure they think they have a good one. However, the dynamic that they are willingly setting up is problematic. And it is THEIR problem. However, by being strong and not taking in someone's verbal abuse, you are going to role model for your child how it's about what is inside of you, your own drive, that will be what is important, NOT what others say about you. It's important to always come back to yourself inside, and seeing the good that is in you (or even just noticing that it's there, if you can't quite see it in its entirety.)I would also advise your parents to think about their own role modeling."
"I'm being verbally abused on a daily basis by my parents in front of my child. I feel like I’m trapped and I have no escape. I feel like I have to listen to the horrible things they say and just take all of it.
   I need some way of learning how to cope with listening to it especially since I have nowhere else to go. I feel very emotionally drained How can I deal with this?","When their verbal abuse starts, tell them you are exiting the conversation because the way they're talking to you is unacceptable.Explain you are willing to hear their point of view only not when it is expressed as abuse.They may not agree with your opinion and also may not want to change.Even if they do not change, you are entitled to be treated as a human being who is worthy of respect.Explain your reason to exit the conversation and ask them to write down their requests for you to consider."
"When they come home from their dad's and I fuss at them for anything, they move like they are dodging being hit. They say they’re sorry over and over really fast. I ask and they say no one has hit them, and I've seen no marks. Am I being paranoid or am I right to be?","This sounds frightening and overwhelming, and I’m glad you are reaching out for help. I can’t say for sure your children are being abused but I can understand your  suspicion since there appears to be a change your children’s behavior. I think it would be important for you to keep an eye on the situation Incase you notice any other changes. If you become more concerned, even  suspicions of child abuse are reportable to  Family protective services. If they feel it is necessary they can do an  investigation. You are doing the biggest thing for your children by being there for them and supporting them."
"When they come home from their dad's and I fuss at them for anything, they move like they are dodging being hit. They say they’re sorry over and over really fast. I ask and they say no one has hit them, and I've seen no marks. Am I being paranoid or am I right to be?","It sounds like your children are walking on eggshells, and behaving in a manner that suggests that (at minimum) they may be receiving an undue amount of anger from someone in their lives. In addition to addressing this delicately with your children's father, it would be wise to speak with your children's teachers and pediatrician as well. Please closely  monitor the situation, and express to your children that they can always come to you with any information, and they will never be in trouble for confiding in you."
"he just walks in the house whenever he wants to see his kids. My fiancé tells me it makes her angry and doesn't like it, but she seems afraid to say anything to him about it for some reason. Is it okay for him to do this?","The short answer to your question is ""No"" it's not okay for anyone to ever be doing this. There's a lot of unanswered questions and other factors going on here that need attention. Nevertheless, don't hesitate to seek out legal counsel and/or call 911.    Ideally, your fiancé would be able to speak directly to her ex-husband and set reasonable boundaries that honor whatever legal agreements are in force resultant from the divorce and custody agreements. The fact that she's afraid to say anything to him about his inappropriate behavior, and that she hasn't been able to give you any reason for her fear, suggests possible factors of past abusive behaviors, entitlement, and/or co-dependence.   I hope things work out well for all and I'm confident a skilled therapist could help all navigate how best to set boundaries and experience greater healing."
"he just walks in the house whenever he wants to see his kids. My fiancé tells me it makes her angry and doesn't like it, but she seems afraid to say anything to him about it for some reason. Is it okay for him to do this?","The kids are actually her Property, and he does have a claim to them as he wishes;The house is yours, I presume;So require that if he wishes to see his Property, it be done off of your Property;And, that as long as it remains your Property, you have jurisdiction over all those, therein;Require compensation for visits, and send him a bill;When he doesn't pay, send to the local sheriff, go to small claims court, and win a judgment against him for non-payment;I wonder how that might work out... act as man :)"
"he just walks in the house whenever he wants to see his kids. My fiancé tells me it makes her angry and doesn't like it, but she seems afraid to say anything to him about it for some reason. Is it okay for him to do this?","The obvious answer is no, it's not okay.  There are other you should be asking though.  You said your fiance ""seems afraid"" of her ex.  Did you ask her about that?  Is there a reason he still has a key to the  home?  Has there been any discussion of appropriate boundaries?  I work with a lot of people parenting from different households and the stickiest spots are the ones that have not been discussed.  There is obviously conflict there or they wouldn't have split, but your fiance and her ex do need to stay aligned for the kids and that can't happen if she feels fearful or resentful.  If she doesn't have a problem with his barging in, clearly you do (and who wouldn't?  He's not YOUR ex!), so you and she need to have some agreements around his access to the home.  If she is afraid to bring up the discussion then I strongly recommend that she and the ex get some help with a good therapist.  The kids health, your health and hers, and the health of your relationships in the family depend on it!"
"he just walks in the house whenever he wants to see his kids. My fiancé tells me it makes her angry and doesn't like it, but she seems afraid to say anything to him about it for some reason. Is it okay for him to do this?","Do you know the reason your fiancé puts up with the ex's behavior?If not, then ask her.The answer could be anything, from some agreement the two of them made either formally or informally before you came into her life, to residual sense of obligation she feels toward him as a parent, or that she genuinely does fear his physical or verbal anger if she disagrees with what he wants.Facts are the best starting point to know how to handle a situation.There is no blanket rule and certainly no law which prohibits what he's doing.   The situation is entirely in the hands of the people involved."
My daughter is in later elementary school. She can't color in the lines. Her words jumble together when she writes unless there are big spaces or she skips lines.,"Depending on your daughter’s age, this could be a learning disability.  I suggest contacting the school counselor and asking for an evaluation, once she is evaluated and depending on the diagnosis, she could be provided with treatment recommendations like occupational therapy, reading glasses, or assistance in class. These and more accommodations are enforced under the 504 act. Consider if the observations that you have done are affecting her performance in school only, or also in other settings.  Observe her behavior and or her emotions and see if they change as well.  Discuss these with your daughter’s counselor as well.¿Tiene mi hija un desorden mental?Mi hija está en la escuela elemental.  Ella no puede colorear dentro de la línea.  Mezcla las palabras cuando escribe, a menos que tenga grandes espacios, o brinca las líneas.Dependiendo de la edad de tu hija esto puede ser un problema de aprendizaje.  Te sugiero que contactes al consejero escolar y solicites una evaluación, dependiendo de la diagnosis, ellos pueden recomendar tratamientos como: terapia ocupacional, lentes para leer o asistencia en clase.   Estos acomodos son provistos bajo la acta 504.  Considera si las observaciones que has hecho afectan el desempeño de tu hija en la escuela, o en otras áreas, también observa su conducta y emociones y repórtaselo al consejero escolar."
My daughter is in later elementary school. She can't color in the lines. Her words jumble together when she writes unless there are big spaces or she skips lines.,"At times when a child is not displaying milestone behavior at the same rate that is average for their peers, this should raise concern, so you are correct in reaching out for advice. Speaking with your child's pediatrician, as well as school staff may be the first places to start. You can request that she receive an assessment and evaluation, with a subsequent treatment plan to meet any needs she may have."
My daughter is in later elementary school. She can't color in the lines. Her words jumble together when she writes unless there are big spaces or she skips lines.,Kids develop in different ways and different speeds. It can sometimes feel like your kid has a delay because of these different ways of development. If you have concerns about your child’s development then addressing it with the school is the best solution. They will be able to provide a full assessment if needed with an academic diagnosis as well as academic support.
My daughter is in later elementary school. She can't color in the lines. Her words jumble together when she writes unless there are big spaces or she skips lines.,"Contact your daughter’s school and ask for an occupational therapy evaluation. An occupational therapist can determine if your daughter struggles with eye-hand coordination, visual processing or sensory motor difficulties. The therapist will develop a plan of care if your daughter demonstrates delays or difficulties in learning. OTontheGo.org mobile therapy that comes to you! Accepting most insurance."
My daughter is in later elementary school. She can't color in the lines. Her words jumble together when she writes unless there are big spaces or she skips lines.,"Developmentally, there are ages where not coloring in the lines, writing words that are jumbled together, and leaving big spaces or skipping lines are completely normal.  I have seen children in 3rd and in some cases, 4th grade who do not have learning disabilities write in the manner you have described.  There is, however, a type of learning disability called Dysgraphia which can present in the ways you have described. If you suspect that your daughter might have Dysgraphia, then the best thing to do is to have educational testing done.  You can request testing by going through your school system and asking for an IEP (Individualized Educational Plan) meeting.  Your school is required to honor your request for an IEP meeting.  At the meeting, you can ask the school to do educational testing that will be at no cost to you.  I will say that depending on where you live and your school system, it can sometimes be difficult to get the school system to do testing.  If that is the case, you can go to a psychologist or find an agency near you that can also perform this type of testing as well (some will accept insurance and others will not.)  There are also educational advocates that you can hire to help you if you ever have difficulty getting your daughter properly assessed by the school system.  I also highly recommend seeing a developmental ophthalmologist and/or a developmental pediatrician.  They can be great resources in helping you to determine if your daughter does have a learning disability.I always say that a parent should ""trust their gut"" and if you feel that your child is struggling and that there may be a learning disability then there is no harm in getting your child evaluated.  The best case scenario is that your child is completely on track and what you are seeing is developmentally appropriate.  On the other hand, if your child does have a learning disability, then you have caught it early enough where she can receive services that will help her in the long run. Either way, it is a win, win."
My daughter is in later elementary school. She can't color in the lines. Her words jumble together when she writes unless there are big spaces or she skips lines.,It sounds like it might be worth asking the school for an evaluation to determine whether your daughter has any learning disabilities such as dysgraphia or dyslexia or seek an evaluation through an educational neuropsychologist.  I would also suggest having her vision checked by a developmental optometrist.
My daughter is in later elementary school. She can't color in the lines. Her words jumble together when she writes unless there are big spaces or she skips lines.,"If your daughter is the same age as most of the other students in her class, and the other students easily complete the tasks you list here, then there is a problem in the performance of these tasks for your daughter.Without knowing more about the context of your daughter's life, for example, is she a new student to the school and class, are there major stressors in the home environment, does your daughter have friends, does your daughter have the same problems she has in school, when she is in other environments?Also, who is telling you she has these problems?  Are you the one who notices what you describe here or is your daughter or is her teacher telling you these facts?Depending on your answers to the questions, start to get clarity with the classroom teacher and the school guidance counselor as to the source of your daughter's problem.Good luck!"
My daughter is in later elementary school. She can't color in the lines. Her words jumble together when she writes unless there are big spaces or she skips lines.,"There could be a number of things going on here. For instance, have her eyes been checked by an optometrist? She might just not like writing or coloring. She could be rushing through assignments so that she can spend time with friends, play games, or do something else. She might need some extra help with fine motor skills. What are her grades like? Does she rush through other things like cleaning her room or getting ready for bed?"
My daughter is in later elementary school. She can't color in the lines. Her words jumble together when she writes unless there are big spaces or she skips lines.,"It's hard to tell from the information that you were able to provide here, but talk with her elementary school a guidance counselor. Someone working with the school (usually a school psychologist) should be able to evaluate her to see if she needs extra help and to tell you more clearly what may be happening."
My daughter seemed to be developing at a normal rate until about the age of 10. She then started to act younger than she is.    Now she only wants to play with younger kids and she doesn't act her age. I don't know why this is happening. Is this normal?,"This is certainly an important issue to look into, It is always helpful to speak with the child's pediatrician since they are most familiar with the child's developmental history. Also, children tend to regress behaviorally when facing events and interactions they feel to have no control over, this can be as simple as a loss of a pet, a recent move, death in the family,  and/or as serious as sexual abuse, and other things. If you have not spoken to the school that can be a good starting point."
My daughter seemed to be developing at a normal rate until about the age of 10. She then started to act younger than she is.    Now she only wants to play with younger kids and she doesn't act her age. I don't know why this is happening. Is this normal?,"Your daughter is fortunate to have an observant parent, who is willing to seek out help in this regard. Regression can be indicative of some stress in your child's life, so the issues she is facing should be examined. Seeking advice from your daughter's pediatrician, as well as a practitioner familiar with adolescent issues or perhaps play therapy can equip you with insight into the causes of the behavior, and give you tools to assist your daughter in learning age appropriate social interactions."
My daughter seemed to be developing at a normal rate until about the age of 10. She then started to act younger than she is.    Now she only wants to play with younger kids and she doesn't act her age. I don't know why this is happening. Is this normal?,"Hello.It sounds like you are really concerned about your daughter because you have noticed a significant change in her behavior .   It's really a great first step that you are reaching out to get some ideas about what might be going on .  You are clearly an observant and hands on  mom who wants to be sure that her daughter is ok.This is a tough question to answer without more information .  With that said , I have found that ""under stress people regress.""  In other words , many people , children and adults alike , often regress and behave differently - as if they were younger than their actual age - when under stress .   Therefore , my first question would be : has anything been happening recently that is causing your daughter stress ?  This could be anything from conflict at home , recent changes such as moving , divorce , a loss of some kind , switching schools , or losing a friend or friends .   Additionally , sometimes if children are feeling bullied or left out by same age peers , they may gravitate toward younger playmates as a way to boost their social confidence .    I would suggest that you think about what stressors / changes may have occurred recently.  You may also want to check in with her teacher (s) to see if they have noticed any changes in your daughter's behavior at school .I also think that you can have a conversation with your daughter in order to see if you can get a sense about whether or not something has been bothering her.  Something as simple as "" I have noticed that you aren't spending time with the friends you used to hang out with ; it seems like you have been playing with a lot of younger kids lately .  Am I right about that ? "" and then if she says yes you might ask a few questions such as : ""did something happen with your friends that  is making you not want to be with them?"" ""Has something been bothering you lately ? Are you feeling upset or worried ? "" If she denies that there is anything wrong you might even say "" I know that sometimes when I feel stressed or worried , I tend to act a little differently - sometimes I withdraw from my regular group of friends , or I get cranky and feel less like myself .  I wonder if something like that is happening with you ?"" If you are really concerned and not getting any answers from her and / or her teachers , perhaps you can consult with a therapist to discuss your concerns further and decide if it might  help for your daughter to talk to a therapist a few times , or at the very least you can get more specific tips from a therapist about how to approach this issue with your daughter more effectively . The more detail you can provide about what you have noticed with your daughter , including any changes or new stressors ,  any possible patterns to this behavior , if school has become more difficult socially and or academically , the more a therapist can guide you about how best to handle your concerns and talk with your daughter in a way that is helpful to her. Good luck!   I believe that this may just be a phase and it seems to me to be well within the normal range of children's behavior.  I do, though, think that you will feel more assured about this  if you can get to the bottom of what's going on ."
My daughter seemed to be developing at a normal rate until about the age of 10. She then started to act younger than she is.    Now she only wants to play with younger kids and she doesn't act her age. I don't know why this is happening. Is this normal?,"Good for you to know your daughter's friendship circles and to notice when these have changed.While friendships are key relationships, they are not the only indicator of someone not developing normally.Is your observation and opinion that your daughter isn't normal based on other factors or just this one?If this is the only factor then start with reflecting on what circumstances may be influencing your daughter to socialize with younger kids.Has she ben ostracized or bullied by her peers and may be retreating to avoid further emotional hurt?Is she keeping up with her school work?Sometimes kids who feel overwhelmed by schoolwork will regress into conditions in which they feel more success and control.Are there family circumstances such as the death of someone with whom your daughter felt close?  Or, is there a new younger sibling in the family or a younger sibling who due to their own circumstance receives more attention than your daughter may wish for herself.Once you've reflected on which areas may be affecting your daughter, gently ask her some questions about her comfort with what you theorize may be the source of the problem.Its also possible that offering her your extra time and interest may increase her sense of self so that she feels secure enough to increase her social time with her age group."
"My ex-wife married and used me to have a child. She now uses that child as a pawn. I know my child misses me, but I need to move on and not live in the past. How do I do this? Do I see my child as much as possible or very little? Is it more confusing for the child?","You can ""move on and not live in the past"" in the context of your ex-relationship, but that does not mean moving on from your child. ""Moving on"" then would involve accepting the end of the relationship and developing a civil relationship with your ex-partner as far as is possible for the sake of your child's development.Generally, it's good for a functional (non-abusive) parent to spend time with his/her child, but only insofar as that doesn't cause your child unnecessary stress. That requires the two adults to act like adults with each other for the sake of their child.What's confusing for children is seeing their parents act uncivilly or manipulatively. Children also do well with routines so regular dependable visitation is preferable to random visitation or, worse, not following through on commitments.But if one person is exploiting their child to harm their ex-partner, then visiting your child in that context may be stressful to him/her (depending on what you mean by using your child as a pawn). When dealing with a hostile ex-partner, your first challenge is to negotiate rules and boundaries with your ex-partner about appropriate behavior for the good of your child. If you cannot come to an agreement, a counselor can help mediate a conversation. If that's not an option, then it may be possible to turn to family court to stipulate visitation rules (for which you'd have to consult with an attorney)."
"My ex-wife married and used me to have a child. She now uses that child as a pawn. I know my child misses me, but I need to move on and not live in the past. How do I do this? Do I see my child as much as possible or very little? Is it more confusing for the child?","Your child is not part of your past, he or she is part of your present and future. Your child needs you. Statistics about fatherless children are staggering. Research shows children raised in a father-absent  home experience the following: 4x greater risk of poverty, more likely to have behavioral problems, 7x more likely to become pregnant as a teen, more likely to face abuse and neglect, more likely to abuse drugs and alcohol, 2x more likely to suffer obesity, 2x more likely to drop out of school, more likely to commit crime and more likely to go to prison. Listen to your heart and ask yourself, what do you want for your child? Co-parenting is hard when each parent is unable to prioritize the best interests of the child. You and your ex-wife can get help learning how to co-parent in a way that will work for each of you with the best interest of your child in mind. What is confusing for a child is why did my parent abandon me and they will struggle with issues of worthiness and self-esteem for the rest of their lives. Here are some websites for you to check out and get help with the most important job you'll ever have...being a father!https://fatherhoodfactor.com/us-fatherless-statistics/https://www.fatherhood.org/fatherhood-data-statisticshttps://thefatherlessgeneration.wordpress.com/statistics/http://fathers.com/statistics-and-research/the-consequences-of-fatherlessness/"
"My ex-wife married and used me to have a child. She now uses that child as a pawn. I know my child misses me, but I need to move on and not live in the past. How do I do this? Do I see my child as much as possible or very little? Is it more confusing for the child?","Hi, your situation sounds very complicated and sensitive.  It is important to handle it with care as it involves your children.  When parents are attempting to co-parent, the clearer the boundaries and expectations are the easier it gets to effectively co-parent.  Parenting your child is not “living in the past”, allow me to reframe that approach and instead view it as an investment in your future.  Your child will forever be your child and deserves and active loving and caring father.  Staying away sends a different message to your child and leaves room for resentment.  Find a way to create an agreement between you and your ex-wife with the best interest of your child as the focus.  The courts are able to assist with this goal as well."
"My ex-wife married and used me to have a child. She now uses that child as a pawn. I know my child misses me, but I need to move on and not live in the past. How do I do this? Do I see my child as much as possible or very little? Is it more confusing for the child?","The thing that confuses a child the most is for a parent to come and go from their life. Children have a way of making things their fault, even when they have done nothing wrong. Because of this, when parents cut off contact, the child thinks it's their fault. As hard as that already is for a child, it is even worse when a parent pops in and out of their life. This makes the belief even more strong for them. They start to think, ""why does dad keep leaving? What am I doing to keep making him go away?""I believe a child needs both parents in their life. Whether she used you for a child or not, that child still exists and never asked for this. They didn't ask to be born into drama and two parents that can't make things work. You can move on and start over while still maintaining a relationship with your child. If you start over far away, this may mean less visits but you'll still be a part of their life. Just make sure when you make a commitment to this child to stick to it. Every child deserves that much. Good luck to you! :-)"
"My ex-wife married and used me to have a child. She now uses that child as a pawn. I know my child misses me, but I need to move on and not live in the past. How do I do this? Do I see my child as much as possible or very little? Is it more confusing for the child?","What are the ways your ex-wife uses your child as a pawn?This answer determines the best ways to handle particular situations.Basically, distinguish that your father relationship to your child lasts has great meaning for your child and as the adult, the responsibility for managing this relationship falls on you.Your relationship to your ex wife took place between two adults and therefore you are only responsible for your own actions to repair the damage done to you.From what you write, you already have a plan in progress to do this by separating yourself as much as possible from contact with the ex.In a way the challenge of keeping active as a parent while also distancing and clearing your emotions of the hurt and betrayal done to you, will establish both a solid relationship with your child and grow more acceptance and self-forgiveness of having been taken advantage of and tricked."
"My ex-wife married and used me to have a child. She now uses that child as a pawn. I know my child misses me, but I need to move on and not live in the past. How do I do this? Do I see my child as much as possible or very little? Is it more confusing for the child?","I am really glad you reached out. When parents get divorced, they still need to figure out how to have relationship so that they can parent their child. We might divorce our partners, however, we don't divorce our children. If anything our children need to know that we are still a stable force in their lives. Unfortunately, in some relationships children get used as a bargaining piece and I am hearing that may be happening in your relationship. You can move on from the relationship with your ex while still maintaining a relationship with your child. It is possible and it takes both parents to agree to do the right thing by their child. It is important for your children to have some consistency in his or her time with you. For example, if you and your ex don't have a parenting schedule it is something that you want to create so that you can not only decide for you when you will see your child, but your child can know when you will be available just for her. This will lay the foundation for consistency and allow your child to have some security in troubled times.I would highly recommend you sit down with your ex and discuss how you can both be a positive source in your child's life. How you can both be there to help raise her. If this is not a conversation that you can have on your own you might seek out help from the court. There are parenting experts and mediators who might be able to assist you.Remember, in any discussion keep the focus on what is best for your child and you will be moving in the right direction.Best of luck to you!"
"My ex-wife married and used me to have a child. She now uses that child as a pawn. I know my child misses me, but I need to move on and not live in the past. How do I do this? Do I see my child as much as possible or very little? Is it more confusing for the child?","If you have a good relationship with your child then you have already accepted and been accepted as this child's parent and you have a commitment and an obligation to play that role.  If you suddenly absent yourself from this child's life then you may be doing real damage. Working out an arrangement with the child's mother for regular visits the child can count on and committed to by both parents will serve the best interest of the child, which I assume is what both parents are truly concerned with.  The visits don't have to be every day, once a week, even once a month, is better than hit and miss with long absences in between.  Best of luck to you, and the fact that you asked the question says volumes about your parenting potential.  Feel free to follow up with me, on line or in person."
"My ex-wife married and used me to have a child. She now uses that child as a pawn. I know my child misses me, but I need to move on and not live in the past. How do I do this? Do I see my child as much as possible or very little? Is it more confusing for the child?","You're in a difficult situation and on behalf of you and your child, I commend you for trying to find the right thing to do.Short version: your child needs you as much as possible. period. Always. We used to think that children were almost always harmed by divorce, unless there was extreme conflict or violence. More recent data shows that children are not necessarily harmed by divorce if they keep both their parents. In other words, the damaging part is losing half of themselves and losing the value of being connected to everyone who loves them, especially the other parent, in addition to the extra benefit there is from the other parent's perspective, strengths and so on. The best thing for your child is for you to be available and loving and doing everything possible to allow the child to be whole - a person who incorporates BOTH parents. It's a tragedy for everyone to use a child to achieve adult aims, like getting back at a former spouse. In such a circumstance, your child needs you more than ever. If you and your wife have different rules and so on, your child will learn to adjust and adapt, just as they would if you remained in the household. A child quickly learns that they talk to mom about x,y,z or get away with whatever, but has different rules with dad. He/she will not be too confused in the long run. Please stay the course in dealing with a difficult ex-wife for you and your child's wellbeing. Best of luck to all."
"I am a counselor at day camp where we have a child with severe autism. We try to keep him entertained by carrying cards around for when he starts acting up so we can get him to focus on something else. The day camp administrator has told us not to yell at him because he will zone out and not listen, so we just talk in a calm voice. However, other kids see the treatment as unfair.","Behavioral interaction with someone who has severe autism requires highly specialized training, both for any professional staff involved with the person and for the family members.It is an unfair situation for both the person who has autism as well as the campers who do not, to expect both sides to get along harmoniously.In order to achieve this, the campers would need specialized training to know how to respond to distress in the camper who has autism.This would obviously stretch and burden the summer camp budget as well as provide an activity which usually isn't part of summer camp for children.What you can do which may be productive in helping the camper who has autism, is to point out the interaction difficulty to the summer administrators.Ultimately it is their problem to only take campers who are able to reasonably adjust to socializing together and from what you write, the administration has overreached whom they consider reasonable camper mates."
"When my son was a teenager, we sent him to live with his dad because of the constant disrespectful attitude. A week after he graduated, his dad made him leave because of the same issues. All four parents tried to talk to him, and he just refuses help all around. He is now living with his grandparents. He had a job, and took steps to get his license and an insured vehicle. I thought he was heading down the right road, and then he tells me he quit his job because he didn’t like it. I just don’t know what to do.",Probably the best way to be supportive of your son is to tell him what bothers you about the way he's handling himself.If you'd like him to work with your suggestions then before you make critical comments be sure to validate his strong points and to recognize his natural talents.People are much more likely to take advice if the person feels the criticism is spoken by someone who respects them and isn't only critical of them.Offer your availability to talk with him if you genuinely feel available to speak with him in a non-judgmental way.
"When my son was a teenager, we sent him to live with his dad because of the constant disrespectful attitude. A week after he graduated, his dad made him leave because of the same issues. All four parents tried to talk to him, and he just refuses help all around. He is now living with his grandparents. He had a job, and took steps to get his license and an insured vehicle. I thought he was heading down the right road, and then he tells me he quit his job because he didn’t like it. I just don’t know what to do.","I admire your efforts. You can continue to offer assistance for your son, but it is ultimately up to him to decide what to do with the information or ideas that you are giving to him.One thing you might try is to ask questions in a way that enables you to learn more about what he is experiencing. For example, if he is willing to talk to you about what he does on a daily basis and/or what he would like to be doing, you may be able to get a sense of what he finds difficult and find some resources to help.I might ask things like this (just as examples):Can we talk for a few minutes about some things that I would like to learn more about?I'm just looking to learn more about what has been happening for you recently and I'm not trying to make you do anything.I know you said you quit your job because you didn't like it. Could you tell me more about what you liked and what you didn't like?Do you see yourself doing the same kind of job in the future?What is it that makes you happy or what is it that you look forward to doing?Can you think of anything that I can do to be of support to you?If he is interested, you may be able to connect him with an area community college to learn more about possible job opportunities.With the way that I wrote the questions above, it probably sounds like it's relatively easy. In reality, it may not be an easy conversation and your son may choose not to discuss it with you. If that's the case, I'd remind yourself that you are trying to do everything you can."
"She cried because she lost all trust in me. Now I feel disgusting and like my heart just got stabbed, what do I do?","You felt bad when you lied, so you told the truth.  I imagine your mom was really shocked and upset - both of those things tell me you are a pretty honest person.  It's possible that your mom had a big reaction simply because she has learned that her child, from whom she always assumed honesty, was capable of being dishonest.  That's not awesome, but it's not the end of the world.  You made a mistake - you'll make more of those in your life, just try not to make the same ones over and over again.It sounds like you and your mom are close so I can see why it would feel so awful to have her distrust you.  Since you are a fundamentally honest person, the way back to being trusted is going to be simple, but may take a little time.  The ""recipe"" is easy - say what you are doing/going to do; do only that unless change is necessary, in which case you inform others involved, and repeat.  And cut yourself some slack.  Your mom will recover and so will you.  It's an important and painful lesson about integrity, but once learned it will serve you well."
"She cried because she lost all trust in me. Now I feel disgusting and like my heart just got stabbed, what do I do?",It sounds like you've already learned that just being honest is often the best approach. What do you think about telling your mom how you're feeling?  She might really appreciate it if you also let her know that regaining her trust is really important to you.
"She cried because she lost all trust in me. Now I feel disgusting and like my heart just got stabbed, what do I do?","Hey! Sounds like the part of you that knows the RIGHT thing to do won here! I am so proud of you for admitting that you lied to your Mom! Sometimes lies come out of our mouths before we can even catch them because we are trying to say what the other person wants to hear. I bet that, as you begin to show her that you are not going to lie any more, she will begin to gain trust in you again! Be open with your feelings with you Mom - she is there to support you, guide you and love you! Give her lots of hugs - and give yourself one too for being so brave! Be Wise!"
"There is just no communication at all between us. She sleeps constantly all day (not at night). She acts angry and unfocused and stays in her very messy room all the time. The only time she comes out is to eat.    She has aches and fatigue, weight gain, hair loss and skin problems. She does not look after her health.
   I don't know how to communicate with her. She is not open to any suggestions. How do I get through to her?","That sounds awful, and is clearly unsustainable.  There are some great answers that give some guidance about what might be an underlying condition.  If all physical and mental health issues are ruled out, it's time to take action.  Get backup from friends or family members if you need to, but let your daughter know you are giving her 30 days notice.  She needs to find another place to live within that time.  If she wants to stay with you, be clear that first she has to go, with a potential to return after she has been out for a good chunk of time.  Once out, she can prove to you, and more importantly to herself, that she is capable of maintaining her health and her environment.  Remember, you are going to rule out issues that would make it impossible for her to be successful; if she is in good health, her staying with you and living this way is actually harming her."
"There is just no communication at all between us. She sleeps constantly all day (not at night). She acts angry and unfocused and stays in her very messy room all the time. The only time she comes out is to eat.    She has aches and fatigue, weight gain, hair loss and skin problems. She does not look after her health.
   I don't know how to communicate with her. She is not open to any suggestions. How do I get through to her?","Hello, I know that your situation is frustrating and debilitating.  It sounds like she either has a medical or mental condition.  She needs help, and for the sounds of it, you want to help her.  I suggest that you take the time to contemplate the best way and time to approach her.  Rehearse ahead of time what you want her to hear and what the end goal is.  I know it might seem like a lot of work for you to do and perhaps you even feel frustrated about that, but the only way you will reach her is if you approach it in a way she hears your concern and desire to help her.  Be prepared with facts and places to go for help.  The better prepared you are, the better the chances of her to act on it.  Remind her how much you love her and how it is not healthy for her or for the relationship for this to continue.  With lots of love and patience, you can make a difference.  Stay Strong!Best of luck to you and your daughter, Mirella~"
"There is just no communication at all between us. She sleeps constantly all day (not at night). She acts angry and unfocused and stays in her very messy room all the time. The only time she comes out is to eat.    She has aches and fatigue, weight gain, hair loss and skin problems. She does not look after her health.
   I don't know how to communicate with her. She is not open to any suggestions. How do I get through to her?","I'm sorry for what sounds like a frustrating situation.For how long has your daughter lived the way you describe and did it start all of a sudden or more gradually come on?What you write sounds like a major depressive disorder and this can start for a variety of reasons and improve in just as many different ways.Start with how you are feeling about the situation.  Ask yourself for how long you will be able to tolerate the way your daughter lives and if you feel any satisfaction in your mother daughter relationship.If she is of legal age, and you don't want her to live with you,  you've tried convincing her to get medical care for its own sake and to more clearly see her emotional and psychological health, and she is unwilling to take care of herself, you can discuss your options with the adult protective services agency in your state.The first step is to know what exactly is her problem so you can decide if its own you are willing to take care of or not."
"There is just no communication at all between us. She sleeps constantly all day (not at night). She acts angry and unfocused and stays in her very messy room all the time. The only time she comes out is to eat.    She has aches and fatigue, weight gain, hair loss and skin problems. She does not look after her health.
   I don't know how to communicate with her. She is not open to any suggestions. How do I get through to her?","1. She's an adult.2. She lives in your house? She follows your rules.3. What you're describing could be any number of things, but could potentially be a medical issue that needs attention. Thyroid issues, autoimmune diseases - there's a ton of medical possibilities for her symptoms. I'm not a doctor; this is a forum of therapists.4. I recommend the book ""Codependent No More"" which may help you navigate your rocky relationship with your adult daughter. You may be inadvertently making things worse by ""helping"" her which can instead enable her to continue her behaviors. Another book you may find helpful is ""Boundaries: Where you end and I begin"". You cannot control another person, especially an adult. The only person you can control is yourself. Tough love is sometimes needed, and she is an adult - treat her like one. Maybe then she'll act like one. If we were having this conversation in person, you would interrupt me at this point with a ""but..."" and then explain all the reasons why you can't tell her to move out, get a job, get up and cook or clean the house, etc. I already know that you have a myriad of excuses for things being the way they are. Yes, I said excuses instead of reasons, because that's what they are. You may feel stuck and like you have to take care of her, but you have choices - you just may not like them. I know that when children are small, parents' lives are focused around them (some more than others) and decisions are made around what is best for your child. But you said your daughter is an adult. The relationship dynamics must change if the relationship is to be a healthy one. I know how difficult it is to watch your child make life choices that you wouldn't want for them, no matter what that choice may be. As a parent, we want to force them to do what we think is ""the right thing"" but trying to do that only results in frustrations for everyone involved. Whether the issue is a hair color, a tattoo, a lifestyle choice, a job, or choosing not to work or take care of their health, or doing drugs, or drinking - the choice is theirs and theirs alone and so are the consequences of those choices."
"My son stole my debit card and lied about it. It's not the first time he has lied. I don't know what to do anymore. I don't know if I should punish him or make him do something. I've tried talking to him and asking if anything was wrong. I have grounded him, but nothing works. What should I do?","A lot depends on the age of your child, but given that it was a mis-used debit card, I am going to guess he's a teen?  Assuming that, there are a couple of important things to keep in mind...1.  That he lied about the misuse indicates he knows he was in the wrong.  That's a dreadful feeling - getting caught out- and an impulsive lie may have popped out of his mouth before he thought it through (after all a debit spend is pretty easy to track).  2. Once he lied he stuck with the lie.    Somewhere along the line, even though he knew that you knew he wasn't telling the truth, he stuck with his story.  And as you said, it's not the first time he lied.  Now it looks like a habit has formed.Going forward, when there is a dishonest act of any kind, it's essential that you set it up so your son can be truthful.  Simply put, do not ask questions.  If you know for certain that he has, for example, misused your debit card, say so.  Asking ""did you"" invites him to get creative with denial; asking ""why did you"" implies that, with a good enough reason, he might not be in hot water with you.  Instead, say what is:  ""I see this charge on my debit card and realize you used it without my permission"".  (You can only do this if you know for sure it was him but it sounds like you do).  If he meets with denial, stay calm, restate that you are aware this happened.  Then deliver consequences that match the transgression (he has to return the item if it's returnable or find a way to pay you back for the charge as well as any fees incurred in using it).  Make it harder to find your card because he isn't that great at curbing the impulse to use it yet.And most importantly, once the consequence is delivered you have to let it go.  Continuing to bring it up won't benefit him, but it does have the potential to make him more sneaky.  Every time he asks respectfully to use it, whether you allow him to or not, be sure to praise him for asking nicely.  ""Catch"" him doing it right as often as possible.Hang in there - this isn't super unusual behavior but it isn't acceptable, so address it but don't let yourself get too wound up about it."
"My son stole my debit card and lied about it. It's not the first time he has lied. I don't know what to do anymore. I don't know if I should punish him or make him do something. I've tried talking to him and asking if anything was wrong. I have grounded him, but nothing works. What should I do?","Hi Enid, You sound like a sensitive parent; I like that you talked to your son to see if anything is wrong. There is some key information here (I don't know your son's age, whether he spent any money, whether he put the card back, or how many times he's stolen), and my answer might be different depending on those details, but I'll give you my thoughts.I see it as every child's job to figure out the rules and find where their power is in the world. In order to accomplish that, many of them test limits. ""What can I get away with?"" is a question they have to find the answer to. If a child knows the rules, they're much more likely to not test limits (because they already know the limits). So, part of testing limits is experimenting with stealing and lying. Not all kids steal, but I would say pretty much every child lies at some point. It's a normal behaviour, and most of the time it's about small things that don't matter and we don't even find out. Stealing a debit card is a bit more serious, and I'm not surprised he lied about it. If you absolutely know that he took it, it's okay to tell him that you believe he did this thing and also lied about it. It's appropriate to give a consequence for this type of behaviour, so that the child doesn't do it again. The consequence should be as natural and logical as possible. The behaviour (stealing) was harmful to you, so doing you a favour with extra chores might be a good idea. It's funny, because as parents we try to tell our kids that lying is bad, but they know they'll get a consequence if they tell the truth so there are natural deterrents to being honest (we don't want people to know our mistakes). It's a dilemma. If you really want to focus on the lying part, you can tell him that you won't give him a consequence for the lying if he decides to come clean with the truth within one day. That gives him incentive to come to you with truth. It sometimes works with kids to give them a chance to come clean and then reward them for telling the truth. You can set your child up for success and train them to tolerate honesty. Put a cookie on the counter. Tell your child to take the cookie at some point in the day. Then ask them later if they took the cookie. You're making honesty fun. Kids love games. Basically, there's as much power in rewarding the positive behaviour as punishing the negative. If this is the first serious offence for your son, don't make a big deal of it; consequence him and see if he learns. If it's a pattern, that's different and you may want the input of a therapist."
"I'm concerned about My 12 year old daughter.    About a month or two ago she started walking on her toes, as well as coloring and writing very messy. This all happened very suddenly. She has never walked on her tiptoes and has always colored and written very neatly.    Is this something I should be concerned abou? Any advice will help.","It is great that you are noticing these changes with your daughter. I can’t offer advice without knowing much more about your particular situation but some things to think about:Has something else happen recently that has been stressful, upsetting?Is your daughter trying to communicate something to you and if so what might that be?Have you discussed these recent changes with her? (Without being too serious or accusatory)There is so much changing for her (and you) now-communication and connection are crucial. I hope you both can talk to a supportive person about all these changes."
"I'm concerned about My 12 year old daughter.    About a month or two ago she started walking on her toes, as well as coloring and writing very messy. This all happened very suddenly. She has never walked on her tiptoes and has always colored and written very neatly.    Is this something I should be concerned abou? Any advice will help.","Have you asked your daughter why she's doing the behaviors you describe?Often the best way to find out why someone does something is to simply ask them their reason.Her answer will give you some guidance as to next possible steps.If she's pretending to be a fantasy figure or trying to find out how being taller feels, or walking on high heels or some other image then knowing this rules out that she has some unbearable pain in her arch which may require more practical answers such as new shoes or even indicate a medical problem.Ask if she's noticed any change in the way she walks.   Maybe she doesn't know she's doing this and maybe she feels embarrassed to tell you she's doing something a bit odd.Since usually 12 year olds don't color, is it new that she started coloring?Maybe given the fact of messy handwriting, she's in a phase of pretending or reflecting on good times as a young child.Then this becomes the topic of examination.Does she feel insecure about being on the cusp of adolescence?Some of these questions can be asked directly and some are for you to first decide based on what you know of your daughter, which questions and what direction to take in understanding your daughter's motivation."
I have three children. The oldest is nine and not my biological child. The middle child is three and the youngest is one. I have a great relationship with the oldest two children but I haven't developed the same level of attatchment to the youngest child. I rarely want her around and look forward to her nap times. Is this normal?,"This is your experience, your feeling and you are wondering if it is normal, which means is this common or the rule. This question about how you feel about your third child leads me to believe you are dis- turbed [etymology: agitated or stirred up].  Feelings are messages from our soul or spirit that something is not right.  So, though  it might be normal [common, the rule]  to look forward to a one year olds nap time when you have a three year old a nine year old, the dis- turbance or stirring up in you, is important and requires your attention, your listening, if you will to your higher self."
I have three children. The oldest is nine and not my biological child. The middle child is three and the youngest is one. I have a great relationship with the oldest two children but I haven't developed the same level of attatchment to the youngest child. I rarely want her around and look forward to her nap times. Is this normal?,This is a common response parents can have.  There are many reasons for attachment disruption.   But attachment is  important for the child as well as your long term relationship with them.    I would want to know more about the history of the child and any stressors you have gone through during the child's lifetime.  Often if there is stress parents will not have the time or energy to attach well to the child.  Sometimes the energy of the child and the parent are mismatched as well.  But whatever is at the core this is something that can be addressed in counseling.  The earlier the better because adult relationships are based on parental relationships we had as children.  Therapy can start at age 3 to address these types of issues.  Visit staceybshapiro.com for more information about getting started.
I have three children. The oldest is nine and not my biological child. The middle child is three and the youngest is one. I have a great relationship with the oldest two children but I haven't developed the same level of attatchment to the youngest child. I rarely want her around and look forward to her nap times. Is this normal?,"Congrats on being honest about the way you feel!Many people state having a favorite child so the reverse would also be possible, of having a least favorite child.Try to understand your own reasons for not liking your youngest child as much as the others.One point to consider is whether it is the child' personality or the way they interact with you which gives you the feeling of not liking this child as much as the others, or does the reason have more to do with younger children requiring more care?Also, do you generally prefer older kids to younger ones?   It is possible the problem will go away as your youngest grows older.Is there another parent in the household who can make up for what you feel unable to naturally give to your youngest?Is it possible you feel your own need to be involved with activities or to have time on your own?   Maybe you simply need a break from constant mothering.Continue to give as much as possible to your youngest child."
"I was a single mom most of their growing up life and have guilt about trying to work three jobs and being gone a lot. My children are successful with their own business's, have lots of nanny and cleaning help, but I just feel they have such a great opportunity to spend it with their kids.","You seem to have been a very positive influence in your kids' lives.They may have worked so hard because they understood how difficult and tiring your life was as a single mom.I feel you are seeing your kids' lives through the measurement of how much toil was in your life as a single mom.In other words, what you see your kids overlooking or not appreciating, may remind you of your wishes during the many years you raised your kids.If it helps you and is possible, then maybe you could spend more of your own time tougher with your grandkids.  This may give some reward for the many years you spent working to support your kids and had no choice in the amount of time you had with your kids.As far as your kids relationship to their kids, it is now their turn to raise them as they wish, within ethical boundaries of course.Depending on the topics you and your kids talk about, consider to bring up your concern as to whether they feel their kids, your grandkids, are missing anything due to the limited time they have with the parents."
"She's in her early 20s, and she has a toddler.","Well, first let's identify what factors are involved in the situation about which you wrote.Are you the only decision maker regarding your stepdaughter living with you?Is her dad, and your partner, living under the same roof?Would you feel any obligation to consult with your husband about his opinion and his way of handling the situation?Have you talked with your stepdaughter about your observation and your reaction to the fact of her not honoring your boundaries?Consider too that there will be an effect on the toddler, your grandchild, if you kick out your daughter.Is your daughter financially ready to live on her own and support herself and her child?You certainly have the right to define the terms of what goes on under your roof.It is only fair to everyone that as many variables as possible, be considered.The conclusion may be that it is in everyone's best interest for your stepdaughter to move out.If everyone feels respected and a well thought out plan is developed, then the least amount of hurt and stress, and the most amount of happiness, will be possible from this change."
"She's in her early 20s, and she has a toddler.",This is something you will have to discuss with your husband.  It should be a joint decision if you value your marriage.  You can mention your frustration about your stepdaughter not honoring boundaries.  After you talk to your husband you both can have a talk with your stepdaughter about expectations in order to stay living in the house.  When it comes to stepchildren you need to be very careful you do not take the lead on the authority part.  It should be the biological parent.
"She's in her early 20s, and she has a toddler.","It may be helpful to first have a discussion about what you are expecting and put a timeframe on it that if she is not doing certain things by a certain date, she will have to leave. If you don't know where she can go, there is probably a list of shelters for the county that you live in."
"My dad is always, and I mean always, cussing and screaming at me for no reason at all. He makes me feel stupid. He also compares me to my other siblings in a negative way and demeans me. Is this abuse?","Oh my goodness, my heart goes out to you!!  I pray you have other strong and supportive loved ones or friends surrounding you. If you are in school, please consider speaking with a counselor on site who can help give you some good coping mechanisms as well as other resources.I believe most therapists would agree that this type of behavior is indicative of emotional AND verbal abuse. And quite often the two overlap because someone who is being yelled at and demeaned is also frequently having his/her emotions preyed upon as well. Healthy Place offers us some great examples of emotional abuse which certainly fit the criteria of what you describe:Yelling or swearing Name calling or insults; mocking.Threats and intimidation.Ignoring or excluding.Isolating.Humiliating.Denial of the abuse and blaming of the victim.And abuse survivor and author, Kellie Jo Holly, offers some other great examples of verbal abuse:Emotionally Abusive StatementsYou’re so cute when you try to concentrate! Look at you trying to think.I can’t believe I love a stupid jerk.Aw, come on, can’t you take a joke?Sexually Abusive StatementsYou should know how to please me by now.I hoped you were less experienced.Stop acting like a whore.Financially Abusive StatementsYou are going to nickel and dime me to death!In what world does buying that make sense?Fine. You handle your finances. Let me know when things go to hell.Societally Abusive StatementsHow dare you spread around our private business!Let me do the talking; people listen to men.You took a vow in front of God and everybody and I expect you to honor it!Threatening and Intimidating StatementsIf you don’t train that dog I’m going to rub your nose in its mess.I will take our kids if you leave me.You’re scared?! This isn’t angry! You will KNOW when I’m ANGRY!Spiritually Abusive StatementKeep your stupid beliefs to yourself.God will find a way to get you back, and it ain’t gonna be pretty.I can feel myself being pulled into hell just listening to your nonsense!It's been my personal clinical experience that children who are experiencing the types of things you describe often say they feel misunderstood, lonely, or scared and don't want to make things worse by standing up for themselves. Even if you feel you can't defend yourself outwardly, that doesn't mean your father's awful and toxic behavior is something you should ever internalize (i.e., believe to be true) which is why I hope you are surrounding yourself with people who will speak life and positivity back over you.  We are ALL worthy of respect, love, and kindness. Don't ever forget that!My love and light to you hon.Tamara Powell, LMHC"
"My dad is always, and I mean always, cussing and screaming at me for no reason at all. He makes me feel stupid. He also compares me to my other siblings in a negative way and demeans me. Is this abuse?","I'm really sorry to hear that you are going through this.It's a little difficult to answer your question because the laws that define child abuse are different from state to state. But usually, things like what you describe your dad is doing are not considered to be child abuse.The more important thing is how you feel about what is going on. It sounds like this is really bothering you.If you don't think you can talk to your dad about how you feel, you might want to try talking to another adult you trust (like a family member or teacher). They may be able to help you figure out some ways to communicate with your dad.I think you might feel better if you can talk to someone about how your are feeling."
"My dad is always, and I mean always, cussing and screaming at me for no reason at all. He makes me feel stupid. He also compares me to my other siblings in a negative way and demeans me. Is this abuse?","Yes, this emotional abuse.  There is no abuse without emotional abuse.  His abuse is demeaning and can have lasting negative impact on your perspective of your self and people around you.  Please find someone support to talk to."
"My dad is always, and I mean always, cussing and screaming at me for no reason at all. He makes me feel stupid. He also compares me to my other siblings in a negative way and demeans me. Is this abuse?","Everyone deserves to be treated with dignity and respect. Having said that, everyone gets upset once in awhile and may yell or scream, which can be disrespectful. You said ""always, and I mean always"" and that is troubling. If your dad curses and screams at you on a regular and consistent basis, it can (as you stated) impact the way you feel about yourself. While the definitions of child abuse differ from state to state, talking to someone can help. Perhaps there is a counselor at school, or another trustworthy person you could confide in to help you understand how this situation is impacting you? Counseling is a good option. There is also help available through the national hotline at 1-800-422-4453, 24 hours a day, 7 days a week. You can call (press 1) and talk to a counselor while being anonymous. You can also check out this website: https://www.childhelp.org/hotline/resources-kids/I am sorry that you are going though this situation. There is help available. You do not have to go through this situation alone."
"My dad is always, and I mean always, cussing and screaming at me for no reason at all. He makes me feel stupid. He also compares me to my other siblings in a negative way and demeans me. Is this abuse?","Yes, screaming and cussing at your child is considered abuse.Here are two points I suggest you consider for your situation.If your dad is ever calm when you and him are with one another,  ask for some time to talk about your relationship with him.Schedule it for sometime in the near future from your request.   This way he has time to consider his points of view on his relationship to you.  Even if he does no thinking about your relationship at all, he will not feel pressured by the surprise of suddenly being expected to talk about a topic he may prefer to prepare himself.My second point to you is to keep steady in your own views of who you are.  When a parent demeans and mistreats a child, the child is affected in a negative way.  Concentrate on loving yourself and keeping people in your friendship circle who care about you."
"My step nephew, a preteen, has begun masturbating. I also had to take away the internet because he was caught looking up porn. I’m worried about him.","Your nephew's behavior sounds normal and developmentally appropriate.  Masturbation is a healthy expression of sexuality.  Most families to create some rules about where it's ok to masturbate-- for example, stating that it should be done in the privacy of the child's own room.  I'm wondering if you or another adult in his life have talked to him about his developing sexuality?  It seems like that would help him and you handle his increasing maturity."
"We have tried gentle talking, counting to calm her and talking about it, sending her to her room and then trying to talk when she’s calmer, and now calisthenics. However, nothing is working.","There's two things this post relays - one, which I'm sure you've already looked into - is working with the school to address this problem. Sure, sometimes kids don't get along, but most schools look at bullying seriously, and this sounds serious. The other, though, is additional tools to consider to help your daughter. If you haven't already read Greene's Explosive Child, you might give it a shot. While it's a little preachy, many of the tools are wonderful and can help parents navigate tantrums. https://www.amazon.com/Explosive-Child-Understanding-Frustrated-Chronically/dp/0062270451 Another tool that can redirect a child that's losing it is a task. If her tantrums, say, involve throwing things, maybe she's in charge of throwing all the sticks and acorns off the driveway into the garbage bin. Ie: 'Hey Jenny, you seem really angry right now, let's use all that energy and get some work done!' Go with her, throw with her, even - if possible - making a game out of getting the acorns into the bin from a distance. I wish you all the best~"
I am in my 30s with 2 kids and no job and I'm behind on the bills. I've been trying everything with no results. I feel like everyone else puts their needs in front on mine. I give intil it hurts and I'm afraid that I'm going to fail my babies    I've been struggling for 5 yrs in a relationship with no communication and no alone time. How can I get some support?,"Financial stability is probably a good place to start your new life project.If your partner doesn't work or doesn't contribute his money to the household bills, then maybe you are eligible  for some type of stipend from the government.Especially since you have kids the child welfare service may intervene to help you.  Sometimes too, a partner who is unwilling to pay for their kids' wellbeing may be pressured by child welfare to make regular contributions to you and your kids.I''m glad you are thinking of your needs and those of your kids.  This is the philosophy which will show you what road to follow so all three of you are in a secure financial place."
I am in my 30s with 2 kids and no job and I'm behind on the bills. I've been trying everything with no results. I feel like everyone else puts their needs in front on mine. I give intil it hurts and I'm afraid that I'm going to fail my babies    I've been struggling for 5 yrs in a relationship with no communication and no alone time. How can I get some support?,I would want to know where do you put your needs? Often times we show people how to treat us based on how we treat ourselves. First identify how to practice good self care which can only happen when you are authentic and real about your needs and desires. You cannot pour from an empty cup and must take find the time to explore your purpose in life. It may be helpful to seek out additional support to work on your intrapersonal relationship.
"My daughter was overly tired and throwing a fit at her grandparent's house. She wanted to come home at midnight and cried screamed said she said she hated her grandma and that she wanted to kill herself!
    We also have a new baby in the house i didn't know if this would contribute to this. How should I approach this?","You wrote a very full family context w many directions to examine.Do you know or can you find out what the grandma and your daughter were doing in the evening of the screaming episode?Is it possible the grandma abuses your daughter, or tells her scary stories, watches scary movies.  These are only suggestions of some problem between grandma and your daughter.Also, ask your daughter directly why she wants to kill herself and what' killing herself"" means.   Seven year olds don't have a concept of death being a forever condition.  Seven year olds don't have a sense of future meaning besides liking/disliking them.   Maybe the new baby is a factor.  Do you feel this is a factor?   Trust your intuition to tell you if your daughter is resentful of your new baby.Even if she is, I doubt a seven year old has the capacity to connect current unhappiness with the intention of a future action, including suicide."
"The birth mother attempted suicide several times while pregnant. The adopted mother was terminally ill upon adopting the baby and died when the child was just over one year old. The adopted father then remarried to a physically, psychologically, and emotionally abusive woman. The child was placed in foster care at 11 years old.    What might be the long term effects on an adult with this childhood history?","The true answer is, ""no one can really say with certainty"".The variables are the way this child absorbs and adjusts to these significant changes in their life.  All anyone can do is guess at this point and there's no good reason to guess.The only general certainty is that the adult whom this child becomes will have had a profound encounter with the biggest types of human losses a child can go through.Some people become great teachers, therapists and philosophers who have this background.  Some give up on life and hide away from others.The best anyone could do who knows this child is to offer love bc this is the greatest guarantee to show there are good people on this earth."
My grandson's step-mother sends him to school with a pink Barbie backpack as a form of punishment.,"Parents are to teach discipline to children, not punishment.   Punishment is another word for wanting to cause hurt.  There is a different in discipline and punishment.  Punishment could have long term affects on a child's self image and growth.  It can lead to others issues such as bullying from peers as well.  Whatever your grandson has done, there is a much better way of getting him to understand that his actions are not acceptable.  Punishment is not one them.  Encourage the step-mother to build a positive relationship with him, this way he will learn to respect and trust her.  His actions would improve.  She may need to attend a parenting class for blended families."
My grandson's step-mother sends him to school with a pink Barbie backpack as a form of punishment.,"Absolutely not! It is never in a child's best interest to use humiliation as punishment. This can lead to issues in the relationship between parent and child as well as the child's social relationships. Kids have a hard enough time. To then go and cause them embarrassment is unconscionable. The entire job of a parent is to prepare their child to become a successful, healthy adult. You do this by using healthy ways to teach a child when they make a mistake. Discipline shouldn't be seen as punishment. It should be seen as a way to teach a lesson. What lesson could this possibility be teaching him? Absolutely nothing. Meanwhile, she is most likely damaging her relationship with him and causing great distress in his school day and peer interactions. She should be one of the people he can come to when he's hurting; not someone who causes him pain."
"I am in my early 20s and I still live with my parents because I can't afford to live alone.
   My mother says that if I live under her roof I have to follow her rules. She is trying to control my life. What should I do?","Hi!   I'm sorry you are having such a tough time with this situation.  I have worked with a number of young adults in their 20's who have had to move back home after college , or even stay at home through the college years.  Bottom line is that either way , it is so difficult when you are trying to discover who you are and what you want your life to be , to have to live at home.   I have even heard much older adults clients  say that when they visit their childhood home , they suddenly feel like a ""kid"" again .  The old dynamics between adults and their parents and siblings can pop right up as if they have gone back in time and are no longer adults !I would suggest that you approach your mom and say something like ""I am hoping we can talk about the best way for us to manage me living here.  I really appreciate that you are giving me a place to live until I get on my feet , and I want to be respectful of you and our home ; at the same time , though, I feel like it's important for me to have more independence than when I was younger because I am growing up and trying to learn more about myself and become more autonomous. Can we talk about what might be fair rules that we can  both live with ?"" If she is receptive , maybe you can each write a separate list of what you think would be fair and reasonable and then compare lists and try to make compromises and come up with a list of ""guidleines"" that feel fair to you both .   If this is too hard to do alone , perhaps you and your mom can meet with a therapist a few times who can help you to come  up with some kind of ""compromise contract.""   This is not an easy situation , but if you can approach your mom in a calm and ""mature"" way and suggest a planned, structured discussion that doesn't take place in the heat of the moment , your mom may be impressed by your maturity and even more receptive to working out some rules that you can both live with.Good luck !!Elissa Gross"
"I am in my early 20s and I still live with my parents because I can't afford to live alone.
   My mother says that if I live under her roof I have to follow her rules. She is trying to control my life. What should I do?","Hello. Even though legally you are an adult, it is a matter of courtesy to respect the homes of your parents. As long as you live there, you should be considerate of their needs. At the same time, there should be conversation about what each of you considers appropriate as it pertains to communication between a parent and an adult (even though you are still her offspring). This will require openness, honesty, and a willingness to give from both sides in a respectful way. Healthy boundaries can be established and honored when each is willing to do their part in this new relationship. Your mother knows you are an adult, but has not had as many years of treating you like one. So mentally and emotionally this will take some time for her to adapt. Share your concerns with her, and see if you can come up with a set of rules that you both can honor. It will be a great stepping stone for both of you as you move into this new chapter together as you begin relating a little differently.Reach out for help to a counselor if needed. You don't have to sort this out on your own. And lastly, take good care of yourself in the process. You are moving through some exciting times in your life. The more you can have support as you explore new events, the better you might feel less stressed.Warm regards."
"I am in my early 20s and I still live with my parents because I can't afford to live alone.
   My mother says that if I live under her roof I have to follow her rules. She is trying to control my life. What should I do?","Unfortunately you seem to have yourself in a double bind. By living with your mom she is not going to stop her attempts at what you perceive as ""controlling"". There is no use in trying to debate or get her to ""see your point"". As long as your there and you personalize her attempts at control, then you will find yourself frustrated and resentful. Try to find an extra job or a roommate so that you can do the natural process of moving on out.www.lifecounselingorlando.com"
"I am in my early 20s and I still live with my parents because I can't afford to live alone.
   My mother says that if I live under her roof I have to follow her rules. She is trying to control my life. What should I do?","Unfortunately I think most of us have heard this, so you are not alone.  If you are still under her roof she has leverage as to what her expectations are while you are living there.  I would consider therapy for the both of you to see if there could be a middle ground that could be agreed upon.  Often times a 3rd party can help with conflict.  If there is no resolution then I would look to get creative in finding a place of your own."
"I am in my early 20s and I still live with my parents because I can't afford to live alone.
   My mother says that if I live under her roof I have to follow her rules. She is trying to control my life. What should I do?","Hello. It sounds like you and your parents are not balanced in your communication and awareness of expectations. Your growth is not only reflected in your ability to understand and apply new knowledge and skills, it is also reflective of your parents acceptance of your understanding and application. Have you tried talking with your parents to let them know your concerns?This talking is best when face to face and during non active conflict ( can't begin stating rules during an argument, etc). Sometimes it is even helpful to write down ways you feel you can be supported by them and supportive to them. Maybe share this list or reflective piece with them to review, or use when communicating the expectations. Unfortunately, until there are clear expectations stated and expressed, the scale will be uneven and frustrations will increase. Dr. T"
"I am in my early 20s and I still live with my parents because I can't afford to live alone.
   My mother says that if I live under her roof I have to follow her rules. She is trying to control my life. What should I do?","That is a really tough situation that a lot of young people are experiencing right now. The first thing to under is that you can’t change who your parents are and cannot change their behavior. The thing to keep in mind is that you can control your responses and actions.  You may need to keep living at home with them for the next few months or years and the best way to do this is to have a plan. The second thing is to keep in mind that their controlling behavior is most likely not about based your behavior. Controlling parents are often driven by their concept of what will keep their children safe and happy. Unfortunately this is not always accurate but keep in mind it is not a personal attack.  There are ways you can deal with controlling parents – and most of them require creating a plan of action.Examples of action plans:Decide in advance how you’ll calmly and rationally respond to your parents when you feel they’re trying to control youArrange to phone a friend or trusted adult when you feel like you’re losing controlTalk in person to an adult you trust. There aren’t any quick tips on how to deal with parents who want to control you; you need to find strategies that are geared to your specific family situation. Get specific coping tips from books about family dynamics, such as:Toxic Parents: Overcoming Their Hurtful Legacy and Reclaiming Your Life by Susan ForwardCutting Loose: An Adult's Guide to Coming to Terms with Your Parents by Howard HalpernA counselor can be a good resource and provide support and guidance about issues addressing normal growth and development during periods of transition."
"I am in my early 20s and I still live with my parents because I can't afford to live alone.
   My mother says that if I live under her roof I have to follow her rules. She is trying to control my life. What should I do?","You're among many millennials who live with their parents due to financial reasons.Does your mother mean rules pertaining to the way your family household organizes its daily or does she mean something else?Every household needs rules as responsibilities to keep the house clean, who does the grocery shopping, the way costs are distributed for this and all the other carrying charges  and tasks of maintaining the house in decent order, as well as respecting the privacy and noise level requests of others who live in the home.This set of responsibilities applies whenever more than one person lives with another person.Have you tried simply telling your mom that you're willing to be a responsible household member and that you prefer to keep the details of the way you live the rest of your life, to yourself?This would show respect to your mom and start the discussion as to the areas of your life you feel deserve privacy and how you would like to handle when your right to run your own life overlaps with any household duties."
"My dad makes me feel like shit and like I'm worthless. He calls me names and makes me feel depressed. I want to move out because I swear if I stay here, I'm going to lose it. What can I do?","If you're actually able to afford to move out and support your own life, then this is a reasonable choice.If you're not in such a position and must continue for a while to live w your dad, then emotionally protect yourself from him.Doing so is much more difficult than maybe it sounds.Do you have privacy in your house and can you spend more time in a self-created safe space than around your dad?Also, limit the amount of dialogue you have with him so you don't offer him a chance to feel invited to criticize you.Are there other people who live in the household w you and dad?If yes, then are they similarly called names or are you singled out by him? What do the other family members do when they hear your dad calling you names?Is it possible the other family members don't realize how hurt and upset you are by your dad's behavior?If yes, then make a project for yourself to tell the other family members that you suffer from your dad's name calling.It is possible the other family members will step in and tell your dad to stop.Not necessarily that he will stop.  Knowing the others support you emotionally and find you credible is helpful on its own."
"My dad makes me feel like shit and like I'm worthless. He calls me names and makes me feel depressed. I want to move out because I swear if I stay here, I'm going to lose it. What can I do?","Are you old enough to move out? Then by all means, what's stopping you?If not, is it possible for you to move in with another family member?If you're a minor, CPS may need to step in. They often do in cases of abuse. Your safety is the number one priority.It's difficult to offer advice without knowing more about your situation. But I can say this: Don't let other people define your self worth. You can choose NOT to allow him to make you feel anything. It really is that simple. By looking at it as a choice you make, you will be empowered to take control over your emotions and learn to feel better about yourself because your self-worth will no longer be defined by what someone else says about you or how they treat you.Let me say that again in a different way: Your self-worth is NOT defined by someone else. The way he treats you is a reflection of who he is as a person - not you. Don't take ownership of that! I understand that if you are a minor, setting healthy boundaries and refusing to accept this kind of treatment can be difficult. Reach out to others for help. But if you are 18 and over, there is absolutely no excuse for you to be there having to put up with maltreatment. Put up some boundaries and create the distance needed to protect yourself emotionally. You owe it to yourself, and deserve to live a healthy, happy life. Anyone who tells you otherwise is wrong."
I want to live with my mom. My dad gets angry and makes me feel like everything is my fault. I still talk to my mom although My dad tells me that I'm no allowed to. I'm scared I will make the wrong decision and that my dad will hate me.    How do I tell him that I want to live with my mom?,"Yes, from what you wrote, your dad doesn't accept responsibility for the way he feels and blames you for his feelings.I'm glad you recognize he's handling himself less as a grown person and more like a young child.I also understand your hurt and frustration that your father handles himself in a way which shows for now that he is unwilling to respect your wishes.Your decision is not surprising since most people wouldn't want to live with a parent who shows little interest to respect their kids' decisions.In terms of how to tell him your choice, do this in simple and most basic information terms.   ""I've decided for now to live w mom"".I suggest to not offer reasons to him bc he doesn't seem interested in hearing them.   Giving him reasons would likely trigger him to rebut them.If he asks questions, answer them as simply as possible.If and when you feel he is more willing to understand and know you, then you'd feel more free to have genuine dialogue with him.Right now he doesn't seem very ready to handle this."
I want to live with my mom. My dad gets angry and makes me feel like everything is my fault. I still talk to my mom although My dad tells me that I'm no allowed to. I'm scared I will make the wrong decision and that my dad will hate me.    How do I tell him that I want to live with my mom?,"There is a lot of information that needs to be filled in first. So what the custody arrangement? Does your dad have full custody? Is the custody shared? What does your mom think about the situation? Is she willing to go to bat for you?What is your age? Usually you have the right to choose based on age requirements set by the state.Legally you can't be kept away from your mom unless there is some legal complications that prevent it.Is your father abusive and should you seek protection?Many details need to be filled in.You can seek counseling without your parents approving or knowing, depending on your age.Find counseling through school or local agencies.You have rights and one of those is the right to choose."
"I have three children: a biological daughter, a stepdaughter, and a stepson. I found out my stepdaughter overdosed today. My daughter blames me. I told her to stay out of it. I'm scared of all three kids now. They all blame me for their choices they made. All three have drug addictions. I had a stroke in 2013 so I need to depend on people from now on.","Blaming others is one of our greatest coping mechanisms.  It is not just for addiction, and often we blame the ones closest to us.  You can not stop them from blaming you, you can stop yourself for taking on the burden.  We are all in charge of the choices we make.  No one makes us do something other than our self.  We choose how we internalize and react to situations.  I would find a good therapist who understands family dynamics and addiction to help you cope with your current environment and help you move forward."
"She refuses to talk to me and told my mom (her grand mother) that she is remembering things from the past. I don't know what to do. My daughter blames me and swears she hates me.
   My parents say I should just let my daughter live with her dad, but I don't see how I could fix things if I only see her every other weekend. What should I do?","Sorry to hear about your high degree of stress.How old is your daughter?Who abused yours daughter?The answers make a difference to your decision.Obviously if the father was the abuser, then unless your ex demonstrates to you and you believe, he will not abuse her, your daughter should stay with you.If someone other than the father was the abuser and the father has a good relationship with your daughter, then it is possible that the time away from your household will give each of you time away from arguing with one another.What does your daughter tell you she wants?Her wishes must be considered too.Relationships can be fixed.   Sometimes being apart helps this process because the two people each have time to reflect more deeply on what they value about the other."
"She's a teenager, and for the last two years, she's lived with her older brother. She's angry because she wants to come live with me, but my current living situation is not the best for her. She refuses to see any reason. She's being disrespectful. Her sexual curiosity is waking up.","You're her mom and she needs you.  I would suggest focusing on connection.  Since you are not currently living together, one way to do this would be to plan a date in which she gets to decide what you do together.  Give her time to think about what she wants to do.  As long as the activity is safe and affordable, try to do it, even if it's not your thing.  While you are with her, turn off the phone and give her your undivided attention.  The goal would be just for you to enjoy each other and connect."
"I told her that if daddy dies, we will never see him again. She started crying because I wouldn't make her daddy die.","Children often have a difficult time expressing emotions accurately. It is also very likely that your daughter does not understand  the permanence of death. Having said that, she is using some very specific ideas here and I would recommend contacting a local mental health professional with some experience working with children.I would also wonder where she is getting this idea. Sometimes children hear things on TV or from an adult and we are not even aware of how much they are remembering.It may be helpful to teach her things that she can do when she is angry, like say that she is mad because she cannot have the toy that she is asking for.I'm curious as to how long it is that she stays mad like this and whether she talks to her dad after she is no longer angry. Does she say the same sorts of things about you?It may also be helpful for you to work with a mental health professional (possibly the same one who is working with your daughter) so that you can have some support with this as well."
"I told her that if daddy dies, we will never see him again. She started crying because I wouldn't make her daddy die.","Toddlers don't have the intellectual capacity to conceptualize.Better to find out why she wants daddy to die than explain the future consequences of death to your toddler.A person must be around 9, possibly 8 years old before absorbing the potential effects of an action taken in present time.Pretty much your toddler demonstrated to you here age appropriate and limited understanding of the loss of a parent, by crying that you weren't able to magically make her father disappear.Also, please pay attention and form your own opinions as to the reasons why your toddler would wish her father's death.She may be pointing out that the father behaves in frightening or harmful ways towards her."
"I told her that if daddy dies, we will never see him again. She started crying because I wouldn't make her daddy die.","It's normal for a child to be so angry she wanted someone to die, but this seems to be heading into a dangerous realm. I think it would be wise to have her seen by a child psychologist just to rule out anything more serious."
"My husband’s ex-wife married a man who was charged with seven felony counts of pandering involving a minor. He, by his own admission, is addicted to child pornography. My step-daughters are now all teenagers. They do not know. My husband’s ex-wife has kept this information from my step-daughters. The step-father has had issues regarding his pornography addiction recently. The ex-wife minimizes it by saying that he has ""repented."" It is a constant strain on my husband, knowing that his girls are living with a man who is addicted to child pornography. My own therapist believes the girls should be told. The ex-wife says her therapist says the opposite.",If the daughters are old & mature enough to understand substance abuse.  They should be told for their own empowerment. KNOWLEDGE is their power of safety and protection.
"My husband’s ex-wife married a man who was charged with seven felony counts of pandering involving a minor. He, by his own admission, is addicted to child pornography. My step-daughters are now all teenagers. They do not know. My husband’s ex-wife has kept this information from my step-daughters. The step-father has had issues regarding his pornography addiction recently. The ex-wife minimizes it by saying that he has ""repented."" It is a constant strain on my husband, knowing that his girls are living with a man who is addicted to child pornography. My own therapist believes the girls should be told. The ex-wife says her therapist says the opposite.","The information from the other therapists here is sound and prudent. There are what sounds to be real legal (is this man a RSO [registered sex offender]; is he prohibited from being in proximity to minors? use/possession of child porn violates any # of state and federal statues...) and safety issues at play here. Your husband's daughters have an immediate ""need to know"" and this can be done developmentally-contextual, factually and in a non-shaming fashion. I would further counsel that you and your husband (his daughters welfare is at stake) seek immediate legal counsel. The ex-wife here seems to be between a ""rock and a hard place"" of her own creation -- she desperately needs care, treatment for herself. Resources for Your Consideration: 1) http://www.missingkids.com/home; 2) https://www.justice.gov/criminal-ceos/citizens-guide-us-federal-law-child-pornography"
"My husband’s ex-wife married a man who was charged with seven felony counts of pandering involving a minor. He, by his own admission, is addicted to child pornography. My step-daughters are now all teenagers. They do not know. My husband’s ex-wife has kept this information from my step-daughters. The step-father has had issues regarding his pornography addiction recently. The ex-wife minimizes it by saying that he has ""repented."" It is a constant strain on my husband, knowing that his girls are living with a man who is addicted to child pornography. My own therapist believes the girls should be told. The ex-wife says her therapist says the opposite.","Lorain, you're correct that your husband's ex-wife is (seriously) minimizing this problem. I have a very strong opinion here. In my book, the safety of children trumps potentially insulting or hurting the feelings of adults. Of course the girls should be told, because they have the right to know. Their voice is not the only one I'm concerned about here though. I believe your husband has the right to insist that his daughters be in a safe home, and there is clear evidence this man is not safe. This woman is putting her own comfort (she simply doesn't want to deal with her partner's situation, her own fears, or anyone else's needs) above the safety of two vulnerable girls. Honestly, if it was me, my kids wouldn't be even visiting that home with that man present, ""repented"" or not. It's not worth the risk. If she decides to stay with him, the natural consequence of having a known perpetrator in your home is not having access to vulnerable children in that same home."
"Her father and I have been dealing with this problem for quite some time now. She is an adolescent, and the problem is mostly food. She is now overweight, and we just don't know what to do anymore. She can be disrespectful and doesn't listen to or respect what we say.","I would be curious about there potentially being some emotional or physical trauma in your daughter's history that she is struggling with. Physical trauma is usually easier to identify, but emotional trauma can be feeling a lack of emotional connection in her important relationships, having experienced bullying, or some other emotional injury. The fact that there are some defiance symptoms going on suggests that she might be in need of a safe place to process what she's going through, and the potential issue with control or meeting emotional needs with food is also concerning. I would recommend looking for a therapist/counselor who works with children/adolescents in the area of addressing trauma for an assessment. They may be able to ask the right questions to see whether trauma is truly the issue."
"Can a counselor take sides with one parent and allow a parent to order the child to tell the counselor ""every detail"" about what happened during the other parent’s visitation in order to help build a case for child custody?","I see a few issues here:First, the age of the child is important.  If the child is considered an
""adult"" by state law with regard to counseling (states differ on this
- the range is typically between age 13 and age 18), no one is allowed to
be in the session without the child's consent.Second, ethical and legal standards generally require that a
counselor be in the role of a therapist, or in the role of an evaluator, but
not both.  This means that a counselor
should not generally provide both counseling and offer an opinion regarding who should
have custody of a child.Third, knowing the details of any parenting plan or
separation agreement is important. 
Generally, either parent can consent to counseling for a minor child and
can be present during the child’s sessions. 
If a court order, parenting plan, or separation agreement specifies that
one of the parents has sole decision making authority, then only that parent can
consent to counseling for the minor child and only that parent can be present during the child’s
sessions.In a situation like this I would strongly recommend seeking
out legal advice specific to your state law."
"He is an adolescent. He has peed his pant multiple times over the last few years, all at times when he is too wrapped up in a video game or video. We have taken away games and videos for long periods of time as punishment, but after a few months of having then back, he pees his pants again.","Sounds as though your son is ""pissed off"" about something.Punishment will most likely result in more of the same, not less of the peeing you would like to stop from happening.""Laziness"" is more of a social judgement than it is a characteristic of its own merit.Is this your description of your son or his description of himself?First step always before addressing any of the family dynamics, emotions, and psychology of the people involved, is a medical rule out as to why your son pees at times he plays video games.If he has medical clearance that there is no physiological  problem, then talk with your son on his opinions as to why he pees, if he is aware of the urge to pee and ignores it, or that his attention gets so absorbed he doesn't notice the urge to pee.See what modifications you can create by cooperating with your son.Maybe it is as simple as each two hours, he sets a timer and when it goes off, he takes a bathroom break."
"He is an adolescent. He has peed his pant multiple times over the last few years, all at times when he is too wrapped up in a video game or video. We have taken away games and videos for long periods of time as punishment, but after a few months of having then back, he pees his pants again.","From a behavioral standpoint you should refrain from punishing your son.  Instead of utilizing punishment when he wets himself provide contingencies prior to any accidents.  Sit down with your son and discuss the importance of utilizing the bathroom and responsibilities and inform him that if he chooses to wet his pants that his video games will not be available for use for him the next day(or your designated realistic time frame).  This way if an accident occurs, no heated words have to be exchanged because you have already laid the ground work.  Also allow him to clean up himself.  Gather cleaning supplies and and oversee cleaning operations without ridicule or negative feedback.  Since you have stated that you have an adolescent who is experiencing enuresis, you may want to check with your PCP and a licensed professional for underlying diagnosis that can be treated.   You can also call a local behavioral analyst."
Is this something I should be worried about? Should I do something about it?,"It can be tricky to figure out if a child is truly satisfied with his lack of friendships. Parents can usually tell when their child is happy. But kids who are unhappy may be masking disappointment, perhaps acting out their feelings in an aggressive manner. Others may internalize symptoms, appearing sad or withdrawn. A parent may learn a great deal by asking the teachers questions such as whether the child works with others on group projects or if he eats lunch alone. A parent can also talk with the recess supervisor about what happens on the playground, and whether your child stays on the sidelines of play, unsure of how to join the group. Therespectfully is a difference between kids who are shy but happy and kids who feel isolated because they do not know how to make friends. Itis not necessarily that there is something wrong with that child, but they will in fact need help and suggestions for breaking into a peer group Ask a child if there is someone he would like to have over to play. If a mom or dad can make the play dates happen, or if they hit on an activity the child truly enjoys, the young person may begin to forge friendships on their own. I encourage well-meaning parents to choose words carefully. Use phrases like, ""Hey, I noticed something,"" or ""Let me help you be successful."" By showing respect, parents should feel more comfortable nudging their children beyond their comfort zone.When to seek professional help. When does isolation raise a red flag for long-term issues? True personality disorders are not typically diagnosed until adulthood. Still, professional counseling should be considered if the anti-social behavior is causing the child significant distress, perhaps keeping him from functioning in everyday activities. Also, parents should pay attention to how the child's social behavior changes over time such as social anxiety. The vast majority of children who define ""quality time"" as time alone are perfectly happy, healthy and normal. If the child is able to nurture at least one friendship, exhibiting what experts call ""social reciprocity,"" then parents can relax, and can cherish that child who enjoys the pleasure of his or her own company."
Is this something I should be worried about? Should I do something about it?,"My son plays alone at recess.Is this something I should be worried about? Should I do something about it?Every mom is the expert on their children’s behavior.  First of all, I suggest checking with your son, asking him if he is happy while playing alone, or does he complain that no one wants to play with him?  Does he plays alone in school, but is social in other environments, with family or neighbors?Playing alone is healthy for children, it helps them to be independent and confident, it allows them to explore their environment and use their imagination, among other benefits.  On the other hand, it is also important to develop social skills early on and become confident in our skills as we grow.  Children go through stages of exploration until they develop a sense of “social confidence”. Depending on your son’s age, he might need some input or advice.  Provide the opportunity to interact with other children, without pushing it.  Take him to the park to play with a friend or to children’s activities in your neighborhood.  Later ask him, what did he thought of the activity, and if he enjoyed playing there.  Children also follow their parent’s model, so you can encourage social interaction by greeting other and asking your son to do the same, ask him to receive the guests who come to the house with you and sit to enjoy the conversation. If you notice any shakiness, becoming tearful, anxious or aggressive when approaching social encounters, you may want to talk to the school counselor or children’s therapist to evaluate those symptoms and rule out any behavioral problems or social anxiety.Mi hijo juega solo en el receso.¿Debería preocuparme al respecto?  ¿Debería hacer algo al respecto?Cada mama es experta en la conducta de sus hijos.  Primero que nada te sugiero que revises con tu hijo y le preguntes si él se siente contento jugando solo, o si se queja porque nadie quiere jugar con él.   Observa si él juega solo en la escuela, pero es sociable en otros ambientes como con la familia  o los vecinos. Jugar solo puede ser saludable para los niños, les ayudo a ser independientes, desarrollan sentido de seguridad, y les permite explorar su ambiente y utilizar su imaginación, entre otros beneficios.Por otro lado, también es importante desarrollar destrezas sociales y perfeccionarlas con la práctica.   Los niños van por etapas de exploración y prueba hasta que desarrollan un nivel de confianza en sus destrezas sociales.  Dependiendo de la edad de tu hijo, puede que el necesite algunos consejos.  Provéele la oportunidad de interactuar con otros niños, sin obligarlo. Ya sea yendo al parque a jugar con vecinos, o a actividades comunitarias infantiles con algún amigo.  Luego pregúntale como le pareció la actividad y si le gusto compartir allí.  También recuerda que los niños siguen el modelo de sus padres, así que puedes motivarlo invitándolo a que salude a otros después de ti, o invitándolo a recibir a la visita que llega a la casa y que los acompañe durante la conversación.Si observas que tu hijo está nervioso, lloroso, o agresivo cuando se acerca alguna actividad social, consulta con el consejero escolar o un consejero infantil para evaluar sus síntomas y descarta cualquier problema de conducta o ansiedad."
Is this something I should be worried about? Should I do something about it?,"I recommend asking your son about the reasons he chooses to play alone at recess. If he is happy on his own and you know he has some friends, I would not be very concerned. However, there may be bullying going on at school. In the case of bullying, it may be a situation where you as his parent will need to step in."
Is this something I should be worried about? Should I do something about it?,"Humans are social creatures so this can be an alarming thing for a parent to deal with, just like adults children are not the same and some children are more social than others, if he plays alone at recess (all the time) it would worry myself as well, however recess is only one domain of life, does he have friends outside of school or daycare? Does he socialize in other situations or is it just at recess where this occurs? If this is a global problem occurring at other social times it may be indicative of something deeper going on, if perhaps it is occurring ""just during recess"" it could be something else altogether. I would request reports from all teachers and caregivers concerning socialization and make a choice on whether or not to evaluate further.Hope this helps,C"
Is this something I should be worried about? Should I do something about it?,"The answer depends on how the other areas of your son's life are doing.Is he happy or does he seem happy, playing alone during recess?Does he have friends in other social circles besides the students whom he's with at recess?How is his academic progress?How is his social integration among his classmates?Are there any special or unusual circumstances in the home and family environment?Go through this list to form a fuller idea of whether your son simply likes alone time and takes this option during recess, or if any if the above areas show stress or difficulty for him and which need to be further understood and handled."
"Me and my adult daughter just do not get along. She's very belittling to me when I don't agree with her. It's almost like she scolds me. We get into all out war. She's said I don't support her in what she does and that I've never loved her. She calls me horrible names, and she pushes my buttons to the point I call her names.","As frustrating and probably hurtful as your daughter's comments sound, there's also a message in them about how she genuinely feels.To some degree, your daughter and you may both feel similarly misunderstood by the other.Developing ways of listening and talking to one another to better understand how you each feel, would probably help a lot.One major point to be aware, is that the mother/daughter relationship dynamic, because it is strong, may slow the new dynamic of relating as two adults.Watch for your own tendency to expect your daughter to consider you as a parenting authority, instead of considering her as a grown person.The same is true of your daughter.  She may need to remind herself to talk to you as the adult she is.Her needs from you are real, they just need to be spoken to you in an adult way."
"We are the legal guardianship of our grandson. He has been acting out, and he wants to talk to his mom that has not talked to him since before last year. How are we to handle this?","Hi Boone, This depends a lot on his age and the situation. The younger the child is, in general, the more I would see this as your decision, not his. A child of any age should be listened to carefully about these matters, but just because a child has unresolved issues about a parent doesn't necessarily mean that having contact is a good solution. Some questions... Was the parent harmful to the child? Is the parent likely to be harmful to the child? How likely is it to be a positive experience? Do you have any contact with the parent? You may want to speak with the parent first to determine whether they are in a stable enough place to allow this to happen.  I would start by asking the child more about what is on his mind. What does he want to get out of a visit with the parent? Is it to see them and know the parent is okay, to get an apology, to apologize for a perceived hurt, to have regular contact, to find out if they are loved...? What does he hope mom or dad might do or say in the visit? There are many possible goals this child might have in mind. This will give you a sense of what's missing for the child; what need are they trying to fill. Once you know the need, try to determine the likelihood of that need being met successfully through contact.Once you determine the risk of the child's need not being met, then you decide whether it makes sense.  The older the child, the more able they are to determine this with you or for themselves. There are other options than a face-to-face. He can write to his mom or dad, text or email. It's likely that the child is looking for a sense that he is loved, wanted, worth some effort. When a child is separated from a parent, they tend to blame themselves. Whether he sees the parent or not, he will need extra love, attention and support than a child who has two loving, present parents. I wish him the best and I'm grateful for the love and support you continue to give your grandson. You're very special!"
"I am divorced and happily remarried. Our blended family of children are in their 20s. My youngest, age 20, continues to call me crazy and favors her dad. He was abusive to me, and I left with injuries. He never wanted kids, and I did. He paid child support only through forced wage earners. Now my daughters favor him after all the sacrifices I made for them the past 15 years as a single mom. I don’t deny them a relationship with their dad, but to be called crazy and then watch them hang out with him hurts me to the very core. I’m not sure how to handle this.","Hi Arkansas, Your situation sounds like a case of parental alienation. Your ex-partner unfortunately has the power to say things to your children that poison their relationship with you. It's a form of woman abuse and child abuse. He's likely doing this to hurt you and have power over you, and he's not considering how it's affecting the kids. I've seen this happen in many families; parents who once had a strong loving relationship with their children suddenly feel abandoned in favor of the other parent. In some cases, children actually stop having contact with one parent, who is left bewildered and powerless. It's your ex's job to support your relationship with your kids, not try to destroy it. While you can't change his behaviours, and I think you know that, there are things you can do for yourself and your kids. For your children, you can refuse to enter into the war he's setting up. He's trying to provoke you into acting ""crazy"", but you don't have to fall for this. If you run around screaming ""he's lying!"", it only makes you look more 'crazy'. Try to stay calm, and don't put their dad down to them, no matter how tempting it is. One day, they may be ready to hear the truth of your relationship with their father, but wait until they ask. Trust that they have their own experience of their dad, and trust that he doesn't have the power to destroy their love for you. Children, in the long term, lose respect for parents who denigrate the other parent. They see who their dad is already, I'd bet, but they don't know how to cope with that. If he's the only one fighting a war, you're helping them feel less trapped in a parental conflict. Don't engage on his level. Don't blame your children completely. Although I have to say that for them to call you names like crazy is not acceptable and you don't need to tolerate that disrespect, try to deal with this behaviour without bringing their dad into it. They are acting out their father's agenda, likely because they instinctively see his weakness. Children often support the weaker parent, rather than abandon them. You get the worst because they trust your love. But you can still have boundaries. Letting them abuse you isn't the answer, but have compassion for their position. This picture isn't their fault, but as adults, they can be held accountable for their choices.Reassure yourself that you are the mom you know you are. You don't need them to gush all over you in order to know that you made sacrifices. Hold onto the likelihood that some day, they will come back and be grateful. It may take a while, you can't rush it, but they will see you for who you are. Your power is in giving them a consistently calm, generous, connected, supportive mom who refuses to play games or be walked on. I'd recommend trying to connect with other parents who experience this phenomenon, or a therapist who can reinforce these goals and help keep you grounded. Good luck!"
"I am divorced and happily remarried. Our blended family of children are in their 20s. My youngest, age 20, continues to call me crazy and favors her dad. He was abusive to me, and I left with injuries. He never wanted kids, and I did. He paid child support only through forced wage earners. Now my daughters favor him after all the sacrifices I made for them the past 15 years as a single mom. I don’t deny them a relationship with their dad, but to be called crazy and then watch them hang out with him hurts me to the very core. I’m not sure how to handle this.","Hi, I understand what you're going through. Your daughters favor him because he has done no wrong in their eyes. Im guessing they lived with you? Growing up I was the same way.. I favoured my dad, thinking he has done no wrong. He also abused my mother multiple times, and that never came to mind. kids like their other parent more mainly because they don't see them everyday, and they usually buy them everything they want, because all he does it pay child support (by force) and then spoil their kids to make them happy. You seem like a great mom, don't doubt yourself."
"I am divorced and happily remarried. Our blended family of children are in their 20s. My youngest, age 20, continues to call me crazy and favors her dad. He was abusive to me, and I left with injuries. He never wanted kids, and I did. He paid child support only through forced wage earners. Now my daughters favor him after all the sacrifices I made for them the past 15 years as a single mom. I don’t deny them a relationship with their dad, but to be called crazy and then watch them hang out with him hurts me to the very core. I’m not sure how to handle this.","It sounds really difficult to know that your daughter may be ""choosing"" her dad over you, perhaps I can help by saying her intense emotional reactions towards you actually acknowledge how much safer and connected she feels towards you. We tend to have big emotions around those we care for most. I would suggest to let her know how hard it is to hear that, and sad it make you feel at times, and that this is hard for everyone. Expressing your feelings to here, will allow her to express hers too."
"We live with my ex-partner’s sister and her husband. We have been there for five years now. They are Hispanic and talk to my daughter in their language. Sometimes they overstep their balance between aunt and uncle and reach into my role as a parent. They neglect to see this. I do, and it reflects in my child's behavior. She sees them as stable but is upset that her dad isn't here, and my intuition tells me she blames me to a degree because she doesn't know about his alcohol addictions.","Hi New York, I'm happy to hear that your daughter doesn't know about her dad's addictions. Although you don't say how old she is, and I imagine that at some point in her life she will be ready to know the truth, I trust your instinct that now is not the time. Your ability to have clear boundaries about what is adult conversation and what is suitable for a child to know are really important here, and I can tell you're being appropriately protective and a thoughtful parent. As much as this helps your daughter, I sense that you also know you can't take away the emotional pain that comes from having an absent parent. Children tend to blame themselves for a parent's absence. These children need extra love and support wherever they can get it.You say that you feel like there is a wedge between you and your daughter. I understand that having your ex partner's relatives in the same home would make it uncomfortable at times. It is very important to establish boundaries; only you should parent your daughter, but it's also natural for people to want to assist you. Let's trust that their intentions are good, if there is no evidence to the contrary. As much as they support you, they also  have emotional ties to your daughter's father. While there is potential for discomfort in this complex situation, there are also many positive factors here that I invite you to see.I don't know what your culture is, but for your daughter to have the opportunity to preserve her father's heritage language and a relationship with his family are potentially wonderful additions to her life. In general, the more adults around loving and supporting a child, the better. It could be that you are feeling threatened by small moments where there appears to be a special connection between your daughter and her father's family. Nothing anyone else does can take your daughter's love from you. My hope for you is that you can feel so secure in your own position as loving mother that you will not feel intimidated by other positive connections your daughter has. They are potentially wonderful connections, and she deserves your support in maintaining those relationships if they don't harm her.I suggest that the most important alliances to work on here are between you and your ex's family. If you could all give your daughter the gift of a healthy, united supportive and loving safety net for her...that's the best outcome of all."
"My brother just broke up with his girlfriend. While they were dating for the past two years, her son spent the weekends with me and my mother. Now she doesn't think her son should have any interaction with us. How should we approach the situation? Is she doing the right thing for her child?","Hi Tampa, I get that this is a loss for all of you; you have bonded with this child as a result of the significant time you have spent with him. He's a lucky boy to have had you all taking care of him. Certainly, it seems that his mother might not be making the best decision for her son; if you are willing to maintain the relationship, it would be good for him to still have that contact. In my book, the more people loving a child, the better. But, ultimately, she has the right to make these decisions. To oppose her won't likely do any good. You can focus on grieving this relationship and supporting your brother through his loss as well."
"My mother-in-law is mentally ill. She has been for most of her life. She cuts herself. She has been in and out of psychiatric hospitals for about 40 years. She has voices in her head that tell her to cut herself. She has had multiple shock therapy treatments, and she’s on enough medication to take down an elephant. Her parental rights for her two children were taken away from her when my husband was a boy—he is now in his late 30s. She doesn’t even have custody of herself. She hasn’t asked yet, but she has been insinuating that she wants to babysit my child. How do I go about saying no without creating an issue?","Hi Fontana,Thanks for providing all the details needed in order to respond to your question. It seems very clear to me that ""no"" would be the appropriate response. I like your healthy boundaries, and I'll help you explore possible ways to respond to her. First, she hasn't asked yet, and you don't know that she will. Right now, you can pleasantly ignore her hints. They're not hurting you and if you ignore them, they're more likely to go away. You can address and reduce your own anxiety about the possibility of her asking by reassuring yourself that you have the right as parents to make this decision, and that if she's offended, that doesn't mean that you're being mean; it means that she has unrealistic expectations. So, the first goal is to put it out of your mind as a worry. You might never have to face that moment. But, I understand that you want to be prepared.As her son, perhaps your husband is the best one to answer the question, should it ever come. Is he willing to do this? But if you are comfortable, and if you're the one she asks, you can confidently give her a simple, honest response about why it won't happen. And I would suggest presenting a firmly closed door, rather than saying ""but maybe later"". No need to apologize or hum and haw...""We love that you want to be around Junior, and we definitely want you in his/her life. (try to leave out the ""but"" here). You're not in a healthy place, and we're not comfortable with you caring for him/her on your own.""If she pushes the issue, this is evidence of her denial or inappropriate boundaries. I'd let her know that it's not negotiable, that you understand if she's disappointed, but you're not open to discussing the issue. Really, there's nothing to discuss. Learning not to take responsibility for her emotions is part of having an ill person in your life. I wish you the best."
"My daughter didn't see her biological father for the last three years. She doesn’t want to see him because she remember really bad things from him such as domestic violence and child abuse. The visitation is with supervision, but she refuses to see him. Is it better to take my daughter to the therapist and try to see him after the therapy?","Has the father or the visitation supervisor contacted you regarding why your daughter hasn't shown up for the past three years' worth of supervised visitation?Or is the supervised visitation a new development for the bio dad and your daughter?If no one is pressuring or expecting your daughter to show up, no one has even asked where she is, why she isn't present, then I don't see any reason for you to offer more effort by your daughter, than the father is willing to make for seeing her.If your daughter is willing to talk with a therapist, then let her find out first hand if the sessions seem useful or not.The one move I'd avoid is to force your daughter to go to a therapist since growing up in a household in which child abuse took place, being forced may remind her of her own feelings from this past, of feeling no one heard or cared about the way she wanted to be treated."
"My daughter didn't see her biological father for the last three years. She doesn’t want to see him because she remember really bad things from him such as domestic violence and child abuse. The visitation is with supervision, but she refuses to see him. Is it better to take my daughter to the therapist and try to see him after the therapy?","Hi Dillon,I'm from Canada, so I don't know the laws in your state. It depends on that a good deal, perhaps. In my opinion, a child should never be forced into a situation where they feel unsafe, even if it is ""supervised"". If the child is old enough to make a strong statement about not wanting to see a parent, then this should be honoured. Unfortunately, the laws don't always uphold a parent's right to do what is best for their child. I recommend you see a lawyer, who will advise you about how to proceed without putting yourself at risk of breaching custody agreements.If you feel your daughter can benefit from therapy, that is a separate question. Or is she already in therapy? A family therapist will typically meet with you alone first, in order to determine if therapy is a wise move for your child. It isn't always appropriate."
"My fiancé and I have been in a relationship for two years. We have an infant son. My fiancé also has a child from a previous relationship. We do not live together. I live with my mother currently while I get on my feet, and he's living with some friends. My mother and I have an awful relationship that is completely unbearable most of the time. We cannot even stand to be around one another while living in the same house. She has made it clear that she wants me gone. Recently, I was talking to my father who lives in a different state. My father and I have always had a good relationship. I explained to him the situation I am in with my mother, and he said he would like for me, my fiancé, and our son to come live with him and his wife. I would really love to go. I do not want my son to be in this environment with constant arguing and negativity any longer. There is nowhere else for me to stay while remaining in this state. The problem is my fiancé is refusing to move away with me because he does not want to leave behind his other child. He and his child's mother have a horrible relationship, and she would absolutely not be willing to let him visit if we moved away. I believe I would be doing what is best for my child by moving away, but I do not want to leave without my fiancé. I have already explained the situation to him, and he will not give in. Do I continue to stay in this negative environment with my child and keep our family together? Do I move away with my child and have my relationship end? I do not want to take him out of either of his kids’ lives. What do I do?","Hi Bethlehem,You have a big decision to make.  I appreciate your fiancé's need to stay close to his child and be a stand-up dad, and I am glad that you know your son needs an emotionally safe place.I'm a bit confused, because the obvious answer seems to be that you and your fiancé would get your own place together. I get that you want your dad to take care of all of you, but maybe it's time to take responsibility for your own future and start building it independently of either parent. I say that without knowing how old you are, but if you have a child and a two year relationship, you basically have declared your independence anyway.  I wish you the best."
"Just wondering if this is a deviant act, and if I should be concerned for him. He isn’t quite 10.","Well it's certainly unusual, and potentially could be cause for alarm. It's a passive aggressive act if done intentionally, so I would wonder if this child is trying to say something.I think without any context, however, or sense of whether there are other signs of disturbance, it's impossible to say what's going on. If there are other signs of distress or very unusual behaviours, you might bring the child to someone who can assess him properly."
"My boyfriend has a child he gets every other weekend. He goes to see her twice a week or more. Every time she leaves, he gets into these funks like when his mom died. When she’s here, she’s disrespectful, and his answer is “Well, I don’t know what to tell you.” She swears and talks back, and he laughs. He and her mom have been apart for three years, and he blames her behavior on that and her being so young. We never have adult time when she’s not here. She’s the ""golden child,"" and he won’t listen to anyone.","Hi Lockport, Building a relationship when there are already children involved is very tricky. You don't tell us whether you live together or not. If you do, your position is perhaps more difficult, because his daughter's behaviours affect you; you live in the home. A bottom line for me is you don't tell someone else how to parent. That's for your boyfriend to decide. When he's there, he's the parent, and he makes the decisions about how she is disciplined (or not). Even if you have good ideas or you completely disagree, or you think you see something that he's not seeing, it's simply not for you to interfere there. It sounds like your boyfriend is struggling emotionally and needs support. He has had a lot of losses in his life and maybe every time his daughter leaves he feels powerless and abandoned. Do you talk about these things? Can you find that line of supporting him but not telling him what to do?Although I suggest you leave the parenting to him, what you can do is tell him what you see, offer suggestions if he's open to it, and talk about the ways in which the situation affects you. It makes sense to say ""I see you struggling and I don't know how to help"", ""I've noticed that you seem afraid to discipline her. Are you aware that it's coming across this way? Do you need help?"", or ""I feel sad and frustrated when we don't spend any time alone together."" You sound a bit resentful of his daughter. Is it possible that your real struggle is about whether you're ready to be in a relationship with a man whose priority is his child?You have a voice, and it's great to offer support and ideas and let him know how you feel. Ultimately, however, you are wise to accept this man as who he is and accept the situation for what it is, and make your own decision about whether you want to be a part of it. :)"
"My ex-husband told my two adolescents that Santa doesn't exist on the day before Christmas. They are desperate to hold on to the magic of Christmas, but I don't know if it's right for me to lie to them and tell them that Santa is real. I don't want to let them down and make them lose out on those memories, but I also don't want to lose their trust.","Well Boise, the cat's out of the bag now, isn't it? I love that you want to help your kids keep the magic of Christmas. They must want that too if they still believe in Santa into their teen years, which is unusual, I believe. I wonder if they had already figured it out anyway?But they know now, and your ex had the right to tell them if he felt it was best. So it's time to explain to them what a loving and magical thing it is that parents do, and Christmas can still be magical in so many ways. Really, who says they have to stop believing in Santa? Santa is very real as a spirit of surprise, generosity and love."
"For the last year, my adolescent son and daughter have been driving me nuts with fighting. I'm at my wits end. How can I get them to stop and get along?","That is a good question. Unfortunately there is no generic answer with this one. Kids fight for different reasons - wanting attention, wanting respect, feeling jealous, wanting space and to be left alone, or a whole bunch of other reasons. Regardless of the underlying motivations for fighting, most conflicts result from misunderstandings and assumptions about the motivations of others and one of the best ways to start figuring out what is going on is to sit them down and have some conversations with them. These conversations should be centred on getting a better understanding of why they are angry with each other and really understanding them. It is important that they each know that you are committed to understanding their experience rather than simply sitting them down and lecturing them about what they are doing wrong. The more they are able to understand each other and feel understood the more likely they will be cooperative and considerate of each other. One exercise for doing this that can be very helpful is ""active listening"" where one person speaks and the other person reflects back what they heard the other person say and then checks for understanding. This is hard to do but it often illuminates where the misunderstandings and assumptions are. If this doesn't work it may be time to get a family therapist or counsellor involved who can help facilitate dialogue and resolve conflict."
"My toddler is having a real hard time with toilet training. He almost throws up every time he sees his poop. He gags and will not go on the toilet. We have tried a toilet chair and ring that goes on the big-boy toilet, but he refuses to use it. When he sits on the toilet, he just sits there forever and only will pee. He holds the poop in until he get up and then will poop in his diaper. I dump his diaper in the toilet and let him know that it is where it goes to try to encourage him. How can I help him get over this fear and passed the stress?","Your son is showing signs that he's just not ready to be toilet trained. You don't say how old he is, so I'm not sure whether the problem is deeper, but right his fears may reflect that right now he is simply be not ready to take that step. Pushing him at this point could worsen the problem, so I suggest pulling back the expectations, waiting a month or two, looking for more signs of readiness and trying again. In general, teaching children to use the toilet works best when ""mistakes"" are handled calmly and when parents pay close attention to cues that the child is responding positively."
"I’m a senior high school student. I’m also five months pregnant. I got pregnant by my boyfriend of three years. My parents don’t want us to communicate with each other. He can’t even come to visit my gynecologist. My mom goes to attend all of my doctor’s appointments. She’s supportive of me. I wish, though, that my boyfriend was next to me and be able to see his daughter on a sonogram, at the very least. My family does not understand that he deserves that much. I cry all the time because I feel lost and hopeless.
 I need guidance and I believe that you can give it to me. Am I wrong for wanting him around? Are they right for keeping him away from the appointments and not letting us communicate with each other even though we are the parents? I do everything that they ask of me. I just want him to be around. When I ask my parents to let him be here, they call me a selfish person. Please help me.","You're not wrong for wanting to be with your boyfriend of three years who is also the biological father of your child.Do your parents object to you and your boyfriend continuing to see each other in person?  Or, do they object only to electronic communication and don't want him involved in his child's life? Ask your parents what their reason is for forbidding you to communicate with your boyfriend.  Ask them also to understand your point of view.Now is also a good time for you and your boyfriend to plan whether and where you will live as a family and how to financially and emotionally support one another once your baby is born.Your mom and dad are definitely making fatherhood difficult for your boyfriend and motherhood stressful for you.Consider bringing up the topic during your next obgyn visit.  Your doctor may ask your mom to explain her reasons and address these.Look online for women's resources to see if there are clinics or agencies that would help you advocate for your position in this matter.Good luck with the remainder of your pregnancy, labor and delivery!"
"Tonight, my husband seemed to put our son down through an incorrect approach. His approach was perfectly wrong. I found myself defending my son. I told him that what he did was not the way to encourage our son.
 Instead of watching my husband’s harsh behavior I decided to sit beside my son and, together, we worked on his science assignment in order to encourage him to study. My husband got upset and he was swearing at me. He threatened me. I knew that he was not joking. His words scared me a lot!","I have had these many cases, but in situations like this.... If it does get out of hand, the police do need to be involved. Sit down and talk to your husband when he is calm and collective."
"She was raised by her abusive father and his wife. 30 years ago I shot and killed my rapist and was convicted in Louisiana. I lost custody of my daughter and served 5 years. When I was released, she was 5 and didn't remember me. Many many sad memories came from my having to leave her visit after visit, having to leave her in Texas to travel back to Louisiana. She doesn't remember that. I do. Over the years, I thought we had developed a close mother daughter relationship. She gave me good reason to doubt that on several occasions but especially last year. I have been cruel to her verbally and to my son who I met years after giving him up for adoption. Last night, I was angry at the world and afraid of God. I drank and cussed out a maintenance worker for not doing his job 4 months running. Now I'm not only feeling guilty for that but afraid of being evicted now. Help.","Was either parent abusive or violent toward you?You sound to have suffered emotionally in your relationships since early in life.One point to consider is to strive for moderation in what you offer in relationships.A lot of what you've lived through is extreme, either as victim or perpetrator.If you imagine that apologizing to the custodian for the way spoke to him, would calm him down, do so.At the very least, you'll be actively resolving your guilt over cussing at him, and fear of his retaliation."
I regret ever hurting her and they mean the world to me. But it feels like nothing I do seem to work. I'll always love them no matter what and when I'm with them nothing else matters. I love them more then anything. I don't want another guy raising my kids.,"How you you expressed your regret and taken responsibility for the pain thus far? Repair is a very essential skill in and part of developing healthy relationships. Your love sounds deep, sit with that. Also sit with how she's been hurt. You get to feel your hurt too and your kids. In feeling all this you may also find our way to the repair. If feeling all this is tough to take on, seek out a local therapist to support your process."
"What makes my step child, an 8 year old boy, choke my daughter, a 6 year old girl? This has been going on for 4 years. The boy tells my daughter not to tell on him. He knows it's wrong; we have did time out, spanking, taking away toys, and sitting on the wall. I am afraid for my daughters safety!","I can see why you are alarmed. That is a scary situation for a parent. Do you know if the child has been evaluated by a mental health professional? Early treatment is often the key. A professional will be able to help the child learn how to control their anger and mend the troublesome actions into more appropriate responses. Have you addressed your concerns with the child's other parent? There could be contributing factors in his life that could be causing these issues (exposure to violence, sexual/physical abuse, drug use, stressful events in his life, etc.). It is important that these factors are identified so that they can either be eliminated and/or reduced. I wouldn't hesitate to have him evaluated (if he hasn't been already) and to ensure that he is getting the help that he needs whether it be medication and/or therapy. Until then, I would make sure that he is always supervised under an adult's care."
"My mother has Alzheimer's and she has become so nasty and mean to everyone and she always asks for unrealistic, silly or meaningless items. I get so frustrated and angry, but then I feel guilty because I know it probably isn’t her fault. How can I cope with feeling like this?","It is challenging to see one's parents age and to cope with the new demands.  Your mom means a lot to you, and that is why you get easily frustrated.  I'm guessing that it is not that she is making you do work or that her expectations are non-important to you because if that were the case, you would not feel any guilt.  Accepting the new stage will help you cope with the changes.  Take a deep breath every time you feel frustrated and think of the good times you shared with your mom before her getting Alzheimer's.  Remember that your mom as she was is no longer and that she has reverted to a more delicate phase.  Also, schedule time for yourself and do things that help you relax.  Caretaking of an elderly parent can take a toll on you, and it is essential to incorporate self-care.  Finally, look for an Alzheimer's support group in your area that will help you connect with other people going through the same thing.  You are a good daughter, and your mom is lucky to have you in her life.Sincerely, Mirella~Image and Likeness Counseling"
"My mother has Alzheimer's and she has become so nasty and mean to everyone and she always asks for unrealistic, silly or meaningless items. I get so frustrated and angry, but then I feel guilty because I know it probably isn’t her fault. How can I cope with feeling like this?","There is some great advice here that can really help, but you need some direct support.  Please find a caregiver support organization, a grief group and an individual therapist to help you during this trying time.  Your mom may not know what she is saying, or mean the awful things she says, but that doesn't make it hurt less.  Please take care of yourself and gt some help!"
"My mother has Alzheimer's and she has become so nasty and mean to everyone and she always asks for unrealistic, silly or meaningless items. I get so frustrated and angry, but then I feel guilty because I know it probably isn’t her fault. How can I cope with feeling like this?","It's a good question man, and it must be terrible to see your mother in the state she's in.Understand that Alzheimer's is due to under-performing function of kidneys, adrenals, and connective tissue strengtheners; all of which may be corrected with appropriate protocols that are inexpensive and generally simple to follow.Imagine it like a flower that is not fed properly:  A once, beautifully blossom flower APPEARS to be wilting, but it's life-force, spirit, and essence remain fully there and present.  And your mom hears you.Let's clean her out, and see her smile return."
"My mother has Alzheimer's and she has become so nasty and mean to everyone and she always asks for unrealistic, silly or meaningless items. I get so frustrated and angry, but then I feel guilty because I know it probably isn’t her fault. How can I cope with feeling like this?","Make sure that you continue to treat your Mom with respect. However, you also need to make sure that you have time away from her so that the stress of caring for her doesn't overwhelm you. Balance is the key!"
"My mother has Alzheimer's and she has become so nasty and mean to everyone and she always asks for unrealistic, silly or meaningless items. I get so frustrated and angry, but then I feel guilty because I know it probably isn’t her fault. How can I cope with feeling like this?","You have the answer already. It is not your mom's fault. Always remember that in spite of the disease, that human being you call mom is still there. To cope with the feelings of frustration, anger, and guilt, practice accepting what is at this time. Bring peace to these feelings and commit to move on to provide your mom love. If you can, use mindfulness meditation to stay focus and calm your brain."
"My mother has Alzheimer's and she has become so nasty and mean to everyone and she always asks for unrealistic, silly or meaningless items. I get so frustrated and angry, but then I feel guilty because I know it probably isn’t her fault. How can I cope with feeling like this?","It is very difficult to move from being the child to be the care giver as in your situation. Your mother's behavior as you describe it is a part of this disease. As the disease progresses and she is less aware of the present including her surroundings and who she is speaking to. Your response of anger and frustration are understandable. It is also a part of the grief process as you see you mother slipping away mentally. In the moment that you feel the anger step away, take some deep breathes and give yourself time to calm down. Then return to whatever you were doing with her. Caregivers of Alzheimer's patients need a lot of support themselves. There are support groups  as well as respite services available in many areas that will help you understand the process that each of you is going through. You can get more information about Alzheimer's disease and local resources by going to www.alz.org"
"My mother has Alzheimer's and she has become so nasty and mean to everyone and she always asks for unrealistic, silly or meaningless items. I get so frustrated and angry, but then I feel guilty because I know it probably isn’t her fault. How can I cope with feeling like this?","When you feel the frustration and anger building inside you have that be a trigger for you to remember a feeling that you want to experience instead of anger, frustration and guilt, for example understanding. Then say that word to yourself as you take deep breaths. But know that this is normal for caregivers/family members to have these reactions because it is also an emotional roller coaster for you. Even though it is normal it is still good to try to respond differentyl and I commend you for doing that. You also may want to look for a Caregiver Support group which will help you hear from others who also respond this way."
"My mother has Alzheimer's and she has become so nasty and mean to everyone and she always asks for unrealistic, silly or meaningless items. I get so frustrated and angry, but then I feel guilty because I know it probably isn’t her fault. How can I cope with feeling like this?","Let me first say that I am sorry you are going through this. Yes, this is a symptom of an ugly disease, but that does not make experiencing it any easier. If your mother was a sweet and understanding lady, I am sure this change in personality feels awful! On the other hand, if your relationship with her has always been difficult this can definitely open up old wounds and anger. I have walked alongside many families as they care for a loved one with Alzheimer's disease. It is unfortunately common to see mothers become cruel and mean toward their daughters. In your case, it sounds like she is not directing her anger at just you. While this may feel less personal, I am sure it makes finding supportive care for her very difficult. I have several quick tips that might help you cope with this situation. 1. Stay tuned in to your level of anger and frustration. If you can limit the amount of time you or anyone else is with your mother you can limit the caregiver burnout. It is completely NORMAL to feel what you are feeling!! However, these are the feelings that can lead to acting out and abuse when not acknowledged. It doesn't sound like this is the case for you, but healthy boundaries and exercising respite will help with your feelings of guilt as well. So, rotate care as much as possible.2. If you find yourself arguing with your mom, STOP. Don't worry, we have all been there before. No need to feel guilty, but this only serves to agitate someone. None of us enjoys being wrong and getting into an argument. For those of us who are able to logically engage with others, sometimes this type of interaction is necessary. Alzheimer's disease has robbed your mother of her logic, therefore arguing with her will only make matters worse. Try redirecting her instead. For tips on how to do this check out Teepa Snow (teepasnow.com)3. Take care of yourself and seek support. Support groups and counseling are a great way to tend to your needs during this long journey. Caregiving can be overwhelming, lonely and heartbreaking. You don't have to go through this alone. Check out Alz.org for support groups in your area."
"My mother has Alzheimer's and she has become so nasty and mean to everyone and she always asks for unrealistic, silly or meaningless items. I get so frustrated and angry, but then I feel guilty because I know it probably isn’t her fault. How can I cope with feeling like this?","From your initial description, I would say that your mother is ""Maloriented"". In this stage of Alzheimer's individuals tend to be blaming and difficult to deal with. They may often hide or throw things away and then blame family members for this. In addition, if they are incontinent, they may blame a leaky roof or something else when they are wet. You are correct that this is not her fault, but often for family members this does not make it any easier for you to cope. I strongly suggest that you learn communication strategies that will help you to communicate with your mother in a way that lets her work through the difficulties associated with the disease. I always suggest Validation techniques to family members.In addition, you need to give yourself some kind attention and take time out from your circumstances as needed. You need to be able to center yourself and come to acceptance that this is your mother's illness that is the problem, not her and certainly not you."
"My mother has Alzheimer's and she has become so nasty and mean to everyone and she always asks for unrealistic, silly or meaningless items. I get so frustrated and angry, but then I feel guilty because I know it probably isn’t her fault. How can I cope with feeling like this?","Yes, certainly your mom's difficulty in having meaningful conversations with people results from the Alzheimer's disease process which weakens her brain function.Feeling a sense of guilt in relation to a parent, is pretty common for everyone.This is because as little kids and babies, we had a strong reliance on a parent and believing every word they sad and wishing to follow each action they ask or demand, was for the benefit of our own survival.One way of coping with your feeling of guilt is to examine it.Ask what it is you're feeling guilty about?Chances are that your sense of guilt is less due to what you're currently saying or doing to help your mom.Very likely, your guilt feeling is awakening the sense of obligation that you and all of us feel toward a parent simply because parents seem to have unquestionable power when we are very young.After all, you're thoughtful enough to write a question, so chances are great that you're already actively involved in caring for your mom."
"My mother has Alzheimer's and I can see that she has lost some of her intellectual abilities. Even though I know this disease is not her fault, I’m still finding it difficult to separate my own feelings of disappointment and frustration when my mom seems to ignore my opinions and wishes, and seems","Good observation on your part, to distinguish that your feelings in relation to your mom are not necessarily connected to the way she handles her part of the relation toward you.Has your mom usually ignored your opinions and wishes in relating to you?If prior to the onset of Alzheimer's, she never examined her way of relating to you, and if both of you have never had an open conversation about your sense of feeling hurt by her attitudes and manner with you, then the relationship between you and your mom will change in ways other than rational dialogue.She may continue ignoring or overlooking your wishes because she's been stuck in this attitude for most of your life.The good news for you about this is realizing that who you are and your way of relating to your mom, has very little to do with the way she relates to you.This is a more profound disappointment because it shows that her disconnect from you has been for longer than when the Alzheimer's began.You can however, feel a little more free knowing that you're not deserving of being ignored."
"My mother has Alzheimer's and I can see that she has lost some of her intellectual abilities. Even though I know this disease is not her fault, I’m still finding it difficult to separate my own feelings of disappointment and frustration when my mom seems to ignore my opinions and wishes, and seems","There are many conflicting emotions and tasks that arise when one becomes a caretaker for their parent. Expressing positive emotions to her (i.e. ""Mom, I love and care for you, and enjoy our time together. I'm sorry I can't stay long""( may help re-frame your thoughts and have a fresh perspective on the situation. Additionally, Visual cues like pictures and notes can also be helpful for those who suffer from disorders like Alzheimer's and Dementia, as it offers a ""Trigger"" for memory, helping to ease the doors to communication. Finding support in other family members, or a therapist familiar with elder care issues may be helpful as well."
"I have a mother who is still running my life even though I'm almost 30 years old. I want to move out and live my own life, but it feels like as long as I do what my mom wants our relationship is okay. It's never okay if I don't do what she wants.    I don't know how to start making my own decisions and not worry about whether it's right in her eyes. Would it help for me to talk to someone about this?","If the only way the relationship you have with your mother feels ""okay"" is when she is the only one who makes decisions concerning your life, then this only seems ok.In fact it is not okay for one person to be the authority for another person unless the one for whom this is being done, does not have their own ability to think for themselves.Separating your own wishes and way of handling life matters, from your mother's point of view, may be difficult.First, realize you need to get familiar with feeling at ease with the idea of deciding matters for yourself.You'll need practice until you feel comfortable.Unless, if you've been thinking through decisions you'd like to make and the idea of your mother's anger is the only point which stopped you, then you may almost instantly start living in a liberated way of running your own life.Basically, it is right and fair for you to have the chance to live your life the way you feel is best.   Be prepared that your mother may disagree with you and that her disagreement is not a reason itself to not do what you believe is in your best interest."
"I have a mother who is still running my life even though I'm almost 30 years old. I want to move out and live my own life, but it feels like as long as I do what my mom wants our relationship is okay. It's never okay if I don't do what she wants.    I don't know how to start making my own decisions and not worry about whether it's right in her eyes. Would it help for me to talk to someone about this?","ABSOLUTELY.  Having someone who's outside the situation and, even more so, with knowledge and experience in human behavior and relationship dynamics such as a counselor can do wonders in helping us feel less alone in frustrating situations like the one you're currently stuck in with your mother.  A professional can also assist you in finding some assertiveness techniques, communication strategies, and coping skills to help you find your voice and stand your ground in a way that feels most authentic to you.In a healthy parent-child dynamic, there comes a normal developmental shift when, as the child reaches each new stage of maturity and responsibility, the parent backs off to provide a more supportive role instead of directive role.  We call this ""redefining relationships."" (We also do it with our friendships and colleagues here and there over time as needed). It's absolutely vital. Sounds like your mom may have missed that memo. Like many parents, she may feel your behavior and choices is a direct reflection of her. Or that her role as your mother allows her greater latitude than it should.  Or like many other people in general, that her way is the ONLY way. Regardless, this is YOUR life.  And as far as we know, it's not a dress rehearsal. You certainly don't want to wake up some 50 years from now regretful or resentful. That being said, there are certainly ways to show her love and respect while doing what makes you happy. I would encourage you to Google therapists near you whose bios resonate with you and what you're looking for and start on a the journey towards a new chapter of freedom and hopefully a deeper, more satisfying mother-daughter relationship for both of you.Warmest regards,Tamara Powell, LMHC"
"I have known her for years. She was dating my brother-in-law when we met. My kids think of her as their aunt. On Halloween 2014, I lost my mom to cancer. My mom and dad were still married when she passed away. My friend was there for me through that and my own cancer diagnosis. She has been a very big part of both me and my kids’ life, but now last month, my dad told me that he really likes my friend and wants to marry her. She’s like a sister to me. My kids hate the idea.","Hi Lincoln,It can be very difficult for children who have lost a parent to then see their other parent moving forward with anyone, so I understand how this change is even more upsetting to you. And...your father and your friend have clearly established a friendship and fallen in love. Did you see this coming? I hope they didn't hide it from you. If they did, maybe this is the issue? It would be a legitimate one.But in the end, your father, and your friend, are adults who are free to fall in love with whomever they wish and hopefully they can count on the support of people who trust and love them. Could there be blessings here you haven't seen yet? It seems you love this person who is like a sister; could it be a good thing that her place in your life is more permanent?Ask yourself these questions... ""What is the worst part of this?"" ""What do I fear losing?"" ""What do I fear at all?"" ""What is the evidence that this will happen?"" The answers might surprise you. Your children will follow your lead. If you are supportive of their grandfather, they will follow suit. Hopefully you can grieve the change, know that your mother would likely want both of them to be happy, and embrace the blessings that come with having this woman close to you in a new way. I wish you the best."
"I have known her for years. She was dating my brother-in-law when we met. My kids think of her as their aunt. On Halloween 2014, I lost my mom to cancer. My mom and dad were still married when she passed away. My friend was there for me through that and my own cancer diagnosis. She has been a very big part of both me and my kids’ life, but now last month, my dad told me that he really likes my friend and wants to marry her. She’s like a sister to me. My kids hate the idea.","How are you measuring whether or not your dad understands your wish?Your dad understanding your wish does not mean he will necessarily follow through with what you want.Based on what you describe about your relationship to the woman in question, your discomfort with the idea of your dad marrying your friend, is reasonable.Have the conversation with your dad that includes your viewpoint, and also ask him for his impression of your feelings.Its even possible he already has considered your feelings and hasn't yet told you.It is also possible that a conversation on the subject, as well as your dad following through with his decision to marry your best friend, may develop in a very positive way.Part of the current uneasiness you feel may be from fear of how a change in circumstances and introducing new relationship dynamics might feel.Given that the person who died was your mom, maybe your emotions are not yet ready seeing your dad with a replacement spouse. Try to see the situation from the point of everyone, including yourself, who is involved in this major change.  Maybe having a family discussion about acceptance and readiness to accept a new partner for your dad, would open new empathy for all of these family members."
"I have known her for years. She was dating my brother-in-law when we met. My kids think of her as their aunt. On Halloween 2014, I lost my mom to cancer. My mom and dad were still married when she passed away. My friend was there for me through that and my own cancer diagnosis. She has been a very big part of both me and my kids’ life, but now last month, my dad told me that he really likes my friend and wants to marry her. She’s like a sister to me. My kids hate the idea.","That's intense. This person moving from a friend of yours to both a friend of yours and, in  a sense, your step mom is a lot. I wonder if you have let your dad know what's going through your mind with this and how it is affecting you. I can imagine that could feel awkward and emotional. Still, getting him to understand might be as simple as letting him know, in your words, how this feels from your view as well as what you wish. It may not change the outcome (he may still marry her), but your thoughts will not go unsaid and opens it up for conversation. Best luck!"
"My mother takes care of niece whom my sister abandoned. She calls me every day complaining, but I don't want to hear it anymore.","It is understandable that it's very hard for you to hear daily complaints from your mother regarding the caregiving of your niece. You cannot change your mother's feelings and responsibilities, which could create feelings of frustration and helplessness. It must be equally hard for your mother to assume full responsibility for your niece at a time where your sister cannot take care of her. This type of responsibility usually produces an enormous amount of stress and pressure because your mother and niece would both need to adapt to this new relationship, living situation, and the feeling of being ""abandoned."" Not knowing the history of your relationship with your mother and how you respond to each other in times of need, it may be difficult to fight the right recommendation on how to deal with this situation. Nonetheless, it is not easy to have to face daily complaints and you may have to set a healthy balance between empathy and boundary setting with your mother and some personal boundaries for yourself. It is likely that your mother's ""complaints"" may be her desperate cry for help because she does not know how to cope with stress or how to ask for the right kind of support. In this case, you could calmly and respectfully tell her the next time you hear her complain, ""This must be very difficult for you because I hear the stress in your voice almost everyday. It's very hard for me to hear you feeling so overwhelmed. I feel helpless in this situation and would like to suggest that it might be helpful for you to seek some professional help and support to deal with such a big matter of importance."" When empathy and understanding is communicated, recipients are usually more open because they hear and feel the caring behind it and are more likely to seek additional help.After sharing this message of empathy and encouragement to seek help, the next step is to protect yourself by explaining to your mother where your limits are so that she understands what she can expect from you. This means that you can decide the kind of support or help you are willing to give your mother and/or niece that is within your ability to provide without feeling overwhelmed. This could involve inviting them to dinner occasionally, taking them out to see a movie or inviting your niece over to give your mother respite. You could then say to her if she complains again, ""I cannot change the way you feel in this situation and I encourage you to seek professional advice about that but what I could do is .........(explain what you could do to help).""www.PsychologyResource.ca"
"My mother takes care of niece whom my sister abandoned. She calls me every day complaining, but I don't want to hear it anymore.","Then one day when life between you and mom feels calm, tell your mom that you aren't able to listen to her complaints about your sister.The truth exists whether or not it is acknowledged.   Bu acknowledging what feels real and necessary in your life, you are helping your mom see what she may not like to see and what nevertheless is right in front of her.There is no good reason or good to come of hiding your own truth about not wishing to continue listening to your mom complain."
"My mother takes care of niece whom my sister abandoned. She calls me every day complaining, but I don't want to hear it anymore.","This sounds stressful.You mentioned that you want to learn how to avoid them. I'm not sure whether you want to avoid them overall or if you would like to ask your mom to maybe only talk to you about it for a few minutes about your niece in each conversation that you have.Maybe you can connect your mom with some support. It sounds as if she has lost part of herself and/or is very stressed out and in talking with you about it because she trusts you enough for you to be someone she can speak openly, you are becoming stressed because of things that you cannot directly change. This is the presumptive based on the amount of information that you posted, but it sounds like there is a bit of a circle of stress here.I also wonder who you could talk with when you are stressed.It may be helpful to see a local mental health professional to help redefine some boundaries so you can have the type of relationship with your mother that you want without necessarily feeling stressed out by it every day."
"My mother takes care of niece whom my sister abandoned. She calls me every day complaining, but I don't want to hear it anymore.","Both you and your mom are in a tough spot.  She has returned to parenting after she thought she had raised her kids, and while I am sure you'd like to be supportive, you recognize that listening to her complaints really does not help her and drains you.  In addition to that, it sounds like Mom's complaining has become ""the"" conversation she has with you, leaving other, more fulfilling conversations out of your relationship.Think about what you want instead with your mom.  More time with just her?  A chance to offer true help,not just listen to complaints? When you have some idea of what you want, tell her.  You can do this kindly and respectfully, with a concern for both her and your relationship with her.  It might go something like this...""Mom, you really have your hands full.  Sis dumped your grandbaby on you and I bet this isn't how you imagined grandparenting would look.  It's got to be hard and I am not sure how I can be helpful.  Beyond that, I really miss talking to you about other things.  So, Mom, is there something I can do that would be helpful?  If not, let's talk about something else"".In addition to that, if your mom is open to other resources, help her find them - she needs some emotional support from a non-family member.Good luck to you both - and to your niece.  It is a hard situation for you all."
"My mother takes care of niece whom my sister abandoned. She calls me every day complaining, but I don't want to hear it anymore.","It is difficult to implement healthy boundaries when the person is a parent or family member. I would encourage you to identify how it makes you feel after talking with your mother. Work on establishing healthy boundaries where you do not feel obligated to engage the complaining daily. Maybe setting a time limit to talk with your mother and practicing how to be assertive and not disrespect or aggressive. Helping your mother understand how you feel using  ""I"" statements  i.e  ( I feel _____ when you call to talk about my sister). Maybe asking your mom how can you be supportive of her during this time other than listening to her vent. It may also be helpful for your mother to get connected with support groups to help her cope with this life change."
"My mother takes care of niece whom my sister abandoned. She calls me every day complaining, but I don't want to hear it anymore.","Buy the book ""Boundaries: Where You End and I Begin."" Read it. Apply it.Seriously, I'm not joking. You're not wrong to ""not want to hear it anymore"" but if you don't maintain healthy boundaries, you will allow your family to make you feel guilty for ""not wanting to hear it anymore"". That's not fair to you.Give a copy to your mom, too. No, I didn't write the book nor do I have any affiliation with it - I simply recommend it because it's a wonderful book and it helped me out a lot. I recommend it to a lot of people. It should be required reading!"
"My mother takes care of niece whom my sister abandoned. She calls me every day complaining, but I don't want to hear it anymore.","This sounds like a possible boundary issue. Boundaries are important in relationships. They are invisible lines that we will or will not cross. It is up to us to create and hold them. We have the ability to rethink them and change them as needed. It sounds like you have thought it through and would like to makes changes in the relationship between your mother and you. In the main question, you want to avoid the family member, however in the following comment, it sounds like you may just want the avoid that conversation, not so much your mother. Once we review the issue and decide what we need (create the boundary), I suggest opening talking with the person when everyone is calm (not in the middle of a stressful moment when we often are unable to focus and hear the other person). Always understanding that we had time to think about this issue and the other person has not (catching them off guard). State clearly your need. Such as ""I am not comfortable with hearing about my sister. It stresses me out. I would appreciate it if you would not bring it up anymore. If you do, I will not respond and I will change the subject "" It is important to use ""I"" statements. I feel"" this way"". I will ""do this"". We only have power over our actions. Also when we use ""you "" comments, the other person can become defensive and unable to hear what we are saying. Once we let ourselves know what we need, then let the other people know our new boundary, then it is up to us to follow through. We will make mistakes. Not follow through every time with our boundary. That is okay. Start again. It gets easier with practice. It is also appropriate to reconsider and change your boundary as needed. Just let the others know when you need to change it. Remember, they can not read our minds. I wish you much strength and hope the best for you and your family.www.parishhealthandwellness.com"
"My mother takes care of niece whom my sister abandoned. She calls me every day complaining, but I don't want to hear it anymore.","It can really be difficult to listen to someone constantly complain and it can take a lot of emotional energy to be the listening ear to someone struggling. Perhaps having a conversation with your mother about making the communication more productive in nature. It seems like your mother is obviously having some difficulties and she is stuck, therefore making you stuck listening to complaints on repeat. Explain to her the impact it has on you to listen to the complaining and not working towards changing things or coming to a level of acceptance or even making the conversation mutual, such as her being there for you. This may or may not help her to come around, but at least it can open up the conversation and be an effort towards initiating a change."
"My mother takes care of niece whom my sister abandoned. She calls me every day complaining, but I don't want to hear it anymore.","These are common challenges that involve setting healthy boundaries with family, as well as friends and co-workers.  Therapy can help you to define, establish and enforce boundaries between self and others by being assertive.  This involves determining what things make you uncomfortable and how to communicate that with assertive, not passive, not aggressive, actions and language."
"My mother takes care of niece whom my sister abandoned. She calls me every day complaining, but I don't want to hear it anymore.","It is important to set boundaries with those that stress you out. I encourage people to validate the other persons feelings by saying ""I am sorry you are going through this."" Then, to set the boundary bye stating what you need from them or what you are trying to do with your life to destress and that you can't be a listening ear right now. This will need to be a repeated conversation, but over time you will notice less stress."
"My mother takes care of niece whom my sister abandoned. She calls me every day complaining, but I don't want to hear it anymore.","Sounds like it is time to set some boundaries with your mom.  You can do this by letting her know that you understand how she is feeling and you understand that she is under a tremendous amount of stress.  Validate her feelings and words.  After you do that, tell her how hearing about it daily is affecting you let.  Let her know that it is hard for you to hear how stressed she is, how hard it is you to have these daily calls.  Let her know that you are feeling stressed about her own well being.  You can then suggest that she find a therapist to speak to about how she is feeling and what she is going through.  I suggest writing out what you want to say, before you say it.  Practice saying it a few times so that it flows naturally when you do have the conversation with her.Also, when you start setting boundaries with people they don't usually like it.  They give some sort of push back either by expressing disappointment or anger towards you.  This has nothing to do with you.  This is them having a hard time hearing and accepting the boundary you are setting.  The other thing people tend to do when you set a boundary is to test it.  In this situation it might look like your mom calling you the next day as if the two of you never had the conversation.  In this situation it falls on you to set the boundary again, by having the same conversation again with her.  Over time she will accept the boundary and she will be OK with it."
"My mother takes care of niece whom my sister abandoned. She calls me every day complaining, but I don't want to hear it anymore.","This sounds very stressful.  Setting boundaries is important to maintaining a peace of mind.  If you have not communicated your feelings to your family member, that would be a good first step.  Communicate with the intent of simply expressing your feelings and your expectations going forward.  Do not blame or shame because that will blur your intent.  Going forward, consistently stick to your new boundaries.  That may mean not picking up your phone for each call.  Soon enough the message will be clear.  Good luck."
"My mother takes care of niece whom my sister abandoned. She calls me every day complaining, but I don't want to hear it anymore.",I just want to understand before I answer. Who exactly is complaining?
"After I told them, they yelled at me.","Hello, and thank you for your question. I am very sorry that this was your experience with your family. I truly wish I could give you some things to say to them that would change their reaction, but unfortunately I can't do that. Their acceptance of you is a journey, just like coming out is a journey for you. Sometimes families initially respond this way, but after time they become more accepting and even supportive. Unfortunately, there is no way to know for sure if that will happen. So, here are a few things I would suggest:Surround yourself with people and things that remind you that you really are okay as you are. That won't take the place of your family's acceptance, and I won't even pretend that it would, but it may help during those days when it hurts the most. And that is really important. Patience is not something that many of us are really good at, but this type of situation sometimes forces you to have some. When families first learn something like this, they may go through a period of shock. And then sometimes even grieving. They may even be worried if they are of a particular religion where being bisexual is forbidden. These things can take time for them to reconcile, so it may just take some patience. If it is safe for you, try to talk to them, but if it becomes painful or hurtful then you have the right to walk away. I do recommend setting up some personal boundaries for yourself, and perhaps learn some assertiveness skills if you feel you struggle with them. The reason I feel that this is important is that people sometimes take a lot of abuse from family members and friends in times like you're describing. They may want to be accepted so much that they put themselves in hurtful positions over and over again hoping that their families will come around. They may, or they may not. And if they don't, you deserve to live a life free of abuse and to feel confident and assured of who you are. To be surrounded by folks who remind you of that. If you start seeing this pattern and you are struggling, chatting with counselor may be a great idea. I am bias probably, but I think chatting with a counselor is ALWAYS a good idea. :) Hope this helps. Be well. Be you. Robin J. Landwehr, DBH, LPC, NCC"
"After I told them, they yelled at me.","I am sorry to read that this happened to you. If your family is not supportive of you, this can be a huge challenge. Are you dependent on them in some way (financially, etc.)? This could affect choices you make at this point. Make sure you connect with a supportive community or people and organizations that are afforming of you and your identity. If you are unable to receive support from your family, you can lean on them if necessary. If you feel your family needs more information you can always refer them to appropriate websites and organizations that can help them to understand that this is natural and normal and learn the negative effects of non-affirming people in the life of LGBTQ+ individuals."
"After I told them, they yelled at me.","I am so sorry to hear this has been your family’s reaction. It is truly heartbreaking to hear. The important thing to remember is that your identity as bisexual is valid and you are worthy of love, no matter what other people say.The other therapists below have given you some great advice on how to cope with your family's reaction and how to manage the pain you are feeling. I wanted add to their responses by sharing a few resources on ways to connect with bisexual community.To know you are not alone. To see yourself reflected in others. To hear others stories of how they have coped. These things can help you stay strong during difficult times. I hope these resources can do some of that for you.Online blogs, resources, and stories: https://bisexual.org/, https://www.binetusa.org/Find a Bisexual support group: https://www.binetusa.org/bi-groups-in-the-usBisexual Podcast- https://www.binetusa.org/the-bicast Find Bi-Affirming Professionals in your area - http://bizone.org/bap/In Solidarity,-Lindsey"
"After I told them, they yelled at me.","It sounds like your family responded out of fear!  They may need some time to digest the information.  This can be hard for a family to hear for several reasons but you should be proud that you had the courage to tell them.  Once they realize how brave you were and how much you need their support they will come around.   Maybe you can write them a letter (for them to read without you present).  In the letter, you can tell them your struggles and maybe why you decided to tell them.  A letter will give them a little more time to digest the information."
"After I told them, they yelled at me.","It's most important that you accept yourself and surround yourself with a group of friends who are kind to you and love you. Family hearing news of any kind for the first time if they are an anxious type of character, will always be tough to digest. Time is important to let it all settle in and also making sure you're taking good care of yourself... I think you're brave and I give you a lot of credit for not denying who you are -- you will inspire so many people to do the same in your life. Wishing you all the best. Gina"
"After I told them, they yelled at me.","That has to be incredibly difficult because you were very vulnerable and open about what you were feeling and I imagine the response was very hurtful.Here are a couple of things to do right now:Practice giving yourself some love. Bring your awareness to the room around you and some of the positive energy within you. As you become a bit centered, you're likely to be able to work through your emotions more easily.Surround yourself with people who do accept you. I'm hoping that you have friends or acquaintances who accept you as you are.You can also find some support here through this organization that often have events related to offering support: https://www.pflag.org/needsupport. I have not spoken with this organization directly, but they are often discussed in therapeutic trainings as a reputable organization.Related more specifically to your family, that change may take some time. There is often a large adjustment in families because of the huge variations in reactions and what each person thinks, feels, and believes.Consider talking with a local therapist about how to communicate more effectively with your family, as there are a lot of variables there, so it is difficult to give you specific ideas in this format.Remember, there are lots of people who accept you as you are right now."
"After I told them, they yelled at me.","I'm sorry your family had such an upsetting response to your news.Maybe eventually they will come around to greater acceptance of you.   If this was the first time they heard this fact about your sexuality, the information may have overwhelmed them.It is up to the family members now to realize they handled their reaction in a way which may have upset you.Whether or not they do this, you still can be sure you did what was necessary and in your hands to tell them such key information about you."
"After I told them, they yelled at me.","There are a lot of ways one could go about handling this kind of conflict. It is hard to know which way might be advisable if we don't know quite why they would yell (or, why would they care who you choose to sleep and/or partner with to begin with?)However, it is of utmost important that you accept yourself as bisexual, and sometimes that is easier said than done. But, when you are able to get to that acceptance that you are not in the majority in society as far as sexual orientation goes, and all that comes with that, and perhaps other issues you might have with it, it will be significantly easier for you to tolerate your family's lack of acceptance, and perhaps chalk it up to a severe lack of open-mindedness.But because it is family, and we don't choose our families but are forced to deal with them for the most part for better or worse (admittedly I'm not the biggest fan of outright estrangement), processing the loss of ""the family that I hoped I had"" will also be important for you moving forward in your life. You likely will be able to realize you don't need them to accept your sexual orientation for you to live a healthy and happy life. Perhaps when they see that they can't change you, they will actually just learn to accept it."
"I'm an adult, facing problems with my mom. She's way too controlling. She decides things for me, disregarding whatever I say. I tried explaining my side to her calmly, but she eventually gets angry and doesn't wish to listen to me regardless of how I speak to her.","The part of your life which is in your control is the way you handle what your mom does and the way she talks to you.It is possible the two of you have very different opinions on a great number of matters.Each person, including you, has the right to decide whether and how to respond to someone.Stick up for your own right to make decisions.If she doesn't accept your independent viewpoints, then this doesn't give away your right to have these views.Since she makes herself clear as to her unwillingness to listen to you, then consider this as an easy way to avoid directly speaking with her about what's on your mind.If she ever shows an interest in your opinions and you feel like discussing these with her, then feel free to make this choice."
"I'm a teenage gay girl, and I'm in love with a girl a few years older than me. She loves me too, but we're not physically together at the moment. I've been thinking about being transgender soon too, but my family doesn't accept me, so I honestly don't know what to do about that because I feel like I have to constantly hide the real me. It hurts so much to hide the real me. What can I do?","Many people do not accept the reality of gender beyond male and female.Obviously if your family doesn't accept your questioning status then this feels painful.All you really can do is continue your self-examination and know you're in a non-supportive family of doing so.To know the truth about your surroundings is much better than to not know, and also much better than pretending you are not in your current phase of gender expression questioning."
"I'm a teenage gay girl, and I'm in love with a girl a few years older than me. She loves me too, but we're not physically together at the moment. I've been thinking about being transgender soon too, but my family doesn't accept me, so I honestly don't know what to do about that because I feel like I have to constantly hide the real me. It hurts so much to hide the real me. What can I do?","They would probably be helpful to speak with a local mental health professional about this, not because there's anything wrong with the real you, but because having these conversations can be difficult and you may choose to talk about your real self in different ways with different people.Maybe you could talk about your concerns with your significant other and discuss different ways you may be able to discuss your relationship that fit with how each of you defines your love for one another.Because you are saying openly that you are gay, and it sounds like you already identify yourself as gay, as compared to considering being transgender ""soon,"" it may be worth considering disclosing the fact that you are gay now and disclosing the idea that you are transgender after you have worked through that yourself. I would like for you to be able to be true to yourself and show the real you. It could also be that you already know that you are transgender, but with the way that you  phrased it here, I'm not certain.Here is a link to a hotline that you may want to consider using. The Trevor Project is about helping teenagers who identify as LGBTQ: http://www.thetrevorproject.org/Here is another national site where you may be able to find a local chapter: https://www.pflag.org/I don't know what you mean when you said that your family will not accept you, but since you are concerned about your family's reaction, I would suggest that it may be helpful to have a therapist or some other support in place before telling your family. The decision of whether or not to wait longer to tell them is ultimately yours, but I wonder if you have a likelihood of explaining what you are experiencing in a way that would be truer to you and also perhaps easier for your family to follow if you had time to process it with supportive people first.Please remember that you are not alone in this. There are people in the world who can and will accept you for who you are."
"My older brother (in his 60s) started dating a lady with Asperger's. She is hyper-sexual and flirty. She does not understand boundaries. They’ve been dating for a few months, and she's talking marriage. Another sibling and his wife have met her, and they have said she is never invited back. My brother always picks similar ladies. Do we speak honestly and risk losing a relationship?","If you and your brother are open w each other and respect each other’s opinions then there is little risk your relationship with him will end.If there already is strong animosity, mistrust, dislike between both of you then there is more chance he will not seriously consider your advice.For your own peace of mind, say whatever you feel must be said to him.The person you’ll need to live with is yourself so do what you believe is needed for you to feel good about saying what’s necessary.Even if he never follows through with your advice then you’ll still know you tried your best to advise."
"My older brother (in his 60s) started dating a lady with Asperger's. She is hyper-sexual and flirty. She does not understand boundaries. They’ve been dating for a few months, and she's talking marriage. Another sibling and his wife have met her, and they have said she is never invited back. My brother always picks similar ladies. Do we speak honestly and risk losing a relationship?","This is tricky and quite delicate.I wonder if you could talk with your brother about whether he would be willing to have a discussion with you about something that is important to you. I would also suggest trying to make clear your true intentions. For example:Telling him that he has the right to do what he wants with who he chooses to dateThat you are talking to him about this because you care about himThat your relationship with him is important to you and that you love him and care about himAlso try to stick to examples or ideas that are objectively observable (for example, when this happens ___, I notice ___). That way you are using facts rather than opinions and things that can be observed rather than subjective emotional decisionsI would also be curious with what your brother sees in this girl, and I might even recommend starting with thatI cannot underline enough the importance of having this come across as genuine, and for lack of a better word, gentle.I also be very honest with you that I cannot guarantee that he will react positively, neutrally, or even that he will have the discussion with you.Because it is true that he could choose to continue dating this girl and perhaps even hold it against you for a while, I would also encourage you to look at the importance of this to you and where you consider the risk-benefit ratio to be."
"I'm a teenager, and I know the importance of my upcoming schooling. However, no matter how much I put in my best effort, my family thinks I have done zero effort in total. What can I do?","Your family's opinion is quite demoralizing.Unless you are lying to yourself or to them, then your best effort deserves appreciation and support from family.The family members may have reasons besides the actual outcome of your school work to be so blind to your investment of effort.Maybe they target onto you their unhappiness in some other area of their lives.  It is often easier to create false narratives if a person wants to avoid looking at themselves.Possibly too, the family people may have a twisted logic to their words, as though ignoring your effort is a way to force you to do more.If you feel the family people will listen to the way their words affect you, then definitely tell them.If not, then you are learning an early lesson on how not everyone is necessarily supportive of others, and how disappointing this feels."
"I'm a teenager, and I know the importance of my upcoming schooling. However, no matter how much I put in my best effort, my family thinks I have done zero effort in total. What can I do?","First of all, I'm glad that you posted here and I'm glad that you recognize the importance of schooling.Where does your family get the idea that you are not putting in the effort? While people can interpret ""effort"" differently, with talking about schoolwork, I would think that your grades would show the effort that you are putting in.If you are getting good grades and you are saying that your family does not think your grades are good enough, maybe there could be a conversation where you are able to ask them what they are expecting from you (and try to listen without defending yourself for a few minutes) and then you could explain what you are doing to prepare. Maybe you could set time limits so you each have five minutes to discuss this (or less, if you think that would be better).If your grades are not as good as you would like and you are putting in the effort, I would still consider having a conversation like I mentioned above, and perhaps taking advantage of tutoring or other possibilities offered by your school.Just as a bit more information for you, I have been working with children, teenagers, and adults for more than nine years now. When someone tells me that they wish their child would do better in school, I always ask what that means. Sometimes it means that their grades are D's and F's. For other families, it means that the grades dropped below 95% and in that family, that is unacceptable. Perception makes a big difference here.If you are doing your best and accomplishing your goals, that is worth celebrating."
"She constantly tells me what I am doing wrong. For once, I want her to be proud of me. It’s like no matter what I do, she does not have one nice word to say to me. She is always hateful towards me and always has been.","I'm sad and heartbroken on your behalf.I'm very sorry your mom has such negative views on you.Please know that there must be some reason in her personal history or relationship life which drives her to criticize you so strongly.The natural dynamic is for a mother to love and nurture her child.Unless at some earlier point in your relationship with her, you caused some massive harm to her which would justify her indirect dislike for you, then the best way for you is to find supportive and loving other people who will to some degree make up for the harshness you hear from her.Also, read online about others who have similar situations because there may be good guidance on keeping yourself emotionally safe from how she treats you."
"She constantly tells me what I am doing wrong. For once, I want her to be proud of me. It’s like no matter what I do, she does not have one nice word to say to me. She is always hateful towards me and always has been.","I imagine this is very difficult and confusing for you.It sounds like there are things for which you are proud of yourself, which is really good. I hope there are also other people in your life that are currently able to recognize the good things that you're doing.If you think your mom would be willing to go to see a local mental health professional with you, that may be a good place to have some discussions about the relationship that the two of you have. The reason I'm suggesting that it may be easier to have the conversations there is because sometimes the mental health professional can point out parts of conflict that are not easy for the people who are involved to actually see by themselves.If you want to try to talk with you mom to see how she is feeling, maybe she would be willing to discuss it with you. If you're going to have a conversation like that, I would suggest you try these things:Ask her if this would be a good time to have an important conversation. If she says no, consider asking her when would be a better time.Try to have the conversation with the goal of taking about five minutes to learn more about where she is coming from on this. If you can ask questions to learn more about that, you may be able to know more about what she is thinking and feeling.This doesn't mean that you have to agree with her, but just that you are able to hear where she is coming from.Try to ask questions that start with the words who, what, how, where, when. Questions that start with the word ""why"" can be difficult to answer and can lead to a lot of extra emotion.Try to summarize what she is saying to see if you have it right.If you want your mom to know how you feel, after you can listen to what she is saying and see if she is willing to listen to what you would like to say.If you're going to tell your mom about how you feel, consider having some points written down ahead of time so you can explain yourself the way that you want to.It will probably be really hard to listen to her without being defensive right away. I know I would be wanting to jump right into the conversation. Remember that jumping in right away will probably make it more difficult to learn where your mom is coming from.Also, if she says she doesn't want to have a conversation, remember that she has that choice.If your mom does not want to go to see a counselor with you, remember that you could go on your own. Depending on your state and exactly how old you are, you may need your parent's permission to be in treatment, but not always. If you need help to figure that out, try contacting a couple of local mental health agencies to see if they can help you figure out what to do if you want to talk to someone."
"I’m a teenager. My entire family needs family therapy, and more than likely individual therapy. My parents refuse to take action, and I'm tired of it. Is there any way I can get out of this myself?","This sounds like a really tough situation.  As a teenager, you may be able to get counseling on your own (without needing your parents' consent) under some circumstances.  If your parents are refusing to consider counseling, you might want to try talking to your doctor or another trusted adult about finding some counseling resources - even without your parents' help."
"I’m a teenager. My entire family needs family therapy, and more than likely individual therapy. My parents refuse to take action, and I'm tired of it. Is there any way I can get out of this myself?","This is a question that I often get from patients.  Can I get my family into therapy? How can I get someone else to do something that I think is best for them?  The answer is you can suggest, but you can’t force them.  I spend a lot of time teaching my patients the importance of recognizing the difference between the things that we can change and the things or people that we cannot.   Understanding that we do not have control over other’s outcome, gives a break to breathe and reduce our anxiety.   It also helps up to recognize that we CAN create change by changing ourselves.  “BE  THE CHANGE YOU WANT IN YOUR LIFE”. Have you heard that quote?  It means that by changing your thinking, what you say and your actions, you can impact your surroundings.  Talking to your parents about how you feel regarding your family dynamics and suggesting in a sensitive and loving manner that therapy may be helpful for all of you, is a good way to approach the subject.  Whether or not they receive the suggestion seek your own therapy, talk to them about your experience and show them with your actions how your life is moving beyond family issues. I am a Licensed Professional Counselor in Texas, currently providing services in West Houston.  You may reach me at 787-466-5478 to schedule an appointment.    ¿Cómo encuentro un terapista para mi familia siendo yo un menor?Soy adolecente.  Toda mi familia necesita terapia familiar y probablemente terapia individual.   Mis padres se reúsan a tomar acción,  estoy cansado de esto.  ¿Hay alguna manera en que me pueda salir de esta situación?Esto es una pregunta que comúnmente recibo de mis pacientes.  ¿Puedo hacer que mi familia venga a terapia?  ¿Cómo puedo lograr que otras personas hagan lo que yo creo que es mojos para ellos?  Puedes sugerir, pero no puedes obligarlos.  Dedico mucho tiempo en enseñarles a mis pacientes la importancia de reconocer la diferencia entre las cosas que podemos controlar y las cosas o personas que no podemos controlar.  Al entender que no tenemos control sobre otros, nos permite relajarnos y reducir la ansiedad.   También nos ayuda a reconocer que podemos crear cambios cuando decidimos cambiar nosotros.   “SE EL CAMBIO QUE QUIRES EN TU VUDA” ¿Has escuchado esa frase?  Significa que cambiando lo que piensas, dices y tus acciones, puedes cambiar tus circunstancias.  Hablar con tu padres sobre cómo te sientes en respecto a la dinámica familiar, y sugerirles de manera sensible que pueden recibir ayuda terapéutica, puede ser la mejor manera de iniciar la conversación. Pero si reciben o no tu sugerencia, es importante que busques iniciar tu proceso de terapia, háblales de tu experiencia y demuéstrales con tus acciones como superas los obstáculos más allá del drama familiar.
Soy Consejera Profesional Licenciada en Texas y Puerto Rico, veo clientes en el este de Houston y proveo servicios de tele terapia.  Para una cita puedes llamar al 787-466-5478."
"It's the way my mom said I was worth nothing, stupid, no point of being in school. I'm ""lazy little fat.""",There is nothing wrong with going to summer school.
"It's the way my mom said I was worth nothing, stupid, no point of being in school. I'm ""lazy little fat.""","Your mom is telling you cruel words.The fact that she is your mother and is not supportive and willing to point out your strengths, is a good reason to not believe what she tells you.Parents are meant to nurture their children, not take them down with words.Kids go to summer schmo for all sorts of reasons.  If you were unable to concentrate during the school year on academic subjects, for whatever reason, summer school is a way to catch up so you will stay with your classmates in the school year which starts in September.I understand not liking the idea of school in the summer.  Only this is different than being putdown the way your mother does to you."
My boyfriend and I have been arguing every night about the same thing. He also tells me that if I go visit my mother out of state he will be gone when I get back. He and my mother do not get along. What should I do?,"A relationship gets weaker, not stronger by threatening control of the other person.Start by telling your boyfriend to keep his remarks about you and the interests he is in which you two disagree, limited to these areas.Your relationship with your mother is between you and her.Regardless of how much he doesn't like her, to not respect your mother daughter relationship is unreasonable and disrespectful toward you.Threatening to take action against you by withdrawing himself from your relationship, is almost guaranteed to harm the good feelings between the two of you.Does you boyfriend dislike your mother for any reason having to do with her being a danger to you?Ask his reason since if he does this from concern for your emotional or physical safety, then this is good sentiment which is handled incorrectly, by a threat to you.What you should do is ask your boyfriend to not threaten you and to calmly talk about the topics you bring up here."
My boyfriend and I have been arguing every night about the same thing. He also tells me that if I go visit my mother out of state he will be gone when I get back. He and my mother do not get along. What should I do?,"It's ultimately your decision whether or not you go to see your mother. I'm not sure whether talking with her on the phone or through some videoconferencing application (such as Skype) would be something you could do in the meantime until you sort out what you want to do.Some things I wonder are:What makes the two of them not get along?What makes him feel threatened or on edge if you visit your mother without him? What does he think will happen?What is he getting out of trying to choose for you?What is he so afraid of?If you decide to talk about these things with your boyfriend, try to do the following:Consider using questions that start with the words who, what, where, when, and not why. The word why can be really difficult for some people to answer because the word itself triggers an emotional reaction.Try to ask him if the two of you can discuss this in a way that you can just ask more questions about what he is experiencing. If you can listen without being defensive about what you think and feel, you may understand more about where you boyfriend is coming from.Remember that understanding what he means does not mean that you have to agree with what he is saying.Maybe he would be willing to listen to what you are experiencing and ask questions about that as you did for him. It would be good to do this in a way similar to what an investigative reporter would do and asking questions that cannot be answered in a yes or no format and require more information.I'm sure this is putting you in a very tough place. If you would like to talk to someone more directly about the details, consider seeing a local mental health professional."
"I don’t love my sister. I would never wish her harm, but if I could, I would wish for us not to be related. Is this cruel? Why must blood mean we have to be friends? Am I being unreasonable and is there a way to fix this? I do care about her, like I do every human being, but I’d rather be with my friends than be with her at all. It’s not just a ""teenager phase."" I still love my mom and dad, and I’m very close to them. However, it’s my sister I don’t love or have ever really liked at all.","Not liking someone is not cruel - even if it is a family member. There is nothing wrong with you for not liking your sister. Some people are fortunate to have siblings that they get along with really well, other don't. We all have different personalities and we are not going to like everyone - even if they are related. In fact, sometimes being related makes it harder because you know all of each other's flaws and imperfections. With that being said - it may be worth it to make an effort to talk about the things that get in the way of having the kind of relationship that you might ideally want with your sister. Sometimes it is hard to like someone if we have a lot of old frustration and resentment and being able to talk about it in a constructive and kind way can lead to more understanding and respect, and sometimes actually liking each other."
"I don’t love my sister. I would never wish her harm, but if I could, I would wish for us not to be related. Is this cruel? Why must blood mean we have to be friends? Am I being unreasonable and is there a way to fix this? I do care about her, like I do every human being, but I’d rather be with my friends than be with her at all. It’s not just a ""teenager phase."" I still love my mom and dad, and I’m very close to them. However, it’s my sister I don’t love or have ever really liked at all.","Hi. My guess is there's a lot of deep history here that I don't know about. Have you felt hurt by your sister in the past, or are you just 'different people'? It's a common feeling people have about siblings; that they're very different and they wouldn't choose them as friends, but most people stay connected to family unless there's a good reason not to. We don't choose our family, do we? Your feelings are normal and they don't make you cruel. If you were mean to her, that might be a different thing. It might be considered cruel to cut her out of your life for no reason, but choosing to not hang out with her a lot isn't cruel, in my mind. Perhaps you at least owe your sister kindness and respect (if she respects you), but not necessarily friendship. How you respond here is up to you; there are no rules. You get to decide how much 'family' means to you and how much time you spend with friends or family. This may shift at different times in your life though. Cutting all ties with a sister now (you haven't said you want that though) might mean she won't want to be there for you in the future when you need her. Also, how you treat your sister affects your other family members as well. There are many things to consider here, but the bottom line is that you get to surround yourself with the people you want in your life."
"I don’t love my sister. I would never wish her harm, but if I could, I would wish for us not to be related. Is this cruel? Why must blood mean we have to be friends? Am I being unreasonable and is there a way to fix this? I do care about her, like I do every human being, but I’d rather be with my friends than be with her at all. It’s not just a ""teenager phase."" I still love my mom and dad, and I’m very close to them. However, it’s my sister I don’t love or have ever really liked at all.","No one can force emotions.   Its fine to not love your sister.You may make some discoveries about yourself and your relationship with your sister by studying the reasons for why you're not close.Usually this has something to do with how the parents positioned the kids.  Some parents obviously favor one child over another, and this would heavily influence how the kids view each other once they are grown people.The patterns of interaction set down during our growing up years stay with us until we change them consciously.Its possible your sense of not loving your sister started in your early years.You now have a chance to know your sister through your grown up eyes, or not.Either way, you still may decide you don't love her."
"My wife and mother are having tense disagreements. In the past, they’ve had minor differences. For example, my wife would complain to me my mother is too overbearing; my mother would complain my wife is lazy.
 However, it’s intensified lately. I think the cause is my wife talked back to her once. Now, any little disagreement is magnified, leading to major disagreements. What can I do?","One choice is for you and your wife to decide together what are reasonable ways and expectations to have of your mother.From what you write it sounds like your wife and you have differences as to what is the proper and right way to talk with your mother.Once the both of you agree on overall philosophy and some specific details for examples, then ask your mother to make time for all three of you to discuss together the expectations and standards you and your wife would like to see happen.This is only the first step since it is possible and likely that at least on a few points, your mother will disagree and have different views.These need to be discussed and integrated into an overall plan which all three of you are happy to live with."
"My wife and mother are having tense disagreements. In the past, they’ve had minor differences. For example, my wife would complain to me my mother is too overbearing; my mother would complain my wife is lazy.
 However, it’s intensified lately. I think the cause is my wife talked back to her once. Now, any little disagreement is magnified, leading to major disagreements. What can I do?","What you are describing is something psychologists have termed ""triangulation"" which is what happens when one family member will not talk to the one they have a problem with and goes to a third member of the family to complain instead. You have been ""triangulated"" by your wife and mother.This is often seen in families. It's seen everywhere. How many times have you had a problem with someone but you didn't go to them to tell them, you went to someone else to complain? It is usually difficult for a person to confront another, especially in relationships where there is a power differential. For example, I bet it's easier to complain to a coworker about your boss rather than go to the boss with your complaint.I'm not saying triangulation is always a bad thing. Sometimes a third party mediator is needed to help solve problems between two people who disagree. That's what therapists do every day! Sometimes just getting someone else's perspective can help you see the issue clearer. However, in your situation it sounds like this is becoming a problem. You are stuck in the middle between two people that love you and that you love.If you want to put a stop to this triangulation, you will need to encourage the two of them to talk to each other and work out their differences. Perhaps it was a simple misunderstanding that some open communication can clear up. Even if they really don't like each other and can't get along, your relationship with the both of them is going to continue to deteriorate the longer you are stuck in the middle. Try to understand what might be the feelings behind their behavior. It is possible that they may both feel threatened by the other. These are the two most important women in your life and they both know it. Your mother may be afraid that she will lose you if she confronts your wife. I heard one mother-in-law describe her son's wife as the gateway to her son. The wife has the power to dictate when and how often the mother gets to see her son. The wife also is the gateway to the grandchildren. If your wife doesn't like her mother-in-law she can severely hamper or damage her mother-in-law's relationship with you and any children you two may have. From your wife's viewpoint, this is the woman that she may feel like she can never live up to. If you regularly praise your mom's cooking, her housework, gardening, or anything else your wife may feel that you are putting down her own efforts in these areas and can feel unappreciated. This can be especially difficult if your wife and mother are nothing alike. I am not saying that this is the case with your family's situation. These are just a few examples from other families in a similar situation as yours. Regardless of what the cause is, if this dysfunctional pattern is allowed to continue, your mom and your wife will begin to get upset with you when you don't agree with them. They will get upset if you don't align yourself with them against the other. They will be offended when it seems like you are choosing the other one's side or that you are not standing up for them like they think you should. In worst cases, if it continues to escalate you may even find yourself in the impossible position of having to choose between your wife and your mother which may mean cutting off contact with the other, ending that relationship. Change the dynamics before it spirals even further."
For the past week or so me and my boyfriend have been fighting. He has been making a lot of bad choices and he is currently hospitalized. I'm barely eating or sleeping because I'm constantly worried about him. Everyone else in my life says that I should just forget about him and walk away. What should I do?,"Forgetting one's emotions is impossible.Since you are in a relationship with this guy, your emotions keep your feelings active toward him.Does he respect your upset with his lifestyle choices?Are the two of you having conversations about your opinions on him?You're as entitled to dislike what he does as he is to like what he does.Since you're together in a relationship, respect for the other's values and how best to live life, matters.He may be as unhappy about your dislike for his lifestyle as you are with his.Try to know whether he's willing to change to accommodate you.Study whether you're willing to change to accept his ways.See whether the two sides are close enough to be different from one another and still be happy together.Then, if the answer is ""no"", you can consider to separate from him and your emotions gradually will recuperate from leaving the relationship."
Ever since my mother passed away my family has treated me like a stranger. Now I'm concerned that my father will need to go into a nursing home. If that happens I think I'm going to be on my own to handle it.    What should I do? I'm going to need my family's help and support.,"Understandably you'd like support from those who know and love you.From what you write, your family members do not offer you your very reasonable expectation.Start by telling particular family members with whom you feel you'd have the most likely chance of success in their meeting your expectation by loving you.This way you are able to tell yourself you've tried what is reasonable to try.Don't give up on expecting loving support for yourself!If your family members are unwilling to give you this, then start to give yourself loving attention and care.Gradually you will bring yourself in contact with new others who will love you.Loving yourself makes you attractive. so others will find your willingness to be loved."
"We just cannot seem to get along. I cannot have a conversation with her without it turning into World War 3. She treats me like I have no right to an opinion and never really lets me speak. My real mother cares and tries to help me, but she can't do much, because my adoptive mother won't listen to her either.","Going to see a experience counselor would be my advice.  You will have a neutral person that can listen to both sides and help you all find a common ground of understanding.  If she doesn't agree to counseling, really the only person you can change is you.  I would suggest that you approach her with love and let her know what you appreciate about her, let her know the great things she have done that could not be replaced or forgotten however you want your relationship to get better than it has been lately.  Hopefully this will open the door of communication where you can explain your thoughts and feeling but in a loving way."
"We rent from from my boyfriend's parents. His father drops by unannounced and stays for long periods of time. He lets himself into our home when we aren't there on a daily basis and takes our dogs to his house. He picks up our mail. He has NO boundaries.    He's an opinionated, rude pushy person. He expects to spend every weekend around us, gives unsolicited advice on child rearing and does not respect our privacy at all. He barges in with no warning. He has a key and lets himself into our house without asking permission. I need help. How do I address this?","You're expecting reasonable behaviors from your boyfriend's father.Since the father is his, your boyfriend is the person in position to speak directly with his dad about the expectations you and he have of the father.If your boyfriend has a good relationship w his dad, which is not what this sounds like, then great!If your boyfriend has a stressed and tense relationship w his dad, then somehow he needs to develop or be coached and encouraged by the people in his life who truly care about and know him, a way to state the very reasonable standards you describe here.If all else fails, then a new living space is always another possibility!"
I have been dating my ex-boyfriend’s cousin for a few years. We have gotten pretty serious. He wants to cut it off because people are giving him a hard time that our kids will be related to my ex.,"Does your boyfriend agree with the other people's opinions or is the problem that he feels that doing what they want will be an easy way to stop hearing them say what he doesn't like hearing?Talk through whether he actually believes what the others are telling him or figures that complying will make them stop bothering him.Once the two of you understand what, if any, the differences are in the opinions you each have on the double relationship status, you'll be more clear whether the differences can be aligned somehow."
"My dad doesn't like the fact that I'm a boy. He yells at me daily because of it and he tells me I'm extreme and over dramatic.
   I get so depressed because of my dad's yelling. He keeps asking me why I can't just be happy the way I am and yells at me on a daily basis. Is this considered emotional abuse?","Maybe this is emotional abuse.It certainly is irritating and annoying to be yelled at for being yourself.Maybe at a time when he's not yelling you can bring up the topic of your own willingness, if this is true, to discuss questions he has about your gender.There's no guarantee he won't start yelling midway through a dialogue like this.  Only then you will be on firm ground to excuse yourself from the conversation since you already explained that you're willing to talk with him and not to be yelled at by him."
"It was over 20 years ago, but the pain has resurfaced again now because I have started seeing her Facebook posts about how great her life is. I feel so angry. How can I handle this?","Emotional pain is different from physical pain that way, isn't it? Even many years later, an old wound can be ripped open again by a small trigger.You were betrayed by two people close to you. That's a complex injury. I don't know whether you're still in the marriage or not, or whether your sister is still in your life. Perhaps not, as your contact with her seems to be through watching her facebook activity. I'm curious about why you're just now seeing her facebook posts again. Are you feeling more open lately to seeing how she's doing in her life? I guess if you were open to having your sister even in the periphery of your life again, you will have to figure out how to handle those triggers. If you can't, maybe consider unfollowing her or detaching from facebook for a while. So your sister is happy, or she at least appears happy. Your mind might go to some unhelpful places, like ""She doesn't regret the affair"" (you don't know that), ""She doesn't deserve happiness"" (that would be a harsh judgement), or ""She doesn't care that I'm hurt"" (again, there's no evidence of that). Where does your mind go? It's important to identify your worst thoughts in connection to her. When you have those worst thoughts identified, ask yourself ""What evidence supports that thought as truth?"" It's likely that either there's no evidence, or that the truth is so far from you that you can't know what she's feeling or thinking, which makes having those thoughts pretty futile.A therapist can help you determine what emotions are being triggered here. It doesn't help you and your happiness to carry around resentment, ill wishes, or the need for revenge. Forgiveness is not about saying that something was ""okay"". It's about saying ""It happened. I accept that I can't change it, and I don't want to carry the emotional burden around all the time"". Forgiveness is putting it down. She... (trust me this is true)...she carries her own burden of shame for what she did. For you to spend time feeling angry doesn't affect her burden. It only adds to yours. Can you find the tender emotion under your anger? You're hurt. Validate that hurt. Honour that hurt. Take care of that hurt. You can stay away from people who disregard your needs, and you have the power to forgive those who make mistakes out of their simple humanity if you want them in your life. If you continue to struggle, please seek the help of a professional who can assist you in navigating these waters. :)"
"It was over 20 years ago, but the pain has resurfaced again now because I have started seeing her Facebook posts about how great her life is. I feel so angry. How can I handle this?","First thing that you must realize is that most people only post the ""best parts"" of their lives on Facebook, some people even go so far as to make their lives seem better or more interesting and post mostly false views of their life. Facebook is watered down, candied version of our life, you put on there only what you want people to see. The questions you should ask is ""How have I grown from this?"", Is my marriage currently in a good place? I really wish there was some form of magic that could be performed to solve peoples issues and help them sort out their emotions and troubles, however there is not, the closest we can get is by using {time and insight} to heal our wounds."
"It was over 20 years ago, but the pain has resurfaced again now because I have started seeing her Facebook posts about how great her life is. I feel so angry. How can I handle this?",What is going on in your life that brings up more sensitivity to the affair?The best way of handling your hurt is by noticing your own feelings and the current circumstances that increase your sense of pain.Concentrate on your own life and making your life the best it can be.
"It was over 20 years ago, but the pain has resurfaced again now because I have started seeing her Facebook posts about how great her life is. I feel so angry. How can I handle this?","A mediated safe talk session between. You and your sister.Then, you and your husband have a mediated safe talk.  So both hear what you feel in the respective relationships. Possibly the last step is a mediated  safe talk with sister, husband and youcoversation, in the future."
"It was over 20 years ago, but the pain has resurfaced again now because I have started seeing her Facebook posts about how great her life is. I feel so angry. How can I handle this?","Affairs and infidelity are tough areas to address. The power of the affair comes from the feeling of injustice that seems to have happened to you. The struggle I notice people have is with the forgiveness. Forgiveness is something that is asked of you from your partner but also you have the power to give. I assume you want to forgive or have forgiven. However, the forgetting part is difficult. It seems that image of her happiness may have triggered something in you that isn't happy. I'm not sure how often you are triggered by her but it seems there is something there you need to process. The forgetting part sadly is difficult to put past your mind. However, it's being able to see the unfortunate situation they did and be able to walkthrough it even though it's painful. I think maybe speaking with a local therapist about this as it's often difficult to process alone. Also, see how you are feeling as days go on. Do you find yourself obsessed? If so, you may need to seek a professional counselor."
"How do I ever trust another woman? I have found myself constantly reading between the lines with every other woman that I meet. I am having a difficult time making any sort of connection to anyone because of her deception and willingness to say and do literally anything in order to control my emotions.
 Once the ""relationship"" was over, she became extremely abusive and has attempted to intimidate me into silence regarding the many false claims made on her immigration application.","I'm sorry to hear about being taken advantage of by your former wife.On the positive side, think of how much you learned by going through this very painful time.Maybe you are naturally very generous and caring, to the point of expecting very little from the other person, for example.Consider yourself in a favorable position to not feel like going out right now and meeting a new person.   Your spirit is guiding you to stay put and recuperate from this ordeal, review for any signs you may have been more trusting than merited by the person's behavior.There's a natural flow to what we're able to handle and when we have renewed capacity for new adventures.There's no reason to assume that you'll never trust another woman again.  The first step is re-building trust in yourself to step into a new relationship.   There is no designated time line.  You'll simply feel more ready than you feel now.Very unlikely that you'd ever place yourself in a similar situation to the one you're currently recovering from.Good luck!"
"How do I ever trust another woman? I have found myself constantly reading between the lines with every other woman that I meet. I am having a difficult time making any sort of connection to anyone because of her deception and willingness to say and do literally anything in order to control my emotions.
 Once the ""relationship"" was over, she became extremely abusive and has attempted to intimidate me into silence regarding the many false claims made on her immigration application.","I'm sorry to hear about that situation. If the woman was your therapist (or had been at one time), this could represent a significant ethical violation when she created a dual relationship with you.Even if you were not her client, this might still be an ethical violation. Counselors are held to a high standard of conduct and honesty at all times.In a situation like this you might consider filing a complaint with the state regulatory board."
"I have known I was always different. This year, in December, I found out that I never felt female. I did research and have identified myself as male but don't know how to tell my dad.","I admire your courage.If you are concerned about telling your dad regarding your gender identity, I would suggest a couple of things. There are a lot of groups or other supports for people who are working through some of the same changes that you may be going through now. I don't mean to convey that everyone thinks, feels, or acts the same by any means, but rather that it may be helpful to talk to others who have had some similar experiences.I was trying to include some links for you, but that particular button isn't functioning window. If you search for ""transgender support"" on Google, you'll find GLAAD and PFLAG, both of which are national organizations. This does not mean that you have to identify as ""transgender,"" but researching that term may help you to find both national and local resources.As far as telling your dad, if that is particularly concerning for you, I suggest either talking through the details with a local therapist or considering if you have a trusted friend or family member (one who will respect your privacy with regard to who you would like to know about what you are experiencing at this time) so that you can talk with some people to have support. This may help with two things: allowing you to find some support for yourself as you work through the changes that you are going through now and also possibly talking with someone who knows your dad and may be able to talk with you regarding how or when to tell him.One thing that I tell anyone who wants to discuss something that is very important to them is to ask the person they want to talk to whether this is a good time for an important conversation. That way, you have greater chances of having the person's attention and/or not needing to end the conversation quickly. Also, please remember that you know yourself best, as each of us does."
"I have known I was always different. This year, in December, I found out that I never felt female. I did research and have identified myself as male but don't know how to tell my dad.","Hello, and thank you for your question. This is certainly a tough spot. I have a few thoughts and perhaps some colleagues will add some things. You may want to spend a few minutes calling to mind any conversations that you have had with your father about transgender issues, or if you have ever heard him talk about it. That may give you a small clue about how well he may accept this news from you. For example, if he has been watching the news lately, transgender rights is something that is being talked about a lot. Has he had an opinion? This won't tell you for sure if he would be okay with learning you are transgender, but at least you would know if there is hostility toward transgender people. To tell you the truth, the best way to tell your dad is whatever way feels right to you. There is no right or wrong way, best or worst. If you want to tell him when you are by yourself with him? That's perfect. Want to have a friend with you for support? Equally perfect. Whatever thing you need to do. And, of course, there is always the option of not telling him anything until you are comfortable doing so. Unfortunately, the response from your dad can't be predicted. Some parents are totally cool.... others not so much. This is one reason why having someone with your for support is sometimes a good idea. If things get heated, you have someone in your corner. There are therapists who specialize in affirmative therapy, and they may be very helpful to you in working out how you want to tell him. You can also Google some stories about how others came out.I refer many people to the www.letsqueerthingsup.com blog. It is a popular blog written by a trans man that I know. He writes on many topics related to trans issues. Hope some of these suggestions help. Be well... be you.. and good luck!Robin J. Landwehr, DBH, LPC, NCC"
"I have three siblings. My mom loves them and not me. She’s always yelling at me, but when it comes to my siblings, she talks to them. I’m always crying in my room.","Have you ever tried talking with her about this when she's not angry? While I hear you saying that it feels like she doesn't love you, there could be a lot of other pieces to this. Have you ever told her about how much she means to you (when she's not angry)?"
"My stepdad and I always mess around. I've noticed that whenever he playfully hits me, it's always my butt that he hits. He always comments on my outfits and always scans me head to toe when I walk into a room. I'm a teenager female, and I want to know if this is normal.","It's hard to tell from the way you described it. Do you think he would be open to an honest discussion? It could be that his comments about your outfit are designed to make you feel good or to help them show how much he cares about you as his stepdaughter. As far as scanning you from head to toe, I can think of reasons that parents might do that. I also think that talking about it is probably very important so you really know what his intentions are. That way, it removes the guesswork and you have the opportunity to know what he is thinking and feeling and he can also know what your reactions are."
"Any time my family and friends are in an altercation, I’m the one who steps in. I’m the one they call to fight for them. I do this even though I have a tough time trusting the people I’m fighting for. I’m only in my early 20s.","You could be protective because of things that happened in your past or in the past of the people that you are protecting. A lot of us have natural instincts that we do not want other people to be in pain. For other people, conflict is just hard to watch and/or listen to.As for having a tough time trusting them, that could also relate to past events between you and these other people or it could relate to the conflict that you mentioned. It can be difficult to trust someone deeply when you don't know when the next big fight or argument is going to start.The next time you step in for someone, consider asking yourself what is making you do that? What are you feeling in the moment?"
"Any time my family and friends are in an altercation, I’m the one who steps in. I’m the one they call to fight for them. I do this even though I have a tough time trusting the people I’m fighting for. I’m only in my early 20s.","Breaking the patterns of relating to family members, is difficult work.In the situation you describe, both you and the family members who ask for your intervention, will be affected by any change you decide to make in the way all of you handle family disagreements.Always, it is best for any two people who have a disagreement, to talk directly with each other.   A third person distracts from the content and reasons for disagreeing.Maybe knowing that by pulling yourself away from mediating family arguments, you will in the long term be doing good for your family, helps you do the actual work of separating yourself from their arguments.Definitely, the fact that you're writing about the problem, shows you feel like doing something which feels better than how you feel currently.It is very healthy for you to listen to your gut intuition telling you to pull out of the mediator role you are in currently.You may feel guilty, your family members will most likely do everything possible to persuade, convince,  and push you back into their arguments.This doesn't make them right in what they're doing, it only makes your job harder of trying to let them have their fights on their own."
"She has chronic inflammatory demyelinating polyneuropathy, and I’m her caregiver. All she does is complain, hit me, call me names, and say things happened that didn’t. When I tell her, she explodes. I didn’t always hate her, but now every little thing she does irritates me, and I don’t have the means to live on my own.","It sounds like you are hating some of the things that your mom does rather than hating her.Something you may be able to do is call the area agency on aging for the county where you live and ask for information about having other people help to care for your mom. I don't know how old your mom is, but if she is younger, they would probably have resources to other ways that you could have help. If you are both open to the possibility of someone else helping out, this may help with some of the difficulties between you if you are not spending quite as much time together. Do you think your mom is able to actually recognize how what she does and says affects you?From whom do you have support during all of this?"
"My mom and dad got divorced four years ago. I had to finish out the school year with my dad, and now they are deciding which place is best for me. I can't choose. How can I choose if I love both places?","I don't know how old you are, but depending on that, you may be able to talk with them about spending some time in both places. Even parents who live in different states can do that sometimes. It's not as frequent as spending one week at one house and the next week and the other, but I know that it happens.If you can talk with both of your parents about how you would like to live in both places, maybe you can all work out some kind of agreement."
"My dad is doing some really bad drugs, and I'm not allowed to see him anymore because of what he can do to me or my siblings on this drug. It has affected me tremendously in my life. It’s even caused me anger and stress.","It seems like you are going trough stages of grief, since the inability to see your father causes you similar feelings as if you had lost him.  Perhaps you could send him letters expressing your feelings and hopes.  But do understand that if he is under the influence of drugs he might not be able to empathize with your feelings or react in the way that he would have done so in the past.  As the issue evolves find a therapist or counselor to help you work on letting go of that anger and stress, which may affect you negatively.  Find forgiveness so you can have a relationship with him in the future.  ¿Qué puedo hacer con mi padre usuario de drogas?Mi papa está usando drogas muy malas, y no estoy autorizada a verlo por lo que me puede hacer a mí y a mis hermanos.  Esto afecta mi vida tremendamente.  Me causa coraje  estrés.Parece que estas pasando por estados de luto, ya que el no poder ver a tu padre causa sentimientos similares a cuando hay una perdida.  Tal vez puedes escribirle cartas expresando tus sentimientos y esperanzas.  Pero comprende que si el está bajo la influencia de drogas puede que no sienta empatía o te responda como lo solía hacer.  Mientras el problema se resuelve busca un consejero o terapeuta que te ayude a trabajar en resolver los sentimientos de coraje y estrés, trabaja también en perdonarlo para que puedas tener una relación con él en el futuro."
"I'm in my mid-twenties now, and my boyfriend of seven years and I want to start a life. My mother is 100% codependent on me and is extremely manipulative. She suffers from type 1 diabetes, which she uses to guilt me if I ever leave her. The problem is that I will feel guilty.","Focus more on your own life and less on the very heavy descriptors you wrote to describe your mom.All the words you wrote represent psychological conditions which are either lifelong or take a lot of motivation and effort to change.Since the only person who can change how your mom handles her life, is your mom, and you are the only one who can do the same for yourself, devote more energy and time to living your own life fully, despite the emotions you feel regarding her."
"My mother and I have an okay relationship. I know she loves me unconditionally, and I love her the same. However, more times than not, I'm afraid to tell her anything personal because she either doesn't listen, she turns it around and makes everything about her, or she ignores things - even when they are about my mental health.","How can I get my mother to listen to me without her freaking out?Communication with our loved ones can be tricky, but it is the key to maintaining a healthy and functional relationship with them. At times, it seems difficult to communicate with our family because many feelings and “undercover” messages are attached. Especially with our mothers, who often provide advice and feel responsible for us, it may feel like they are making everything about themselves as they express their worries and concerns.So what to do? First will be important to practice active listening skills, to ensure that you are receiving and understanding the message, without filtering it trough your own emotions or preconceptions of the person who speaks.  Second, learn and practice assertive communication skills.  Those will help you to communicate a message clearly and in pieces.  It also emphasizes using I-statements to express how you feel at times when emotions become affected by the interaction.  Third, you should practice, by writing your I-statement or role playing with your counselor.   The trick with communication skills is that we need to practice them as often as possible until you to master them.  You can also contact a family therapist to improve those skills if it becomes challenging, or contact a mediator if more issues arise.¿Cómo puedo lograr que mi mamá me escuche sin alarmarse tanto?La comunicación con nuestros seres queridos puede ser dificultosa, pero es la clave para mantener relaciones saludables y funcionales con ellos.  A veces, nos parece aun más difícil comunicarnos con nuestra familia, porque hay muchos sentimientos y mensajes envueltos en la comunicación.  Especialmente nuestras  madres,  pueden hacer parecer que están convirtiendo el asunto en algo personal, cuando se sienten preocupadas y responsables por nosotros y nuestras acciones.¿Y qué hacemos?  Primero debemos aprender a escuchar activamente, para asegurarnos de que comprendemos el mensaje, y que no lo estemos filtrando a través de nuestras emociones e ideas de la otra persona. Segundo, aprende y practica comunicación asertiva.  Esto te ayudara a comunicar un mensaje claramente y en pedazos.  También te ayudar a aprender expresiones del Yo, para identificar sentimientos afectados durante la interacción.  Tercero, es importante que practiques estas destrezas, ya sea escribiendo o con tu consejero.  El secreto está en practicar las técnicas de comunicación cuantas veces sea posible, hasta que las uses espontáneamente.  Si tienes dificultad aprendiendo estas técnicas, o el conflicto con tu mama es uno muy difícil de resolver, puedes contactar un consejero o mediador familiar para que te asista."
"My mother and I have an okay relationship. I know she loves me unconditionally, and I love her the same. However, more times than not, I'm afraid to tell her anything personal because she either doesn't listen, she turns it around and makes everything about her, or she ignores things - even when they are about my mental health.","Could you tell her ?  What would happen if you said ""Mom, I love you and I really want to share myself with you, but often I you get upset and I don't want that to happen. I really want to be able to talk to you."""
"It happens especially at me and my sister, and then she gets emotional and brings up the past. How should I deal with it? She is always stressed about her work and doesn't put her family first.","You are very wise for a young person. You have already figured out that other people's behaviours...how they treat you...it's not about you...it's about them. I love that you don't blame yourself for your mom's behaviours. It's not your fault. She's getting upset because she doesn't know how to manage her emotions, and these emotions have to do with her past and her present stress. You're just the trigger. Yes, this is normal, but it's not necessary. She can find another way to manage her ""stuff"".Unfortunately, you can't help your mom a whole lot or even help her recognize this. But for yourself... remembering that her behaviours are her issue is the biggest piece of ""dealing with it"". You can always try some new strategies when you talk to mom...you can say ""I'll listen you better if you don't bring up past stuff"", or ""I'm worried about you mom. You seem stressed"", or even ""I don't like the way you talk to me"". Good luck!"
"It happens especially at me and my sister, and then she gets emotional and brings up the past. How should I deal with it? She is always stressed about her work and doesn't put her family first.","Anger is a normal emotion, and yet it is a really hard one... how much is too much? and how do you express it without damaging those around you? yes mom's get angry, sometimes too easy... but its their responsibility to manage their anger-- get their own support and put themselves in time outs when they cannot handle it well.  Since you are the kids, you shouldn't have to fix or calm down mom's anger. Maybe in a calmer time when you guys are being silly talk with her one on one? Tell her  you are feeling sad and hurt that she gets upset at you girls. Ask her if there is 1 thing you can work on this next month to help her. Ask her if she would work on 1 thing for you this month-- not yelling? taking a time out? telling you before she blows her top so you can exit the room? Also for you, check out a library book on anger so you know how to handle yours, and one on parents and anger. Number one to remember, if you don't feel safe, if she is calling you names, or hurting you, breaking things etc. make sure you go to a trusted adult--school counselor, neighbor, aunt, church friend as soon as possible. You are much too important to be hurt and if mom is out of control, someone else needs to be --caring for you."
"My parents seem okay with other sexualities, but normally they only talk about being gay. When they do talk about bisexuality, they say things like “they'll do anything” or things that make me very uncomfortable because I am bisexual. I don't know if I am ready to come out to them.","Hello, and thank you for your question. Being bisexual can be particularly
difficult because it is often misunderstood, even by people who are “supposed”
to be part of your own community, such as lesbians and gays. It happens so
often that there is actually a term for it – 
bi-erasure. This is simply something that happens when people deny that
bisexuality is a real thing, or discriminate against bisexuals due to beliefs
like your parents seem to have. 
The unfortunate truth is that you can never
be sure of how you parents may take this kind of information. It sounds
promising that they are accepting of other sexual orientations, and it may
simply be that your parents lack education about bisexuality. With accurate
information, they may come around, but there is no way to be sure. 
Some of my colleagues have already given you good information. Here are some more things that you can consider
and questions you can ask yourself before making the decision to tell them:
 
1.      If they don’t respond the way you want them to, have you developed a support
system to support you through it? This is very important. The truth is that all
the friends in the world won’t prevent pain or sadness if your parents don’t
respond as you hope, but they will at least be there to remind you that you ARE
okay as you are. And that is critical for you to remember. 
 
2.      There is great information on the internet about bisexuality that you can
offer your parents if you think it would be helpful. It may be important for
them to know the kind of damage that is being done to bisexual adults and young
people because of the myths surrounding bisexuality. Here is an article from
GLAAD about bi-erasure: http://www.glaad.org/bisexual/bierasure
 
3.      Coming out to people is obviously deeply personal and should only take
place when you are ready. Sometimes people get pressured from friends, media,
and even people they are romantically involved with to come out before they are
ready. It really is up to you. If you are feeling pressure from others, don’t
feel bad about setting your boundaries and telling them that you will come out
on your own time. Intimate partners should respect you enough to understand
this. 
 
4.      Something else to think about is your own comfort in being bisexual. Just
because someone is LGBTQ doesn’t mean that they necessarily want to be. Many
people struggle with this. Having
your own doubts or insecurities may also play a part in how comfortable you are
in telling your parents. So, perhaps do some self-exploration about your
feelings toward yourself. 
 
Sometimes people take friends with them
when they decide to come out to their parents. This is something you may want
to consider. The important thing to remember is that you are okay. Really. If
your parents don’t respond well, that doesn’t mean that they never will. Some
start off upset, but then work their way through it. 
Best of luck to you. 
Robin J. Landwehr, DBH, LPC, NCC"
"My parents seem okay with other sexualities, but normally they only talk about being gay. When they do talk about bisexuality, they say things like “they'll do anything” or things that make me very uncomfortable because I am bisexual. I don't know if I am ready to come out to them.","Coming out to family members can cause a lot of anxiety. However,  although I cannot promise what their reaction will be, the benefit is that you will no longer have to hide who you are. Perhaps researching or getting information on bisexuality can help your family understand what it truly is to be bisexual. Many times,  people are just not educated on certain things."
"My parents seem okay with other sexualities, but normally they only talk about being gay. When they do talk about bisexuality, they say things like “they'll do anything” or things that make me very uncomfortable because I am bisexual. I don't know if I am ready to come out to them.","Perhaps you are not ready to come out to your parents.  Often times our readiness is not dependent on what others' will say or how they react. But more so dependent on how emotionally prepared we are to deal with others' reactions.  It may be beneficial for you to play out each possible scenario and conclusion (eg. your parents being supportive vs. your parents being disappointed and so on). How are you prepared to deal with the outcome?  You may also seek help through counselors, support groups and/or individuals you know that have dealt with similar situations to help you prepare to discuss this with your parents.  All the best!"
"I'm in love with my own gender, and my parents are against that. I don't know how to tell them because I'm afraid they'll not want me anymore.","Hello, and thank you for your question. This is one of those times when you wish you could assure someone that everything will go perfectly, but unfortunately I can't do that. There is no way of knowing how parents might respond until you tell them. The truth is that people have come out to their parents in many different ways. Some have told their parents directly, some drop hints, some have had others tell their parents, etc. The only ""right"" way to come out is the one that you choose. The one that feels right to you. That is the best way. Some people decide not to come out, and some wait for a very long time. Both of these things are okay. Coming out is deeply personal, and there can be real consequences to someone's emotional health and safety if they tell the wrong person. That is why it should only be done when you are ready. When you feel that you have the emotional and personal support that you need to take the risk. Sometimes people can feel pressured to come out, but I encourage you to do it in your own time. The truth is, there is a spectrum of how people's parents react to this kind of news. On one end, you may have the parents who shut a person out and are abusive, and on the opposite side you may have parents that are totally okay with it and throw you a ""Coming Out"" party. Most parents are going to fall somewhere in the middle. It is important to remember that their feelings may change over time. Many parents struggle at first, but they love their kids and get better with it over time. If you decide to tell them, consider taking someone along to support you. Plan ahead on what you want to say. It can be an emotional time, so do what you need to do to take care of yourself. If you need to, leave. You don't have to stay anywhere where someone is being cruel to you. I wish you well, and good luck.Robin J. Landwehr, DBH, LPC, NCC"
My mom is always bossy and treats me like a child even though I'm in my 20s. She argues with me over stupid stuff.,"This is a common issue. You grow up gradually, and parents often forget to shift their habitual responses according to your newfound level of maturity and growing need for freedom and independance. I'm all for helping you find new ways to cope and interact with your mom. Ultimately, you only have control over yourself, so that's the place to start. You can remind yourself that Mom's behaviours don't mean that she doesn't trust you or love you; it's just that she has habitual ways of talking to you that seem stuck in the fourteen year old range. If you can see her responses as habits, rather than a reflection of how she feels about you, then you can keep yourself calm. The more calm you are, the more she will buy into it when you invite her into a different sort of relationship. Take a look at the picture from her perspective. She may feel overwhelmed with finances (are you in college?), and feel burdened by the mundane tasks in life that she doesn't know how to recruit help for. I bet your mom spends a lot of time picking up after you, cleaning, cooking, doing laundry...all those thankless mom tasks. Take a look at how she talks to you... is she nagging about chores? Can you see that underneath the nagging there's a pretty overwhelmed and powerless person who needs assistance?  Okay, so my guess is that you both have a legitimate beef. She wants help. You want respect. Let's talk about how you get both.I propose that you sit down with mom and negotiate out a different sort of dynamic. ""Mom...I see us as stuck in how we interacted when I was fourteen. Can we do this differently in a way that we both get what we want?"" Sell it as ""win-win"". Then you write down some things that end up forming a contract. The first part is stuff that's your business and your business alone: things you want your mom to respect, like your room, your school, your job, your personal relationships and hygiene.... Mom's voice has no place in these arenas, unless you are storing food in your room and it's a health hazard. This is a ""Mom says nothing about"" list. The second part is about what Mom needs from you. What are her expectations about your role in the home as an adult. Does she want you to contribute to rent? Buy your own food? Do your own laundry? What items can we put in your control that would take some burden off of Mom? How will these things be enforced? What will happen if you don't follow through? Write it all down so it's really clear. It has to all be mutually agreed upon.The third part of the conversation is about how she talks to you, and how you talk to her. You can let her know that you don't want to be told what to do or when to do it; that doesn't work when you're 20 years old. Listen to what she wants too. Beyond the contract you've just written up, anything else you want from each other is a request, it's optional, and whether and when you do it is at your discretion. My guess is that if she spoke to you with more respect, you'd be more willing to help out. AND, I think if you participated a bit more she would nag at you less. Go for the win-win. I wish you well as you negotiate a new relationship with Mom. :)"
"I work two jobs and go to school for criminal justice. Over the summer, my father had a stroke. It was very devastating. My father isn't the same, and my family fights every day. I have been kicked out the house many times. I break down a lot.","You undoubtedly are carrying a huge weight on your shoulders. Stressors come in many forms and you are engulfed in a few of the major ones as it relates to dealing with the declining health of your father, family conflict, as well as trying to balance a work and school schedule. Stress, if left unchecked has many negative health related implications. First and foremost I would recommend going to see a counselor at your college/university. Most colleges have counseling centers for students that usually allow for 5-6 free counseling sessions (your tuition actually pay for these sessions so take advantage of them). Secondly I would advise you to take a minute and breathe. When confronted with overwhelming life issues it is common to busy ourselves in an attempt to distract ourselves from the drama, but sometimes that can compound our stress. When dealing with stress it is important that you engage in self care. In other words find time to engage in activities that bring you a sense of peace, enjoyment, and fulfillment in order that you may get a momentary release from your daily hectic life. Even with a normal life there is no way to escape stress, it is inevitable and a part of life, but how you deal with stress, as well as how you take care of yourself in the midst of these whirlwind events will determine your quality of life. I hope this helps..."
"I saw my mother cheating on my dad before. I said something to her, and she said it was in the past. Yesterday, I saw her texting dirty things to the same guy. Should I talk to her again? I don't want my parents to go their separate ways, I just want her to stop. it's not fair.","You as the child in the middle of your parents' problems is the worse position to be in.  I can only imagine your hurt, pain and confusion on what to do.  Honestly, this is a hard question to answer without knowing your age, your parents' ability to handle hearing information from you and your maturity to handle what may happen in the end.  One thing I would like to note....your parents may be in the same house but if your mother is cheating, they have already gone their separate ways."
I avoid talking to him because he always makes me more upset. I can't be honest with him about anything because he is always rude to me.,"Hi Troy, I totally get this. It's a dilemma; you want your dad to know how he's hurting you but you don't feel safe enough to say anything to him. Your reaction is understandable; it's his responsibility as a parent to work harder than you to create that safe place for you to be open. But that's not who your dad is. Your dad is your dad, and waiting for him to change won't really help. Nothing you do can change your dad, but...there are things you can do for yourself and your relationship with him. While your response of avoiding him is understandable, I wonder what effect it has on your dad. It's possible that he's feeling frustrated, rejected and punished by your withdrawal. You may think he knows that you're feeling hurt, but he probably doesn't. So this is the squirrel chasing its tail: your dad is rude, so your habit is to be silent, then he maybe feels abandoned and frustrated. His frustration comes out as more rudeness, which makes you want to withdraw more, and the cycle starts all over again. You can't change his part of the cycle but you can change yours.Are you willing to take a risk? Can you be honest about how you're feeling? What's the worst thing that could happen if you said to your dad ""You know why I avoid you? I stay silent because when I talk to you say rude things. So if you want me to talk, I need to know you can listen."" I imagine it would come out differently because you're a few generations younger than me, but put that into your own words.I don't know the level of your dad's 'rudeness'. If he is abusive, then a better plan is to see a therapist alone or talk to someone about this. I don't want to put you at any risk. But if you don't worry your dad will hurt you, maybe give honesty a try.My point is that, as rude as your dad may be, checking out of a relationship by being silent is also rude. It's powerful...your silence. Your dad can't read your mind, and if you want things to be better you will need to get in that ring with him.And, if you're both open to it, seeing a therapist together can be really helpful. :)"
She is living with her boyfriend of seven years. He is in therapy for depression and social anxiety. He hasn't worked in all this time.,"Congrats on your upcoming grandchild!Does your daughter want you to break news of her pregnancy, to the family?Talk with your daughter first, whether or not she would like you to tell other family members.Also, given the other facts you mention in your post, if household and financial management are areas you feel your daughter is vulnerable, then bring up these topics too.Stay open minded about your daughter having views which are different from yours."
She is living with her boyfriend of seven years. He is in therapy for depression and social anxiety. He hasn't worked in all this time.,"Hi New York, There is no need for shame here; no one's done anything wrong! A pregnancy is a glorious gift to be celebrated. I wonder what gets in the way of you celebrating your daughter's pregnancy? Are they excited about it? I bet they are. They've been together for seven years. Even if it caught them off guard, the best thing for them and this new baby is to celebrate the joy of this new little person and their growing family. If you are happy for them and help spread their joy, how marvelous would that be for them as a family?New York, I will be honest with you; I hope that's okay. I sense that maybe you are feeling judgemental towards them. Do you dislike or judge his struggle with mental illness? Do you see him as less than worthy because he hasn't worked? I don't know for sure, but I imagine maybe his anxiety and depression get in the way of working. Maybe he's on a social disability? Mental illness doesn't make someone less lovable or valuable as a partner. He's getting help for himself and that's wonderful. If your daughter loves him and is happy with him... If he is her chosen man, then they absolutely need your support, not your judgement. And if they struggle as a couple, you know what...they will need it even more!Is this your first grandchild? If not, then I don't have to say this, but if it is...you are in for the most amazing adventure of your lifetime. You will fall in love so deeply with this child. S/he needs that...this baby needs your love and support.So, you say to your family... ""I have amazing news! My daughter is expecting a baby! I'm going to be a grandparent!! I can't wait""."
"I keep being mean to my best friend, and I don't know why all the time. I did come to maybe some kind of conclusion that it is because my mother is mean to me all the time. Could that be a cause?","Hi Morristown,There's a saying that goes ""hurt people hurt people"". It's possible that your aggression towards your friends is connected to your mother's behaviours. When we are treated poorly, especially as children, it affects how we ourselves, others, and the world. It's also powerful modelling of aggressive behaviour. The good news is that you have this lovely awareness and I think a desire to learn about yourself and grow in your ability to be respectful to people you care about. I recommend you consider sitting down with a therapist and exploring these ideas and moving forward on that path you seem to want to be on. Good luck!"
"My mom made a lot of mistakes a couple years back, and I can't seem to forgive her. I want to say that it's okay, but I can't. I feel like even if I did forgive her, I wouldn't be able to say it to her face.","How someone feels when they forgive another, is at peace with themselves and their understanding of what went wrong, who was responsible for what in the situation, and clarity on their own motivation, actions, emotions including pain, regret, resentment, sadness.These steps ideally allow a new door to open in order to develop new paths in the existing relationship or accept that this will not be possible due to either person's way of handling themselves.The long answer would be that you're not yet through with this process.I commend you on being truthful with yourself about yourself.You're on the right track by expecting to feel resolved when you've reached resolution, and not before.Finding patience with the unpredictable amount of time needed to thoroughly examine all the details of the incidents you mention, sometimes is a frustration of its own.Keep up your good work of knowing your own life.It is a worthwhile endeavor!"
"My mom made a lot of mistakes a couple years back, and I can't seem to forgive her. I want to say that it's okay, but I can't. I feel like even if I did forgive her, I wouldn't be able to say it to her face.","Hi Cleveland, I think I get what you're feeling. You're scared that if you forgive your mom, that would mean it wasn't so bad, or she'll think it's okay to do it again, or she won't realize how hurt you are. I invite you to look at forgiveness in a different way. Forgiveness doesn't have to mean what she did was okay. Not at all. Forgiveness can mean ""I accept what she did, and I don't want to live in her worst moments constantly. I want to put it down and move past it because I want her in my life, because fear and resentment interfere with my relationship with her, and mostly because I'm tired of carrying them (fear and resentment) around constantly.""You can forgive your mom for yourself, not for her.  If there is evidence that your mom wants to respect you moving forward, then it might be worth it to risk putting down the resentment and the grudge that you think you need to protect yourself.  Your ability to draw boundaries with her in the present is your biggest protector; let her know in the present what hurts you, and notice her responses.You don't have to say it to her face. Saying it to yourself is more important. Again, forgiving your mom helps you...it reduces your own burden of fear and resentment, leaving space for better things."
"My mom and I have been fighting a lot now, and I just want a good relationship with her.","The best way to work on a relationship is for both people to engage with the problem and start communicating with each other more effectively.  One of the hardest things about this, however, is getting both people within the relationship to recognize that they are both responsible for the successes and failures within the relationship and remove all the all-or-nothing blame. The best style of communication is open and asking for clarification; why not try asking your mother why this particular fight/situation is eliciting such an angry response.  Often, the simple act of expressing that we don't understand the other person's point of view can open the doors to better levels of communication. The hardest part is trying to remain humble as we seek out that clarification and avoid the blaming language we are so used to using in such times."
"I am a teenager, and my brother is a few years older. He has a girlfriend who is always with him. He never hangs out with me anymore. We were really close, and it is making me really sad.","Hi Zionsville. It's so sweet that you have a special relationship with your brother. You will ALWAYS have that, you know? He's doing what's natural at his age...spreading his wings and looking for love. You may be heading into that zone soon too, but I get that it's weird that he's there before you, and you miss him.Try to respect your brother's autonomy, wish him well, be friendly with his girlfriend, and it's also okay to say ""Hey, bro, I'm still here. When can we hang out!?"""
"I am a teenager, and my brother is a few years older. He has a girlfriend who is always with him. He never hangs out with me anymore. We were really close, and it is making me really sad.","It is always hard when we feel as if we are losing somebody close to us. Feeling sad over these losses are normal. While there may be some things you can do to remedy this situation, it is important that you try and understand that part of life is change. The fact that your brother doesn't spend as much time with you doesn't mean that he loves you less or doesn't care about you. It most likely means that he is having to split his time between different people and priorities. I suggest that you communicate with him how you feel. Perhaps, ask him if he would be able to set up times that the two of you can hang out, without anyone else present. Addionally, it wouldn't hurt for you to also find some other ways to spend your time away from him. Now might be the perfect opportunity to pick up a new hobby or hang out with different peers. Keeping yourself distracted in healthy ways and processing your feelings of sadness will likely help with lifting your mood. Good luck to you!"
"I've been hurt by a man for five years. He doesn't involve me with the family or kids. Everyone in the family is against me. There is a Mass today for a family member, and he never asked me to go. I'm to sit home alone now and Christmas too. He expects me to sit alone while he enjoys being with the family. We are in our 50s, and it hurts that he won't even think of me or involve me as part of the family. He doesn't even care. I am leaving him as soon as possible, but I hurt so bad that I didn't know who to turn too. I'm now in this low funk of depression, and I'm scared because I do stupid things to myself and give up. I have no friends because I was a truck driver. I've been getting serious headaches and can't sleep. I don't eat; I've lost my appetite. This has been going on for a couple weeks now.","Hi Florida,I get the sense that, aside from this relationship, you're quite isolated in general. It's sad that you're feeling excluded at Christmastime and family events. While I would suggest that you don't really know what he or his family are thinking or feeling (you assume they're against you, and that he doesn't care), he is certainly behaving in a very distant, excluding manner and it's understandable that you would feel rejected and hurt. How long has this part been happening? Has he always acted this way, or is it more recent? Did something happen recently? You mentioned doing ""stupid things to yourself"", and I don't know what that means. If you are engaging in self-harm he may be confused about what to do and he might need some time to think and be separate but is having trouble talking about this. Part of the problem, of course, is that you don't know what's going on for him. Certainly, you deserve the truth, and if he doesn't want to spend time with you, I would hope he would be honest. Have you been open to hearing the truth from him? Is there any reason for him to hesitate to tell you why he's being distant? Maybe you could ask him, if you are ready to hear.I'm glad to hear that you believe that you deserve a full, loving relationship, although it seems that moving forward might be difficult for you. Is it possible your happiness is a bit too dependant on this man? I'm just guessing, based on what you've said here.  It seems that it's possible your situation has led to some depression, and I would recommend a session with a qualified therapist to help you sort this out. You will need support, even if the relationship is repaired. Best of luck."
"Hello, I have a cousin in my family who has been making me feel belittled, insecure, and frustrated during her stay here in the city. I know she comes from a place of love, but she has always been short-fused and highly temperamental if something doesn't work out the way she planned it. I have tried my best to coordinate plans with her, but she always ends up frustrated about the lack of communication I seem to have on my part and then makes condescending comments about my character that include: inconsiderate, negative, oblivious, and self consumed.    I have tried to talk to her openly about this, but it always comes back as an attack on my character and I have never heard these comments from anyone else before. I have been thinking a lot about her comments and whether I truly am an inconsiderate person who is not thoughtful, spatially aware of surroundings/people, or positive, but in the end, I am feeling awfully hurt about how this has affected our relationship.    What can I do?","Do you have a close friend or relative who's opinion you trust? Ask them for their honest feedback and if they see you like your cousin does. If they don’t see these qualities in you, then it may be your cousin’s issue and she’s taking it out on you. You can always ask her what would be the best way to communicate plans with her so you know, specifically, what she is expecting. Then if you meet these expectations and she still blames you and comments on how inconsiderate you are, it's her issue and she is not coming from a place of love.Even if you do resemble her comments, the way it sounds like she approaches this problem is not out of love. The fact that you're introspective enough to consider your own behavior suggests the problem is not with you."
"Hello, I have a cousin in my family who has been making me feel belittled, insecure, and frustrated during her stay here in the city. I know she comes from a place of love, but she has always been short-fused and highly temperamental if something doesn't work out the way she planned it. I have tried my best to coordinate plans with her, but she always ends up frustrated about the lack of communication I seem to have on my part and then makes condescending comments about my character that include: inconsiderate, negative, oblivious, and self consumed.    I have tried to talk to her openly about this, but it always comes back as an attack on my character and I have never heard these comments from anyone else before. I have been thinking a lot about her comments and whether I truly am an inconsiderate person who is not thoughtful, spatially aware of surroundings/people, or positive, but in the end, I am feeling awfully hurt about how this has affected our relationship.    What can I do?","It sounds like you are feeling pretty criticized by your cousin and at the same time you are wondering whether or not there is some truth in what she is saying. It also sounds like you would like to see if you can find a new way to relate to your cousin, so that your relationship can be more satisfying. If you can find a competent therapist to work with, there may be a great deal of opportunity to learn more about how you relate to people in the world and to learn strategies to show up in your relationship with your cousin in a way that feels right to you."
"I use to be so happy. No matter what, I always was happy. I got into a relationship with this guy. I love him so much. We’re both teenagers. The week after his birthday, my mom made me stop talking to him. It broke me. He came to my house and talked to her, and she let us date again but not see each other. He comes up to my school every day and it tears me apart that I have to lie to her.","I understand that this can be difficult when you care about someone. Have you had a discussion with your mom as to why she does not want you and this boy to see each other, and what her concerns are? It sounds as though you and your mom may be able to use some help with communicating, and compromising. It is understandable that you do not to feel comfortable having  to lie to your mom. It  would be helpful if she could understand that you having to lie to he is getting in the way of you being able to go to her with any issue and  feel she will hopefully understand or try to understand where you are coming from.  Have either one of you been in family therapy? This may be something you may want to suggest to your mom to help you both understand where each one is coming from. If your mood is sad, and your feeling worse, it is important that you reach out to an adult, parent, person at school whom you trust to share your feelings and help you feel understood and work through your problems."
"I use to be so happy. No matter what, I always was happy. I got into a relationship with this guy. I love him so much. We’re both teenagers. The week after his birthday, my mom made me stop talking to him. It broke me. He came to my house and talked to her, and she let us date again but not see each other. He comes up to my school every day and it tears me apart that I have to lie to her.","Hi Los Angeles, I can tell you have a moral backbone because it's hurting you to lie to your mom. I always say that a little bit of guilt is healthy because it teaches us who we want to be. Listen to that voice. You don't have to lie to your mom to get what you want.Now, you don't say how old you are, so part of my answer is going to be a bit vague. There's a big difference between being thirteen and your mom telling you what to do and being nineteen and your mom telling you what to do. The thing is that moms and dads start out making all your decisions for you when you're small, and they're supposed to, very gradually, give that control over to you. Different parents do this at different speeds, but in general you have to earn that freedom and trust...it's not just gonna be handed over to you. You might not like this part...your parent has the right to make the rules. My guess is there's a reason why mom is holding you back. Even if it doesn't make sense to you, breaking her rules isn't going to get you what you want...which is freedom, right? I guarantee you that mom wants you to eventually earn freedom...but she's not supposed to give it to you until you're ready because her first job is to keep you safe. I like that your mom has limits for you. Too many parents are sort of looking the other way, busy with their own thing. Whether you know it or not, you need protection like all kids do (appropriate for your age, of course).It sounds like what you want to say to your mom is ""I want to make my own decisions about who I spend time with"". That's a normal wish, and I encourage you to say that to her. Depending on your age and whether you've earned it, she might listen. So, you're sending her that message that you want to send, but you're doing it in a sneaky way, and that's not going to go well when she finds out. It's called ""passive aggressive"" when you say something with a sneaky behaviour rather than with words. It's not a very healthy way of sending a message, because people feel disrespected. My guess is that your best bet is to be honest with mom, stop the sneaking around and come up with a detailed plan of how you're going to earn your freedom...eventually. She might listen to that."
"I'm applying to private high schools. I'm playing basketball on my school team currently, and I love it. I also play on a team that I've hated since the beginning, and I finally want to quit before the season gets started. However, my parents say I can play on either both teams or neither. I think it's unfair because it's up to me if I want to play for a certain team. I was planning on playing basketball for the high school I get into, but if that means continuing to play for the team I hate, then I wouldn't want to play in high school. Now I don't know what to do! My parents are threatening to send me off to a different home if I don't play. I just want to run away.","The situation in your family seems to place unnecessary pressure on you.Are you and your parents able to talk together about their reason for their standard?Are your parents willing to listen to your reasons to not play on the team you hate?If yes, then maybe some type of compromise is possible for all of you to negotiate.If none of the above is possible, then you may want to get specific and direct advice from a professional, such as the school guidance counselor or psychologist, whom you'd trust and feel safe in talking.I hope you and your parents will find an answer that all of you are happy to accept."
"I am always arguing with my father. He gets stressed over work and health and talks to me in a tone of voice that seems very demanding and seems more like yelling. I get upset often at this. Am I too sensitive? He always says I am overreacting but never seems to understand that he is hurting my feelings. No matter how often I try to tell him this, he never listens.","Thanks for the question. Regardless of whether or not you are sensitive, it is okay to want better communication with those who are important to you. When we feel that we are being talked down to or being ridiculed, it is difficult to not take it personally. It sounds like you have taken the first and necessary step in resolving this by bringing up the issue to him. Is it possible that the delivery of your message is causing him to feel blamed or defensive? Try communicating with him during a time when you are not upset and when it is out of context. Begin your statements with ""I"" as opposed to ""you."" For example, you can tell him, ""I feel angry when you raise your voice at me"" instead of ""You always yell at me."" Also, avoid using black and white terms such as never and always. Additionally, offer sugggestions as to ways that he can better communicate with you. Maybe he just doesn't know how to. Lastly, when delivering a message, I like to use the sandwich method by starting off the discussion with something postive and ending it with something postive. For example, you may say something to the effect of:""Dad, I enjoy the discussions we share and really value your opinion. There are times that I feel angry when you talk to me aggressively. Perhaps you can try talking to me using a calmer tone when I bring up heated topics. Let's try and work on this together. I will try to be less sensitive and I am asking that you be more calm.""I hope you find this useful!"
"I am constantly having problems with the same two people who will always be in my life. I had a daughter with my ex-boyfriend. I am now married, and my husband’s ex-girlfriend is involved with my ex-boyfriend. They also have a daughter together. My issue is that there is always drama. I am pregnant, and I told my ex-boyfriend that I don't want any drama or arguments. I want to get along as much as possible, and he agreed. However, we just had an incident where my ex-boyfriend started discussing drop-off details about my stepdaughter. I told him that he needed to ask my husband because I can't make decisions about my stepdaughter regarding the matter. That led to an argument. I told him all my concern is when I pick up my daughter. My stepdaughter’s pick-up details are between my husband and his ex-girlfriend. I especially told him I didn't want to be involved. Somehow, he turned it around and then wanted to change the schedule we agreed on. He threatened me and got ugly because I wouldn’t discuss my stepdaughter’s matters with him.
   The point is there is so much drama. I try my best to get along with everyone. I don't understand where I went wrong (besides replying back to his question). I feel like I'm going crazy because this is a constant battle where everyone’s frustrations are taken out on each other, and it's the children that are hurting. I had a party planned for my daughter’s birthday, and my ex-boyfriend told me to cancel those plans because he wouldn’t let me have her. In my eyes, it’s the child that is hurting. I was throwing a party for her birthday, and because of the problem with stupid pick-up details about my stepdaughter, which I have no control over, he took it out on our daughter.","Hi. I appreciate your mature instincts and strong efforts to draw clear boundaries in this very complex situation. I agree that it sounds like the adult drama is unnecessary and potentially will affect the children. Children need adults around them to act maturely, cooperatively and peacefully even when they don't like each other; it helps them feel secure and lets them focus on learning and growing. Your ex-boyfriend seems more focused on his own needs. In fact, he demonstrates behaviours that are aggressive, controlling and manipulative, bordering on 'parental alienation'. I agree this is a problem.I also appreciate how protective you are of yourself at this vulnerable time with the pregnancy. It's not unusual for pregnancy to trigger a need to conserve energy and reduce stress. Honour this instinct you have. I will suggest a few things to you. First, to gather support around you, professionally if you need it, from family and friends, and certainly from your husband. If you two are on the same page regarding the children issues and your ex, that will help. He can help run interference when it comes to his daughter. It will help you feel supported.Know that your ex's behaviours aren't happening because you did anything wrong; it's the way he operates (and maybe this is why you're not with him?). You can't change him, but you can stop blaming yourself for his immaturity and aggression. You're correct that he will always be there, and you can both accept this fact and also find ways to manage the situation.Keep on defining clear boundaries! You might sound like a broken record (""You'll have to talk to my husband about that""), but that's okay. It's okay to ignore his efforts to pull you into an argument or power struggle. It's okay to not respond to texts or other communications that aren't vitally important. It's okay to not let him into your house if it makes you uncomfortable. It's okay to not engage with him more than is necessary.Regarding his manipulative behaviours that reflect a tendency to keep your daughter from you, I recommend you document these behaviours and incidents carefully and fully. Let him know what your expectations are, simply and clearly and in writing (""our agreement states X, and you are not following our agreement""). Your daughter doesn't have to be aware; I think you already understand that she needs to be protected from the adult conflict.A professional therapist can help you with all of this. I hope this helps get you started towards greater peace, at least within yourself. :)"
"She treats me like I'm not in her presence. She’s always yelling at me for no reason. She gives more respect to my brothers than me, but only my brothers fight her while I respect her.","Attention is not equal to love and being valued. It may be precisely because your brothers demand so much more your mom's attention through fighting with her that she pays more attention to them. It is a common situation in families where the ""squeaky wheel gets the grease"" and the siblings or family members who don't demand as much attention end up feeling invisible. It sucks to feel invisible and it is important that there is attention for you and that you know how much your mom loves and values you.  This sounds like an important conversation to have with your mom and if she is not able to really understand or help you address this concern you may want to suggest doing some family therapy where a skilled therapist can help you and your family work this out."
"I am having a problem with extended family members who are inappropriately urinating in my home. They are peeing in cat litter boxes, bottles, and directly on floors and in corners of my house.
 Is there any literature that supports why such adults would behave this way? This is not a joke. I am trying to understand.","Hi, This sounds like a very challenging and upsetting problem - good for you for reaching out! My first thought is, these two adults may have a sleep disorder that could be contributing to the urination in inappropriate places. Since they are adults, and you can't force them to seek treatment,  you might be able to suggest that there could be an underlying medical issue and advise they speak with a medical provider. . As far as what to do for yourself - set some firm boundaries. Be clear about the expectations of your home. Also include the positive and negative consequences should they decide to address or avoid this issue. I hope this helps you, your family members, and the pets!"
I am married to a beautiful lady. I love my wife with all my heart. We have 3 boys and I have a daughter from a previous marriage. We also have 3 grandchildren. Now this event is tearing us apart. I want our family to be together and happy. It was a mistake from so long ago. My wife wants to leave and I don't want that to happen I love her so much. Please help me save my marriage. Even my 3 boys want us to work it out. They love us both and want our family together. Please give me some advice or hope. Sincerely heart broken.,"If your wife is willing, seek out a qualified couples therapist! Look for one trained in the Gottman Method or Emotionally Focused Therapy. Your relationship is repairable, but you may need some qualified support in the process."
"I started dating a guy I met online. He told me that he registered sex offender but he didn't do anything. He took a plea to always register as sex offender and he did two years. That was more than two decades ago. Nothing on his record since. I always believe the past should be left in past. But my roommates, their family and my son are unforgiving. Should I forgive this man that I'm falling in love with or should I dump him? If I stay with him I will never see my family and granddaughter again.","Thank you for your question. Trust is a huge thing in relationships and when that is broken, or perceived as being broken, it takes a long time to repair. From what you shared, it sounds like your boyfriend took steps to correct the situation and has shown to be trustworthy since. Unfortunately, no matter how much we apologize for something we did or for something others perceive we did, there will always be those with hardened hearts and will not forgive. If you feel confident in your relationship, then trust your inner wisdom. We cannot control others but only ourselves. Respect your families wishes to remain in unforgiveness while at the same time, ask them to respect your wish to believe in him and be in this relationship. Good luck to you."
"I'm having issues with my relative. The police never believe the experiences I have been through because I am only a kid. 
   I've even had trouble trying to reach a therapist because I said I wanted to get an adult to help me. Could you please give me advice?","I think it would be wise for you to call a hotline especially designed for children. It's called the Childhelp National Child Abuse Hotline. The number is 1-800-4-A-CHILD (1-800-422-4453). It is completely anonymous and a trained therapist will be able to provide you with guidance, confidentiality, and can also help you make a report of you want.The call is completely free and they are open 24 hours a day / 7 days a week. I'm glad that you are taking steps to improve your situation. You are a very brave and an intelligent child. Please remember to call 911 if you are in immediate danger."
"The last of my emotions belong to my pets. Today my dad said he might get rid of them tomorrow. If that does happen I might dig hole in the ground with a paper that says ""here lays my emotions. R.I.P."" I practically have no emotions left and I came to the realization about this not being normal by comparing my reaction to certain situations to my family's. What's wrong with me?","It sounds to me like you have had a lot going on and now you are afraid you are going to lose the last things you care about, your pets. I do not know what all is going on in your family, and I cannot answer for your dad’s actions or his reasoning behind this.I would recommend that you focus on developing healthy coping skills. We cannot change what others do but we can change how what they do affects us. If you have all of your emotions and all of yourself tied up into one thing (like your pets) then when that thing is taken away it causes a lot of emotional distress. It is really good to have a wide variety of interests such as friends, hobbies, games, etc. Develop other things that you care about and are passionate about.Another reason for developing healthy coping skills to deal with whatever might be going on in your life is if you don’t have healthy ones, you may develop some very unhealthy ones. You have to cope somehow, right? Developing unhealthy ways of coping with life is only going to make life more difficult for you.I don’t know if this is what it is like for you at your house, but there are two kinds of household environments that can cause dysfunction in children. One is when you grow up in a very rigid stern household where all decisions are made for you and you feel like you have no control over anything. The other is a household where things were chaotic and you never knew what was going to happen next and had no stability. People need to have some stability in their lives and need to feel in control over some things in order to feel safe. Both of these environments can lead you to develop some unhealthy ways of coping with life. Please talk to a trusted adult about your feelings before it gets any worse."
"I have secrets in my mind, and I don't know what to do with them. I don't want to tell my wife and mom because I don't want to hurt them. But I'm not sure how long that I can keep the secret to myself. What should I do? It's becoming annoying and making me anxious. Help me out","It sounds like keeping the secrets has become a problem for you now. There are several things to consider before you make a decision.- You mentioned that you don't want your wife and mom to know because you don't want to hurt them – why would it hurt them? - Is it necessary for them to know this information?- What are the consequences of either telling them the truth or not telling them? (for you and for your wife and mom).- Once you have considered these, think of what you would tell your friend if they were in your exact situation?- Also, if your wife or mom were in your situation right now, what do you think they would do themselves?- If your wife and mom were in this situation, how would you feel? Would you want to know the secrets?- How has keeping these secrets affected your own mental and physical health?Once you have looked at the problem from all angles, you will be able to better make a decision on whether it is right to tell them or not."
questionText,answerText
"I've pretty much been on my own since day one, I'm a middle child of five, and I can't seem to put my trust in anyone. It took me four years to finally open up a little to my best friend. Every time I realize that I have feelings for someone, I freak out and never talk to them again. I really want some help.","One way to concentrate is that if your mind starts to wonder then remind yourself to bring your attention back.Start with short time spans of expecting yourself to concentrate.  You'll more likely succeed with concentrating with small time spans than longer ones.Once you start seeing your success, this will motivate you to try increasing the length to expect yourself to concentrate.The task of self-reminding is the same, whether for long or short time periods.Also, before starting this exercise ask your medical doctor if the problem can be related to a physical health problem.If there is, then have the possibility ruled out that your difficulty concentrating comes from the mental ability to concentrate, and not some medical reason preventing this.Before someone can engage their psychological will there must be a clean medical body and mind with which to work."
"I have been married for 11 years. Within the past 2 years we have drifted far apart. We coexist together but there is very little personal interest in each other. I often feel that my husband has ""friends"" at work that he is more emotional invested in than me. I feel very alone and just uncared for. Is there anything I can do to feel reconnected?","Your question highlights your pain very clearly.  What you are describing is one of the most common scenarios I see in my practice with couples: One partner feels terribly lonely and unimportant in response to the other partner either turning towards other people and activities or being withdrawn and turning inward. My mind immediately goes to a question for you: What happens when you are feeling alone and uncared for? What do you say to yourself about you, about your spouse, and about your relationship?  What do you do in response to these feelings? Do you ask for what you need?  Does this lead to arguments?  Do you stay silent or withdraw?Very often, couples enter into negative patterns where one partner feels afraid of rejection by the other partner and so withdraws from the relationship (and is often seen as ""cold and aloof"" towards the relationship), and the other partner feels afraid of abandonment by the withdrawing partner and so pursues the other (and is often seen as ""critical and nagging"").  Regardless of ""who started it,"" these patterns can turn into infinity loops that take on a gravity of their own, and ultimately cause both partners to withdraw and dissolve the relationship.  If both partners want to work on saving and improving the relationship, the way out of this is to learn about your emotions and patterns together so that you can slow down the pattern and stay in touch with the emotions that pull people together.  As the patterns slow down, partners are better able to get more deeply in touch with their vulnerabilities, needs and longings, and ask for them to be met in such a way that doesn't leave the other partner feeling criticized, threatened, abandoned, or uncared for.Some couples can do this without the help of a therapist.  The book ""Hold Me Tight: 7 Conversations for a LIfetime of Love"" by Sue Johnson is a self-help book based on Emotionally Focused Therapy (the most scientifically validated couples therapy that currently exists), and has been helpful to many couples that I see.  When a therapist is needed to help partners reconnect or overcome betrayals, I recommend seeking couples therapists who are trained in a scientifically tested model of couples therapy (such as Emotionally Focused Therapy.  You can learn more about EFT or find an EFT therapist here: http://www.iceeft.com).To summarize:Your pain is understandable and valid.  It's telling you what you are missing and what you want.Reconnection comes when we can listen to what our feelings are telling us, express those feelings in a safe way, and assert our wants/needs, while remaining open to the vulnerabilities and needs of our partner.If you can do that on your own, and your relationship is responsive, that's fantastic!  If you encounter challenges in resolving this yourself, consider therapy with a trained couples therapist using a model that is scientifically validated.  Pain means this is important!  You and your marriage are worth the effort!"
"I have been married for 11 years. Within the past 2 years we have drifted far apart. We coexist together but there is very little personal interest in each other. I often feel that my husband has ""friends"" at work that he is more emotional invested in than me. I feel very alone and just uncared for. Is there anything I can do to feel reconnected?","Piggybacking on the other respondent's suggestions, I also agree that most couples could use more frequent and more bonding communication in their relationships, and this is a GREAT place to get the ball rolling towards reconnecting.Surveying the demographical data on long-term relationships, it's pretty common for couples to start to struggle around the 7-10 year mark and in fact, that's often when first time divorces happen. And for lots of reasons...most of them having something to do with beginning to take one another for granted and no longer doing the little things that nourish the relationship and light our partners up.  Seems like you've encountered this in your own relationship...where he appears to be neglecting your need for emotional connection with him.Doesn't have to be this way though. And from my own personal clinical experience, I can tell you that when even ONE partner is willing to make some small but powerful changes, they can often ripple outward to the other partner and bring about miraculous outcomes! So my encouragement to you is this - if you're still in love with him...even a little bit...and you're down to try something new, there's hope!  As hard as it may be, I would ask you to try and focus on YOUR own side of the street when approaching him. Use an open and curious approach with him. Ask him what he thinks he needs in a marriage. What is it about you he fell in love with? What helps him feel more fulfilled as a man and as a husband? What little things that you have done over the years does he appreciate? Like Sherry said, if you can get him talking, there'll be plenty to work with. We only need a spark to kindle a fire. If he can give you a list, you'll have a blueprint for getting him to reconnect with you and it opens the door for you to offer him little suggestions as well.By the time a couple reaches the point where you're at, there's usually very little fun going on. We've stopped enjoying one another's company. Try and think creatively about some shared experiences he might be willing to do. A picnic? Happy hour? Concerts, museums, cooking class, new sexual behaviors...the list is as infinite as you want it to be! Some of my favorite suggestions for couples looking to understand how they got here and how to build their way out are:""The Secret to Desire in a Long-Term Relationship"" (Ted Talk) by Esther Perel""Getting Together & Staying Together: Solving the Mystery of Marriage"" by William & Carleen Glasser""Divorce Busting - A Step By Step Approach to Making Your Marriage Loving Again"" by Michelle Weiner-Davis""The Relationship Cure: a 5 step Guide to Strengthening your Marriage, Family, and Friendships"" by John Gottman & Joan DeClaire""The Seven Principles for Making Marriage Work"" by John Gottman & Nan Silver""The Five Love Languages"" by Gary ChapmanAnd of course, I'd be remiss if I didn't suggest that if you're open to the idea, maybe some individual and/ or couples counseling could be helpful too.My very warmest regards to you,Tamara Powell, LMHC"
"I have been married for 11 years. Within the past 2 years we have drifted far apart. We coexist together but there is very little personal interest in each other. I often feel that my husband has ""friends"" at work that he is more emotional invested in than me. I feel very alone and just uncared for. Is there anything I can do to feel reconnected?","I'm sure you've tried to talk to your husband, but if not, could you? Have a conversation with him about him and his life, his work, etc. See if he relaxes and opens up to you, even a little bit. Don't try to have a heavy conversation or even unburden yourself to him during this first conversation - just try to be light-hearted and focus on hearing him. It's the first step towards getting your needs met too, and ending any emotional standoff that might have come about between you."
"I have been married for 11 years. Within the past 2 years we have drifted far apart. We coexist together but there is very little personal interest in each other. I often feel that my husband has ""friends"" at work that he is more emotional invested in than me. I feel very alone and just uncared for. Is there anything I can do to feel reconnected?","I'm sorry for how you're feeling in your marriage lately.  Are you and your husband able to talk directly about your feelings?  The way two people connect is usually by talking with each other to understand what each one cares about and thinks.Your current emotional suffering is the natural result of being married to someone who shows no interest in doing this.If your husband wants to start talking with you, then there is a chance the two of you can reconnect.  If he doesn't want to participate in the relationship with you, then start to think if its possible and for how long, to get emotional support from friends and family who do care for you.Also a question for the future is to understand what the value of your marriage is to you besides having a connection to your husband."
"I have been married for 11 years. Within the past 2 years we have drifted far apart. We coexist together but there is very little personal interest in each other. I often feel that my husband has ""friends"" at work that he is more emotional invested in than me. I feel very alone and just uncared for. Is there anything I can do to feel reconnected?","Communication opens up what is called ""cognitive space"" for your partner, and allows them to do the same for you. The more you know about each other, especially your everyday lives, creates a bond between the two of you. Much like the saying goes in the military, the same is true for a couple; ""Complacency Kills"". It is important for both of you to invest in each other on a regular basis. I regularly recommend that both of you take the 5 Love Languages Assessment and start using each other's top love languages to help show each other the positive affection that you feel (or at least want to feel) for one another. Start asking about your husband's day, trying to learn about all the interactions that he has at work, and feel free to ask questions so that he knows you really want to know about him, and know him intimately again."
"I have been married for 11 years. Within the past 2 years we have drifted far apart. We coexist together but there is very little personal interest in each other. I often feel that my husband has ""friends"" at work that he is more emotional invested in than me. I feel very alone and just uncared for. Is there anything I can do to feel reconnected?","Feeling alone in your marriage is one of the most painful feelings. Wanting connection with your spouse yet feeling the all too familiar distance that's keeping you apart can be so hurtful. But, change is possible. You might be able to move closer toward each other on your own but since there has been two years of distance, I would suggest looking into couples therapy with a trained couples therapist. They are trained in helping couples begin to examine what's been happening that has caused a drift in your marriage. I'm also curious if there was a significant event that occurred around the time you started feeling distant. If there was something that occurred during this time that is hard for you both to talk about, couples therapy can help with this also. It can provide a safe and supportive space for you both."
"I have been married for 11 years. Within the past 2 years we have drifted far apart. We coexist together but there is very little personal interest in each other. I often feel that my husband has ""friends"" at work that he is more emotional invested in than me. I feel very alone and just uncared for. Is there anything I can do to feel reconnected?",Absolutely. Your question shows that you are going through a lot of pain and I'm sorry for that. Many couples go through this disconnect and hope to come to reconnect before things get to a breaking point. What I think can help is the following: 1.) Understand what his primary concern is2.) Understand what your primary concern is3.) What would you like to see different?4.) What would he like to see different? 5.) Be honest about your concern with him having friends (Be ready for honesty)6.) Help him understand you feel alone without him feeling guilty.7.) Let him know how committed you are to making this relationship despite the two of you drifting apart.8.) Sometimes if you just acknowledge the elephant in the room.9.) Couples/Marriage Therapy
"I have been married for 11 years. Within the past 2 years we have drifted far apart. We coexist together but there is very little personal interest in each other. I often feel that my husband has ""friends"" at work that he is more emotional invested in than me. I feel very alone and just uncared for. Is there anything I can do to feel reconnected?","What you are describing is something I often refer to as ""living with your roommate"" phenomenon. This is the idea that you feel like you are living with a roommate and no your partner or spouse . It is not uncommon for members of a couple to report to feel both physical and/or emotional distance. When we don't feel connected within relationships, this can be isolating and lonely. The emotional distance often makes us wonder: am I important to the other? These types of feelings need to be better understood in the context of your own background and upbringing I.e., who you are and also better understood in the context of your couple. Feeling reconnected can occur-- but there is not a ""one size fits all"" solutoon. As a first step, do you or your partner have any ideas of how to feel reconnected? Have you considering talking to your partner about the emotional void? Or how about discussing  solutions , together, that might help-- from individual therapy to couple therapy to a weekly date night to inquiring about one another's personal interest to starting off the conversation of what both of you want and can do to re-establish feelings of connectiveness. If this is too frightening I.e., to address the lack of connection between you and your spouse.  a fist meeting with a couple therapist can likely help unpack what the possible solutions for your couple."
"I have been married for 11 years. Within the past 2 years we have drifted far apart. We coexist together but there is very little personal interest in each other. I often feel that my husband has ""friends"" at work that he is more emotional invested in than me. I feel very alone and just uncared for. Is there anything I can do to feel reconnected?","I can think of several things that may help you to reconnect. I don't know how much time you actually spend together, but one thing you could try is to spend 15 minutes a week together talking about common interests or other things that make you feel connected.Have you considered a date night or anything (doesn't have to cost a lot of money, but could make each of you feel special)?Something else you could try is to consider talking to each other in a way where you summarize what you are hearing and reflect back to make sure that you got it right rather than just assuming so. Communicating this way can feel awkward at times, but it could reconnect how you are listening and deeply connecting with your partner. Also, you may discover that you are on two different pages about things on which you thought you understood what each other felt, wanted, or desired.Consider what makes your partner feel loved, valued, appreciated, or special. Can you name a few things and get them right according to your partner when you check in? Can he do the same for you?You could also try doing two things every day that would be appreciated by your partner without either of you having to ask for it. There is some more information here, although what you do for one another does not necessarily need to be on this list: http://www.couplesinstitute.com/tracking-success-by-doing-the-daily-double/Reconnecting is a bit of a process. Try to praise yourself and your partner for attempts that you make and recognize that you're not going to get it right 100% of the time. You may also find this book to be helpful (or there are other similar ones by the same author): https://smile.amazon.com/Love-Languages-Secret-that-Lasts/dp/080241270X/ref=sr_1_1?ie=UTF8&qid=1471479801&sr=8-1&keywords=Love+languagesIf this still seems difficult, consider seeing a local mental health professional. As one more thought, recall that this relationship involves both of you. If you are both committing to change your level of connection, change will likely not be a steady uphill climb (there could be plateaus or even some dips back in a negative direction) and each of you may change at a different rate.Best wishes in your quest for connection!"
"For some reason I feel very uncomfortable with my girlfriend showing off her body in certain poses on social media. I know she is proud of her body and I respect that, but I dont feel comfortable with her openly showing off her body the way she does.
   Anytime I bring it up to her she thinks Im calling her a whore. How can I deal with my girlfriend showing off her body on social media and not hurt her feelings?","Ask her to consider your feelings not only her own defensiveness that she is called a whore by you.Clearly since you're writing on a site which offers psychological and emotional support and guidance, you do not consider your gf to be a whore.She may not realize or considered that you are somewhat protective of who sees her body.   In the end she may not want the privacy over her body which you are encouraging her to have.At least you will have the satisfaction to know you stated your actual reasons for your request, and did not rely on the ones she imagined you have."
"My husband and I had our first threesome recently. Everyone was drinking and he was on her more then me.    He and I talked about it afterwards and it made me feel better, and now I'm craving more of it. But before it gets close to happening I get this empty feeling. Why am I feeling this way?","As someone who specializes in sexuality and polyamory, I can tell you that your experience is incredibly common. It can be helpful to keep in mind that alcohol lowers our inhibitions, and for first time threesomes or any new sexual behavior really, we humans tend to enjoy a little extra oomph to our courage levels. That being said, it also lowers our ability to make well thought-out decisions. This combined with the brain rewarding novelty (new lover, new experience with our partner etc.) and maybe even some over-zealousness and performance anxiety could likely explain why your husband was on her more than you. My encouragement to you is to try not to overthink it at this stage. Now, IF you two choose to bring her or someone else into the bedroom again and a similar thing keeps happening, I would definitely push the issue and see what's up from his perspective.The empty feeling could be any number of things including:Fear that ""you're not enough for him""Fear that ""she's better than you"" in some wayFear that ""if we keep doing this thing, he will need it and what happens if I no longer want it?""Opposite fear of ""what if I now want her more than him"" or ""if I want the threesomes and he doesn't?""Fear of ""does this mean our sex life isn't good enough as it is?""....""do we have to always add a little spice to keep it hot?""Or like Robin alluded to, preconceived notions about what culture, religion, family and friends etc. say about what marriage and sex ""should"" look like.  I also agree with her encouragement to explore the empty feeling further and see what nuances of other feelings are in there...jealousy? insecurity? shame? regret? longing?  When you can identify and name them, they are easier handled. Some of the resources I recommend poly/ sexually open couples are:“Love in Abundance: a Counselor’s Advice on Open Relationships” by Kathy Labriola“The Jealousy Workbook: Exercises and Insights for Managing Open Relationships” by Kathy Labriola“Rewriting the Rules: an Integrative Guide to Love, Sex, and Relationships” by Meg Barker“More Than Two: a Practical Guide to Ethical Polyamory” by Franklin Veaux & Eve Rickert“The Game Changer: a Memoir of Disruptive Love” by Franklin Veaux“The Ethical Slut: a Practical Guide to Polyamory, Open Relationships, and Other Adventures” by Dossie Easton & Janet Hardy“Opening Up: a Guide to Creating and Sustaining Open Relationships” by Tristan Taormino“Open All the Way: Confessions From my Open Marriage” by Sadie Smythe“Henry and June: From ‘A Journal of Love’ – The Unexpurgated Diary of Anais Nin (1931-1932)“Personally, I find your cravings to be healthy and quite normal. The key is to make them work well for you and your partner(s). Robin's also right about communication being key. Some of the suggested resources above can help get those conversations started. And if you need further assistance, absolutely I would find a sex-positive, poly-positive counselor to chat with.Best of luck to you!Tamara Powell, LMHC"
"My husband and I had our first threesome recently. Everyone was drinking and he was on her more then me.    He and I talked about it afterwards and it made me feel better, and now I'm craving more of it. But before it gets close to happening I get this empty feeling. Why am I feeling this way?",Because the acrobatics and excitement of sex has nothing to do with the meaning of deeper emotional attachment to another person with whom we are in a relationship.Try to distinguish between your feelings of excitement from the novel sexual arrangement and what you feel is necessary in order to feel emotionally close and attached to your husband.
"My husband and I had our first threesome recently. Everyone was drinking and he was on her more then me.    He and I talked about it afterwards and it made me feel better, and now I'm craving more of it. But before it gets close to happening I get this empty feeling. Why am I feeling this way?","You need to have an honest conversation with each other about WHY you both want a threesome. Evaluate the status of your relationship with each other. Are you having issues? Fighting? Not feeling satisfied with each other? How has your sex life been with each other?  If there are any problems, insecurities, issues, introducing something like this may only make your relationship worse. Open relationships and threesomes rarely work out well. Sure, there are some who successfully live this lifestyle, but it only works when both people are completely secure in their relationship with each other, harbor no jealousies or insecurities, and aren't looking to someone else to satisfy needs that aren't getting met by their spouse. Let me say that again: This is not likely to work out well for you if either of you are insecure, jealous, or looking to have needs met by this other person that you aren't getting from your spouse. That empty feeling you're having - listen to it. Dig deep to find out where it is coming from. What thoughts are going through your head when you feel that way? You'll get the answer.The other thing that helps make something like this work is for both of you to listen and respect each other. If you don't like it that he paid more attention to the other girl, he needs to know that, and he needs to respect that.  If you're going to do it again, he needs to know what you're comfortable with and what you want. Set the limits before you're in the moment, before it's too late to take an action back. Turn it around and ask him what he would be comfortable with if it were a man instead of a woman.It is perfectly natural to be curious and want to experiment. A lot of people get that out of the way before settling down in a monogamous relationship. People who marry young and/or inexperienced may still feel that curiosity about things like that and want to experience them, but don't want to hurt their spouse. The REASON you are both doing this matters a lot. If there are problems in your relationship, this is likely to only make things worse."
"My husband and I had our first threesome recently. Everyone was drinking and he was on her more then me.    He and I talked about it afterwards and it made me feel better, and now I'm craving more of it. But before it gets close to happening I get this empty feeling. Why am I feeling this way?","Hello there.  As you have courageously explained your soulful dilemma. I can appreciate the complexity of this situation.  You have identified some key factors that may be contributing to your sense of feeling ""empty"".  One, is the ultimate goal here able to be acquired from this arrangement?  Are you trying to have your fulfillment with another woman while in the presence of your husband but not with him 'on her' as much or at all?  Are you trying to ask him to be more passive participant?  Perhaps be careful of not drinking too heavily... In the whole event, how do you want to feel intimate or connected ?  Were you craving all along, him to really be all over you along with her?  These are questions that arise; maybe not solutions.  Its always good to be very clear with oneself of what is the ultimate target here... And always measure the potential danger..  Peace - keith"
"My husband and I had our first threesome recently. Everyone was drinking and he was on her more then me.    He and I talked about it afterwards and it made me feel better, and now I'm craving more of it. But before it gets close to happening I get this empty feeling. Why am I feeling this way?","Hello, and thank you for your question. Nervousness, when doing something new, especially something sexual that can feel so personal, is very common. Indeed, despite the fact that nervousness can be uncomfortable, it is also part of the excitement of trying something new. Many people who engage in open, polyamorous, and/or other-type relationships, will tell you that difficult feelings, such as jealousy and anger, do show up sometimes. This doesn't prove that there is something wrong with the relationship, it just shows that you retain normal human emotions while in one. And many people who are in polyamorous relationships have written about the work it sometimes takes to make such relationships work. Of course, all relationships take work, so polyamorous and other types of relationships are simply not an exception. There could be several reasons why you are feeling the way you do. One reason could be that you are simply not as comfortable with the idea as you think you are. Some time and good communication with your husband may help you with this. Another reason this may be bothering you is because, on some level, you are aware of the messages society gives us about marriages. They are supposed to be monogamous, heterosexual, etc. etc. Just because you may not agree with these beliefs doesn't mean that you haven't been influenced by them. We all have. Another reason this may be upsetting you is because it may feel a little frightening. Perhaps there are a lot of ""What ifs"" going on in your mind. When you get the ""empty"" feeling, it may be helpful to try to really nail down the emotions that are attached to that feeling. One thing that I do think is very important is that you communicate these feelings to your husband. It may even be a good idea to talk about expectations or ""ground rules"", if you will. It is important that you are both on the same page about what this is, and why you are doing it. If you continue to struggle, I suggest finding a counselor who has experience in sex and sexuality.  I wish you well.Robin J. Landwehr, DBH, LPCC, NCC"
"I have cheated on my husband of five years roughly ten times. I pretend we aren't married at my work. Recently, he has caught on, but I lie to cover it. He use to talk to girls online, but I have caught myself constantly having a affair.",Whether to divorce or not depends on your reasoning to do so.Marriage is its own unique existence dependent on what the partners want from it.Examine your terms of satisfaction from the marriage.Maybe you have very clear reasons to continue the marriage.Maybe you don’t.Only you can decide if what you’re contributing and benefitting is satisfying enough to stay.
"I have cheated on my husband of five years roughly ten times. I pretend we aren't married at my work. Recently, he has caught on, but I lie to cover it. He use to talk to girls online, but I have caught myself constantly having a affair.","Clearly you seem interested in being other people, and you are also concerned about your husband being unfaithful online.  But it seems like there is something that keeps you with your husband.   And I have so many questions for you: What are you looking for outside of your marriage?  Are you willing to give that up if your husband is not able to provide it?  Do you want to stay together and make it work? Do you want to open the lines of communication with your husband, so you could analyze the situation together?I suggest attending couple’s therapy or even couple’s mediation to assess and discuss where you want to go whit your relationship.  It will also help to establish healthy lines of communication, where you could express the pros and cons of the relationship, analyze if you are willing to work to stay together, or have some closure and process a separation. I provide a combination of counseling and mediation in couple's therapy, you can call 787466-5478 to make an appointment.¿Deberé divorciarme?Le he sido infiel a mi esposo al menos diez veces en los últimos cinco años.   En el trabajo pretendo que no soy casada.  Recientemente se fijo, pero mentí para cubrirlo. El hablaba con mujeres por el internet, pero yo he tenido varias aventuras.Claramente tu estas interesada en ver a otras personas, y estas preocupada de que tu esposo haya sido infiel.  Pero al parecer hay algo que aun sostiene la relación.  Tengo varias preguntas para ti: ¿Que estas buscando fuera de tu matrimonio?  ¿Estás dispuesta a dejar lo que encuentras fuera del matrimonio, si tu esposo no puede dártelo?  ¿Quieres quedarte con él y hacerlo funcionar? ¿Te gustaría abrir las líneas de comunicación con tu esposo, para que puedan analizar su relación?Les sugiero hacer terapia de pareja o inclusive mediación, para asesar y discutir a donde quieres llegar con tu relación.  También les ayudaría a re-establecer líneas  de comunicación de manera que puedan expresar los pros y contras de estar juntos, ver si pueden trabajar para mejorar su matrimonio o partir amigablemente.  En mi consultorio proveo una combinación de consejería de pareja y mediación, puede llamar al 787-466-5478 para una cita."
"I have cheated on my husband of five years roughly ten times. I pretend we aren't married at my work. Recently, he has caught on, but I lie to cover it. He use to talk to girls online, but I have caught myself constantly having a affair.","It may be helpful to have this emotionally impactful conversation in the context of couples therapy.Whether or not you should get a divorce is not the first question that comes to mind for me, but more along the lines of do you want to be together and what kind of relationship do you want to create?For some people, polyamorous relationships (those involving more than two people) are acceptable. This does not work for everyone, but if each of you agree that that is okay, it may work for you and your husband. If it is something that you are both open to, it is often beneficial to have more than one discussion about the details of what is acceptable for each of you.If you want to be devoted only to each other, what does that lifestyle look like for each of you? What can you start or stop doing right now to move your relationship in that direction?Neither of you can make the other partner change. That does not mean you cannot talk about what each of your goals are together and support each other in working toward those goals you have for yourselves.Sometime having discussions like these is easier when there is a structure and/or someone in the room (like a therapist) who can help keep the conversation on topic and work on having each of you communicate in a way that expresses your wants, wishes, and desires in a way that is not blaming of your partner.If either of you wants a divorce, that could be part of the discussion. Divorce is not the only choice here, depending upon what each of you wants and is willing to accept, learn, and grow from as it relates to yourself and your partner."
"My husband and I have been married for seven years, and in that time, we have only had sex four or five times. Others have told me that most men would have left me by now. Honestly, I think I have a low sex drive or neither one of us actually knows what we are doing. I want to be better connected with my husband.","There are many different ways that can be approached in your situation.1. I would recommend a complete medical examination including blood test. i would want to know if there are any medical issues in your low sex drive.2. Where is your husband in this situation? Is he resentful, accepting, demanding or neutral?3. What is your past sexual history? has this had an affect on your current issue?4.Has there been problems in your past with abuse of any kind?5. Understand that intimacy is more than sex. What other ways can you be close to your spouse?6. It sounds like there is some confusion about sexual intimacy from both of you.Couples counseling would be a great place to start. All of these areas need to be explored before any treatment goals can be established.You need to talk with a professional counselor to explore how to better connect with your spouse."
"My husband and I have been married for seven years, and in that time, we have only had sex four or five times. Others have told me that most men would have left me by now. Honestly, I think I have a low sex drive or neither one of us actually knows what we are doing. I want to be better connected with my husband.","It's encouraging that you say you want ""to be better connected with [your] husband,"" and since he hasn't left you, he must care about you and the relationship more than he does about just having sex. You don't say whether he complains or not, but even if he doesn't it seems there's a sense of something important missing for both of you.Most likely to connect better with him physically you'll need to become better connected with yourself and your body. Men often feel fulfilled by sex simply because it happened - the woman they want received them, allowed them to make love with her. For women that can sometimes be more complicated. A woman who loves sex most likely also loves her body, knows what pleasures her, and feels confident asking for what she wants. Self-pleasuring can be a way for you to discover more about your sexuality, and a classic resource is Betty Dodson's book Sex for One: The Joy of Selfloving. A good counselor or sex therapist can be very helpful with your whole relationship as well as the sexual part of it, but not all counselors are comfortable working with sexual issues. Shop around and be sure you find someone who can help you and your husband get better connected on all levels."
"My husband and I have been married for seven years, and in that time, we have only had sex four or five times. Others have told me that most men would have left me by now. Honestly, I think I have a low sex drive or neither one of us actually knows what we are doing. I want to be better connected with my husband.","The numbers you write are low compared to how much sex many other people would be satisfied having.The key is your and your husband's satisfaction with the amount of sex you are having.And, know if there are reasons besides low sex drive that possibly explain this.Knowing the other possibilities matter because a low sex life may mean one of you is being satisfied sexually outside the marriage or that one of you prefers sex with a same gendered partner.If you've ruled out these possibilities, and you are satisfied with your emotional and financial life in the relationship, then a low sex drive may simply be the norm for the two of you."
"My husband and I have been married for seven years, and in that time, we have only had sex four or five times. Others have told me that most men would have left me by now. Honestly, I think I have a low sex drive or neither one of us actually knows what we are doing. I want to be better connected with my husband.","There are a lot of different things that could be playing a role here.First, different people have unique levels of sex drive, and sometimes there is a hormonal imbalance.Because you say both that there is a possibility that neither one of you ""actually knows what you're doing,"" and you want to be better connected with your husband, consider having some time where you sit together and touch each other in nonsexual ways and communicate about what you like and don't like. One person would be doing the touching and the other would be communicating. Then the rules would switch. After you both become comfortable with that, you could try the same thing with touching that is sexual in nature.Dr. Tammy Nelson is a therapist who specializes in relationships and sexual issues and she has several books and lots of other resources on her website: https://www.drtammynelson.com/There are actually therapists who specialize in sex therapy and if you are interested in that, you would want a therapist who is a CSAT (certified sex addiction therapist). This does not mean that they only specialize in sexual addiction, but they do have special training in discussing sexual elements of relationships and their training is quite extensive.In addition to connecting sexually, you may consider discussing with your husband whether each of you are aware of things that make you feel valued, special, loved, and appreciated. It may be that making positive changes related to your sex life would also improve your relationship, and vice versa."
"My husband and I have been married for seven years, and in that time, we have only had sex four or five times. Others have told me that most men would have left me by now. Honestly, I think I have a low sex drive or neither one of us actually knows what we are doing. I want to be better connected with my husband.","When it comes to sex drive, we are talking adrenal function, and a little bit of kidney;The endocrine glands require a bit of pumping up to improve one's sense of desire, motivation, and joy;Consider herbal formulas centering around woman's reproductive function to improve desire;To improve his, there are herbs for the man's side as well :)"
"My husband and I have been married for seven years, and in that time, we have only had sex four or five times. Others have told me that most men would have left me by now. Honestly, I think I have a low sex drive or neither one of us actually knows what we are doing. I want to be better connected with my husband.","In order to develop a better intimate connection with your husband, it's important to first cultivate a strong connection with yourself.  I would take some time to explore your own body, notice what feels pleasurable, and play with different ways to achieve orgasm on your own.  Explore your own willingness to be open emotionally, sexually, and to play and have fun.Once you've engaged in a process of self exploration, I would check in with yourself and be honest about why you're not enjoying sex.  Are there specific reasons you're not enjoying sex with your husband?  Sometimes the reasons might be of a sexual nature and other times there could be emotional blocks (or anxiety) or other reasons that prevent you from wanting to be fully open and let go with your partner.  From a sexual perspective, I would explore what you can do to increase your own pleasure, learn ways to communicate your needs in a loving way, and focus on pleasure and play (rather than outcome and orgasm).   Begin by taking the pressure off orgasm and enjoy a naked massage together-- focusing on exploring what feels pleasurable.  Lastly, if you're wanting to learn new skills, check out a local sex workshop."
"My husband and I have been married for seven years, and in that time, we have only had sex four or five times. Others have told me that most men would have left me by now. Honestly, I think I have a low sex drive or neither one of us actually knows what we are doing. I want to be better connected with my husband.","Hi there, Thank you for your openness about the challenge you are experiencing in your relationship. Sexual intimacy is an important part of many people's life, but how much importance is placed on it varies from couple to couple. The first step would be to have an open conversation with your husband. It's important you are both open about what you desire from sexual intimacy and how much intimacy each one of you wants. For example, asking your husband how often does he want to have sex/ week or /month. When having this conversation, it's important that you are both respectful and open with each other. The point of the conversation is to get to know each other and not to solve a problem, yet. There are couples who enjoy fulfilling platonic/friendship relationships with minimal or no sex because both partners are not interested in it. If you are both on the same page - lack of sex might not be a problem. If there is a difference in your sex drive and frequency of desire, I would recommend seeing a professional relationship & sex therapist as a couple to help you explore your current sexual dynamic, what's creating it, what's getting in a way of connecting sexually and to assist you and your husband in finding creative solutions."
"My husband and I have been married for seven years, and in that time, we have only had sex four or five times. Others have told me that most men would have left me by now. Honestly, I think I have a low sex drive or neither one of us actually knows what we are doing. I want to be better connected with my husband.","I work with many couples that experience a wide range of sexual and relationship challenges. The one aspect I tell many folks that I work with, is this: Every person and relationship is different. There really isn't a ""normal"" amount of sex a person should have or want to have. If having sex 4 to 5 times in the course of your relationship is satisfying to you and your husband, there is nothing wrong with it. If you or your husband would like to have sex more often, I suggest talking with a counselor about this to find ways to engage in a sexual life in which you are both satisfied. The aspect of connectedness is an important one. While sex can be very connecting for many couples, it isn't the only way to connect. I find that communication about the matter of frequency of sex, checking in to see how you and your husband feel, as well as communicant about your needs for connection are an important start to fulfilling this need."
"My spouse visited the red light district a couple of years back in Amsterdam. After he got back from the trip he got me tested for stds. In the aftermath he has provided multiple versions of what happened, from having a total blackout to being touched by a prostitute. How do I know if he had sex?","Unfortunately, you will never know the true answer. This is really frustrating to hear, but you will never 100% be able to guarantee that he has given you the truth. So if you can, work on accepting that, breathing through that,He may not fully remember, he may have lied to you in the past or he is lying now. He may have been honest then or he may be honest not. As for options, you can talk to him and provide a safe space for him to tell you what happened. This could be a private conversation with you or at a counseling session. He would need to feel safe to tell you the truth. But remember, there are no guarantees. You would need to make a decision to trust him or not. And go from there. A couples counselor can help guide that conversation, and make sure that he is feeling safe to share. More important than if he actually had sex or not, I would evaluate your relationship. Do you trust him now? Were there trust issues before? Does he hide things now? Identifying your current trust levels will be important for having a healthy relationship now. Hope this helps, even if it is frustrating to not have guarantees."
"My spouse visited the red light district a couple of years back in Amsterdam. After he got back from the trip he got me tested for stds. In the aftermath he has provided multiple versions of what happened, from having a total blackout to being touched by a prostitute. How do I know if he had sex?","I've been in this situation before and have some insight to share with you.  In my experience, he was lying and trying to cover it up. By pushing you to std testing, he's distracting you so he can shift the guilt he feels and blame it on you. In a guilty man's mind I believe he's thinking-...if I cheated...you must have as well....but you're much worse than I because it's okay for me to cheat...but not you...now you're a cheating dirty slut...just like that prostitute Men believe they're entitled to treat women and children like property. Often they use intimidation and violence to control us.  He'll never admit to cheating, he'll never apologize and he'll do it again and again. Truly they don't think it's a big deal, it's just their way of being social. They desperately want us to accept it, perhaps join in the act."
"My spouse visited the red light district a couple of years back in Amsterdam. After he got back from the trip he got me tested for stds. In the aftermath he has provided multiple versions of what happened, from having a total blackout to being touched by a prostitute. How do I know if he had sex?","It sounds like you've been living with this uncertainty for those couple years since this happened.  The reality is you won't ever ""know"" - mostly because of the various versions your husband has provided you.  Infidelity, though painful, does not have to kill a marriage.  Secrecy and dishonesty certainly will though.   I encourage you and your husband to seek therapy together with someone who specializes in couples work.  The longer you wait to do so, the more damage is done to whatever connection you have and the greater the distrust will become. Please get qualified help, for your and your husband's sake."
"My spouse visited the red light district a couple of years back in Amsterdam. After he got back from the trip he got me tested for stds. In the aftermath he has provided multiple versions of what happened, from having a total blackout to being touched by a prostitute. How do I know if he had sex?","Hello, The truth is that you will never know unless your husband decides to be upfront about the details to gain your trust.  One thing is for sure though, not knowing and having this uncertainty in your heart will push your husband and you further away from being able to repair the marriage.  The best thing you both can do is seek professional help to navigate this issue and start doing damage control.  It sounds as if you are committed to this marriage and I am sure your husband is too.  It will take some time and purpose, but you can recover from this if you both commit.  Don't wait and start working the steps to find peace of mind and a way to reconnect with the man you love.  Mirella~Image and Likeness Counseling"
"My spouse visited the red light district a couple of years back in Amsterdam. After he got back from the trip he got me tested for stds. In the aftermath he has provided multiple versions of what happened, from having a total blackout to being touched by a prostitute. How do I know if he had sex?","The only two people who know the answer to your question are your husband and the prostitute.The question you did and can answer is the reason you would doubt your husband, which is bc of his multiple stories.Ideally your husband cares to restore your sense of confidence in the stories he tells you.If you state your doubts and your interest for the truth, ideally he will produce enough evidence of the truth so you will have facts and can make sense of them.   Hopefully the two of you will do this sense making together, especially if he did have sex w the prostititute.If he's unwilling to care about restoring your trust in him, then this is a different problem entirely."
"My spouse visited the red light district a couple of years back in Amsterdam. After he got back from the trip he got me tested for stds. In the aftermath he has provided multiple versions of what happened, from having a total blackout to being touched by a prostitute. How do I know if he had sex?","The answer lies in what the outcome will be. How will things end if you find out he had sex with a prostitute? Will you leave? Will you try to work things out? The multiple versions are concerning. He seems unable to be truthful and this is damaging your relationship. Before considering marital therapy, please find a counselor for yourself. The right therapist can help you uncover what is right for you."
"He is always telling me our fights are only and all my fault, he bashes me to our young child, and he is addicted to a few substances.","Strengthen your own belief in your right to a decent life and respect of who you are.From the brief description you write, your husband has very limited capacity to recognize how others feel and even less capacity to empathize with the person.The best you can do is convince yourself of your own worth and associate with others who believe similarly about your qualities."
"He is always telling me our fights are only and all my fault, he bashes me to our young child, and he is addicted to a few substances.","The behaviors you describe are boundary violations.  You can not change your spouse, but you can respond to his behaviors in ways that protect your boundaries and ensure your safety.  This is very hard to do without support.  Finding a therapist who understands the dynamics of abusive relationships may be helpful.  If you are not ready to do this, I recommend the book ""Boundaries"" by Dr. Henry Cloud and Dr. John Townsend.  It's a great resource for helping one recognize boundary violations and learning how to respond to them in ways that are constructive!"
"My fiancé and I have been together for 3 years and our relationship has always been good. The only issue we had was that he felt like he wasn't getting enough sexual attention from me.    I recently found out he cheated on me with another women. He says he wants his family back but I'm confused on what to do. Is it possible for us to get past the cheating, or should I just move on?","Infidelity is common. In a largest study conducted to date about 10-15% of women and 20-25% of men admitted to being unfaithful while in a monogamous relationship. You are not alone and you can get through this just like countless couples have done before you. First of all, you need to know that although there may be reasons for his behaviour (e.g., not feeling sexually satisfied) those are not excuses. He could have chosen to masturbate instead of cheating on you, right? Your partner needs to own his choices and if he is capable of doing it and is truly willing to work on the relationship with you to make it stronger, more transparent and more fulfilling for both of you, then there is hope. The question is : are you willing to put in all this extra work? Forgiveness is not easy and it may take a lot of time and effort for you to consciously choose to trust again. It won't just happen if you don't work on it. And yes, it's unfair that you are being asked to work on this, when he is the one who had been unfaithful. Even though it is hard, you need to be able to let go at some point of having all the power in the relationship, because right now you have it as the one who had been cheated on. You cannot hold on to being the victim forever because it will create an imbalance in your relationship making it less healthy in the long-run. All of this is hard work. Is he and this relationship worth it? Are you equally committed to making it work? If so, don't abandon this relationship just yet. Work on it together (ideally get a few sessions with an experienced couple counsellor) and see where that gets you. For additional specific ideas check out my tips for how to deal with infidelity in a relationship. Good luck!"
"My fiancé and I have been together for 3 years and our relationship has always been good. The only issue we had was that he felt like he wasn't getting enough sexual attention from me.    I recently found out he cheated on me with another women. He says he wants his family back but I'm confused on what to do. Is it possible for us to get past the cheating, or should I just move on?","HelloYes many couples have survived infidelity. How sincere is he with wanting to work it out?That means alot in recovery. The key is to understand that cheating is a choice. Please don't take the betrayal personal.Look at the foundation of the relationship.  Is there cracks that can be healed? How do you feel about betrayal? Honest communication is the key to healing. Never assume monogamy discuss it. No one can tell you if you should stay or go. That is a very personal decision. Start by setting up face to face time to discuss the affair and emotions.  If this may be hard please get a counselor or therapist that can meditate this journey. Just remember even if you decide to leave you still need support to heal. Just because you leave the situation,  the trauma still exists."
"My fiancé and I have been together for 3 years and our relationship has always been good. The only issue we had was that he felt like he wasn't getting enough sexual attention from me.    I recently found out he cheated on me with another women. He says he wants his family back but I'm confused on what to do. Is it possible for us to get past the cheating, or should I just move on?","Hello. Thank you for your question. Many couples that experience infidelity in their relationship face this important question - ""is it possible for us to get past the cheating, or should I just move on?"" Deciding to stay or leave is such a personal decision, one that only you can make.When an affair is disclosed or found out, it can have a traumatic impact on the betrayed partner. The betrayed partner might be overwhelmed by intrusive thoughts - Wanting answers to specific questions - Wanting details. And the partner that had the affair might be feeling overwhelm around ""Will their partner ever forgive them?"" ""Will they trust them again?"" ""How long will it take to regain their trust again?"" While it is possible for couples to get past the cheating, it does take a commitment from each partner to do the work needed. Because of the complexities cheating has on the bond couples have with each other, I would recommend seeing a couple therapist that specializes in working with the issue of infidelity. When infidelity happens, there are usually a number of secrets that accompany it, and this can be incredibly difficult for couples to work through on their own."
"My fiancé and I have been together for 3 years and our relationship has always been good. The only issue we had was that he felt like he wasn't getting enough sexual attention from me.    I recently found out he cheated on me with another women. He says he wants his family back but I'm confused on what to do. Is it possible for us to get past the cheating, or should I just move on?","Hello. I'm sorry that this happened to you, and that you are struggling with making a decision about this. In my experience, a couple can absolutely overcome cheating and get back to the relationship they once had. Hopefully, the other relationship is over, and you can work on rebuilding the trust that has been broken. It will be difficult for the both of you to move past this, and getting professional help as you navigate rebuilding your relationship is a good idea. Just know that you can get past this, many couples do.Good luck!"
"My fiancé and I have been together for 3 years and our relationship has always been good. The only issue we had was that he felt like he wasn't getting enough sexual attention from me.    I recently found out he cheated on me with another women. He says he wants his family back but I'm confused on what to do. Is it possible for us to get past the cheating, or should I just move on?","Definitely yes, it is possible for a couple to trust each other again and become close with each other.Since your trust was broken, your fiancé would need to earn back your belief that he is faithful to you.Do you feel he empathizes with how you felt to find out about his cheating?Before you have this question answered, based on what you write there is a sense of your own doubt as to whether you are with the right partner.Before you and he address regaining your trust, first decide if you'd like to work on this.Ask yourself if the sexual attention he felt he wasn't getting from you was bc you're not as interested in him as you imagine or once felt in the past.If each of you sincerely wants to be together, it is possible to talk about your respective needs and help the other person feel safe again with the other."
"My fiancé and I have been together for 3 years and our relationship has always been good. The only issue we had was that he felt like he wasn't getting enough sexual attention from me.    I recently found out he cheated on me with another women. He says he wants his family back but I'm confused on what to do. Is it possible for us to get past the cheating, or should I just move on?","As a relationship therapist I work with couples all the time that are in the repair phase of their relationship after infidelity. The short answer to this, is not only is it possible to have a satisfying and fullfilling relationship after infidelity, it happens more often that we may know. The current rate of infidelity is high, while it's not important to go into many reasons, it mau be important to know you aren't alone in this! My biggest suggestion for you would be to seek out a professional counselor that specializes in working with couples healing from infidelity. Best of luck!"
"My fiancé and I have been together for 3 years and our relationship has always been good. The only issue we had was that he felt like he wasn't getting enough sexual attention from me.    I recently found out he cheated on me with another women. He says he wants his family back but I'm confused on what to do. Is it possible for us to get past the cheating, or should I just move on?","Betrayal in a relationship can be one of the most difficult things a relationship can sustain. Sometimes feelings about the betrayal may also trigger past wounds. The fact that ""it only happened once"" may not make it any easier to move forward. I highly recommend working with a mental health professional who has experience working around the issue of infidelity. Together, you can work on healing the wounds and moving forward. I do believe it is possible to move forward, if both partners are ready and willing to do the work to move forward together and create a new vision for their relationship."
"My fiancé and I have been together for 3 years and our relationship has always been good. The only issue we had was that he felt like he wasn't getting enough sexual attention from me.    I recently found out he cheated on me with another women. He says he wants his family back but I'm confused on what to do. Is it possible for us to get past the cheating, or should I just move on?","Finding out about an affair is quite an emotional experience. It's usually jarring. I encourage you to give yourself some compassion about emotions that you have.You asked whether it is possible to get past the cheating and the answer is that it can be. It depends on many factors.I would recommend that you see a therapist who specializes in working with couples. There are certain ways that both of you could learn more about yourselves and each other that may actually serve to make your relationship stronger. Sometimes there are motivations for having an affair that can be discussed in therapy in a way that you become more aware of what each other is experiencing and where you want to go from here. It could be that learning to communicate differently would be helpful.Regarding whether you should ""just move on,"" I recommend talking about with a therapist as well. At the very least, you can discuss more about what you are thinking and feeling and what your choices are as far as where you want to go from here."
"My fiancé and I have been together for 3 years and our relationship has always been good. The only issue we had was that he felt like he wasn't getting enough sexual attention from me.    I recently found out he cheated on me with another women. He says he wants his family back but I'm confused on what to do. Is it possible for us to get past the cheating, or should I just move on?","It's possible but challenging. Both partners need to be feel motivated enough to repair the relationship and dedicated to the work needed to address whatever underlying issues led to the serious breach of trust. For some people, cheating is an absolute deal breaker—for others, the context of the cheating allows them to see it as a mistake that they can forgive their partner for. So it depends on how you feel about the relationship and whether you want to put in the work to repair it.If you're not sure how you feel, counseling can help you resolve the ambiguity, either individually or with your partner. Then, depending on what you decide, a counselor can help you either repair the relationship or decouple from your former partner."
"My fiancé and I have been together for 3 years and our relationship has always been good. The only issue we had was that he felt like he wasn't getting enough sexual attention from me.    I recently found out he cheated on me with another women. He says he wants his family back but I'm confused on what to do. Is it possible for us to get past the cheating, or should I just move on?","I think there are many different directions we could go as far as answering your question.  I think the first and most important question you need to ask yourself is do you truly believe in your heart that you can forgive him and trust him again?  Once you answer that question honestly then you can move in one of two directions.  First, if you truly love this guy and see yourself being with him long term and for the ""long haul"", so to speak...and you genuinely want to forgive him and trust him again, that is completely do-able and possible if you both put in the work.  But, there's a greater issue here that needs to be addressed.  You say your relationship is ""good"", but there's been a sexual disconnect between the two of you and that usually indicates some type of emotional disconnect is at the core.  Would you agree with that, or what are your thoughts?  Were you giving him less sexual attention than you normally do or were you guys never on the same page about sexual needs and having compatible sex drives?  If you are more of an emotional person than he is, you may have been less interested sexually because he hasn't been meeting your emotional needs.  For instance, if you hadn't been feeling loved, cared about, validated, appreciated, cherished, and special to him than you may have felt less connected physically and been less interested.  This is a common issue with couples, and can easily be addressed if the communication in your relationship is strong and you can find a way to express to him your frustrations.  In essence, many women tend to have more emotional needs than men, this is the way we are hard-wired, and there are exceptions to this of course, but if you have been feeling neglected emotionally than your lack of interest in sex is actually completely understandable and NORMAL!  Until he understands this, and can learn to tune into your needs emotionally, you may struggle with feeling you are out of sync emotionally (and sexually).  This leads to you both being frustrated, but if all this is ringing true to you, he seriously probably has no clue what's going on and may not know how you're feeling.  You need to communicate your needs to him; if you are super lost with how to do that, there's an awesome book called The Five Love Languages.  It's not that long, and it's very approachable and easy to apply the concepts to your relationships. Invaluable resource for relationships and truly eye opening; really!!This is a long post, I'm sorry!  But this is such an important issue that is very common and many people feel lost about how to handle it.  So back to the second direction you can go....you feel very betrayed, you aren't sure if you can ever trust him again and you see yourself perhaps being paranoid forever and never being able to completely get over this.  For instance, if he says he is working late, or if he doesn't call or text right away when he usually does, you may immediately jump to the worst case scenario that he is cheating again.  Of course, it may not be true, he may have legit reasons for his behaviors, but the point is if you are going to be in paranoia-mode OR you just will always be unsure whether he loves you and is committed to you and only you, then the trust may not be able to be re-built.  You need to think long and hard about this, and if you decide you have the capacity to forgive him and rebuild your foundation of trust and honesty, then you need to let him know very explicitly what you need him to do to earn that trust back.  You can't just tell him vaguely ""I need to trust you again""; if he wants his family back and he's willing to do the work, you need to line out exactly what he needs to do and he needs to do it.  But, be prepared that he might throw out there that he cheated because he felt you weren't attracted to him anymore (or he tries to put the blame on you somehow because he says you weren't meeting his physical needs)...if he throws that out there, but you weren't showing him the affection because you were frustrated emotionally, then it all starts with you communicating that to him.  Get that book!In conclusion, if you feel in your heart there is no way you will be able to trust him again and you will always wonder if he's cheating when his behavior isn't spot on, you will be a nervous wreck and perhaps cutting your losses now would spare you the continued heartache.  There is certainly a way to work through this, but you both have to be motivated and you have to get to the source of why the cheating happened in the first place.  Rebuilding trust can be a long process, maybe even years, and for some people, they may never be able to fully trust and let go of the past.  I truly recommend starting with the book, and then going from there.  If you decide you want to stay with him, you would really benefit from couples counseling, as it sounds like a professional could help you strengthen your communication and ability to trust again."
"My fiancé and I have been together for 3 years and our relationship has always been good. The only issue we had was that he felt like he wasn't getting enough sexual attention from me.    I recently found out he cheated on me with another women. He says he wants his family back but I'm confused on what to do. Is it possible for us to get past the cheating, or should I just move on?","First off, let's start with really
validating the potential emotional pain you are feeling right now. There is
generally no lack of uncertainty, anxiety, fear, sadness, and anger. These are
all normal emotions and being allowed to feel them is the beginning of the
healing process. It might be helpful to talk about these feeling with your fiancé,
a friend or a counselor.Now to get to your primary question.
Can a relationship move past infidelity? The short answer is yes. A bit longer
of an explanation is that is sounds like you and your fiancé had pieces of a solid
foundation to base a relationship on. For many couples they encounter a primary
challenge, sometimes that's money, or parenting and for some it's sexuality. If
you and your fiancé are both committed to balancing the positive aspects of your
relationship while improving the challenges than it's definitely possible to
move past this. This is not an easy process and for many couples takes months
or years of healing while engaging in relationship counseling. Good luck to you and your continues
healing and growth!"
"I was with my friends at the park, and we were talking and having fun. After a while, I met a girl there. We talked and flirted for a while, then we gave our numbers to each other and left. We talked for a few months, then we met up again. She kissed me, so I assumed we were dating. Then I found out she has a boyfriend.","I'm sorry for your disappointment with this girl.Maybe next time you start to like someone talk with the person to find out if they feel similar to you.   This way you have a good chance to avoid being hurt in the way you describe here.Even if the person doesn't give you a straightforward answer to their feelings for you, you'll gain a little more information by listening to how seriously they consider your question, what their body language is like, whether or not the person seems sincere.Listen to your gut.If you feel unsure the person likes you as much as you like them, then wait a little while to see if your feelings about the person or their feelings about you, change and in what direction they change.Keep yourself informed as best you can so you'll know you did as much as possible to kiss someone who understands your kiss the way you mean it to be understood."
"He's gone for 11 weeks for a band camp. It's week two right now. We used to be Intimate a lot, and now since he's busy 12 hours a day, we can't really be Intimate, even over the phone. Is it normal for me to more sensitive in general?","Well yes, physical intimacy does give all sorts of positive feelings.  The sudden withdrawal of these is certainly possible to trigger a reaction like the one you describe."
"My husband had an emotional affair with his ex-wife in November. She invited him to dinner, alone, with their daughter. I wasn’t aware of this until after 11pm when I asked where he was. He had been drinking, and I told him not to come home that night. The next morning, we talked about going to counseling. He went out that night with friends and said his ex-wife wasn't going. I found out in April that she did go. I gave him the chance to get everything out in the open. I found out that he stayed that second night with her. I asked if they slept in the same bed, and he said yes, both nights. His daughter wasn't there the second night. He claims they didn't have sex, but what else should I think?","I agree with you that professional counseling is a wise choice for your relationship.Your husband may not know, want to know or want to discuss with you, what his true feelings are toward you and the ex.The topic is very heated, which is why discussing these matters alone may do more harm than good,Usually people start deeply complex emotional matters discussion and get so upset the conversation goes off track and unintended hurts happen.In a therapist office, the two of you will be guided on talking about these critical areas and this will be much more productive than trying to do so only with the two of you."
"My husband had an emotional affair with his ex-wife in November. She invited him to dinner, alone, with their daughter. I wasn’t aware of this until after 11pm when I asked where he was. He had been drinking, and I told him not to come home that night. The next morning, we talked about going to counseling. He went out that night with friends and said his ex-wife wasn't going. I found out in April that she did go. I gave him the chance to get everything out in the open. I found out that he stayed that second night with her. I asked if they slept in the same bed, and he said yes, both nights. His daughter wasn't there the second night. He claims they didn't have sex, but what else should I think?","My answer is going to be super simplistic but I believe this may be what you need. Ask your husband if he wants to stay married to you.  If he says yes, then it would be helpful to go to a marriage counselor and work this out with a professional.  If he says no, then you can file for divorce."
"She's busy because her mom makes her clean all the time and go out places with her family. We don't talk much because of it. Also, we have little fights. We want to work it out but we don't know how.","Maybe your girlfriend feels torn in her emotions between loyalty toward her family and toward investing herself in a relationship.There are so many ""maybes"", that the best way to strengthen your relationship is to ask your girlfriend if she feels any pressure from her family to avoid involving herself with you.If the answer is ""no"", then continue to talk with each other as to what would make you each feel more secure with one another.Also, more simply, are the  two of you able to resolve the ""little fights""?Differences of opinion are normal between two people, even to the point of each person feeling they are the only one who knows the correct answer.As long as each one of you has the goodwill to give a little, then the fights are a healthy way to respect and care about each other.If the fights are about the same topic which repeats itself, then there are strong differences between the two of you, including the possibility that her family places and she is willing to accept, some obstacle to this relationship."
"She's busy because her mom makes her clean all the time and go out places with her family. We don't talk much because of it. Also, we have little fights. We want to work it out but we don't know how.","Maybe you can start with having 15 minutes per week that you know you will be spending time with each other (even if it needs to be on the phone). Because this much time could be scheduled ahead of time, at least you would know there was that time that was set aside. That may also help you to rekindle some conversations between you.As far as your little fights, consider spending five minutes with one of you talking about one issue that is a concern and the other partner asking questions that are open-ended (cannot be answered with just yes or no) and listening as an investigative reporter to try to learn more about what the other person is experiencing. Then, once the partner who started speaking thinks the listening partner is understanding where they are coming from, switch. It's also good to restate what you think you are hearing. Then you know what each other is truly following about this. Also remember that following or understanding what someone is saying does not imply agreement, just that you are recognizing what they are saying and able to see where they are coming from.Also consider noticing what makes you feel valued, special, loved, or appreciated. Think of the same for your girlfriend. This could be a great discussion to have as well."
"I went to my ex-boyfriend to reach out to one of his high school friends who's attempted to commit suicide. When I went to him to reach out to his high school friend, he told me that I put him in a terrible position and put an enormous load on his shoulders. He was very angry that I went to him to do that. Am I in the wrong for going to him to reach out? He helped me so much with my depression and bad habits, so that's why I thought of him to reach out. He made me feel awful for thinking highly of him to help. Why did he react this way towards me? I think he's being selfish.","Your compassionate reach out to the friend is praiseworthy.That your ex bf has trouble accepting your gesture as kindness shows your ex bf is not seeing the situation clearly.I believe your ex bf's words about feeling burdened by your action.However, he is mixing up his own responsibility to know the root of his feelings.Blaming you for feelings he doesn't understand within himself is unfair and not helpful to anyone, including him.From what you write, you did nothing wrong and your action toward the potential suicider was gracious.My only guess which is also very general about your ex bf's behavior is that he doesn't yet fully understand himself and finds blaming others easier than understanding himself."
"I went to my ex-boyfriend to reach out to one of his high school friends who's attempted to commit suicide. When I went to him to reach out to his high school friend, he told me that I put him in a terrible position and put an enormous load on his shoulders. He was very angry that I went to him to do that. Am I in the wrong for going to him to reach out? He helped me so much with my depression and bad habits, so that's why I thought of him to reach out. He made me feel awful for thinking highly of him to help. Why did he react this way towards me? I think he's being selfish.","I'm glad you think so highly of your boyfriend and his ability to be there when you would like to talk about things that are important to you.I see why you would want them to reach out. I also wonder about how close he was with his friend and what he thought you meant when you asked him to reach out. It sounds as if he is thinking that doing so would mean that he is responsible for his friend's well-being, although I can't say that for certain.Would you be willing to have a discussion with your boyfriend where for a few minutes (five minutes or so), you ask him about what made him react that way? During this time, try to listen and ask questions is if you are an investigative reporter and are trying to learn more about his experience. You can also summarize what you are hearing to make sure that you understand it as he does. This does not mean that you have to agree with what you say, but just that you follow. I hear you saying that you think he's being selfish. I'm suggesting that just during this conversation, you ask questions to focus on what he is thinking and feeling. In one sentence, the goal would be to learn more about his experience.I would not be at all surprised if he is scared.Are you aware of what kind of support he wants through this time?"
"He told me he started to back away because I was asking for too much in the relationship. The more I tried to fix things, the worse it got. I want to make us better again, but I don't know how.",Have you asked your boyfriend directly this question?It is a good question and possibly would open a necessary clarifying discussion as to what each of you expects from the other.
"My boyfriend has this close female friend. It always bothered me because of how close they are, so I decided to meet her. That made the situation worse because they were even closer than what I thought. They acted like a couple rather than friends with each other. There was no physical interaction, but he talks to this girl a lot. What can I do? Leaving him isn't an option.","I wonder if you could have a conversation with your boyfriend about how you are feeling. A few things may help with that:Try having the conversation you are both able to have a conversation about something that is important (for example, not during a commercial for a TV show)Maybe your boyfriend will be willing to listen to you for about five minutes asking questions to learn more about your experience, kind of like an investigative reporter wouldSee if your boyfriend is able to capture the essence of what you're saying by summarizing it for youRemember that hearing you and following what you're saying does not mean that he agreesAlso consider if there are events in your past that are affecting the way you are looking at this relationship between your boyfriend and this other girl (we all bring our own histories into relationships and we unconsciously expect that what has worked in other relationships will work in current ones)Then you can switch so that you can hear more about what he is experiencing (for example, what it is that he likes about her)Also consider having a discussion that if one of you becomes very emotional and needs a break from the discussion, discuss having a timeout that will last for a certain time frame (usually between 15 minutes and one hour) and then come back to continue the discussionRemember that the goal here is just to learn more about what each of you is going through, not to find a solution right awayThis can be difficult. Consider working with a couples therapist to discuss it together."
"My boyfriend has this close female friend. It always bothered me because of how close they are, so I decided to meet her. That made the situation worse because they were even closer than what I thought. They acted like a couple rather than friends with each other. There was no physical interaction, but he talks to this girl a lot. What can I do? Leaving him isn't an option.","Well, as hurtful as witnessing your boyfriend's closeness with his female friend, I""m glad you saw firsthand the dynamic of your concern.There isn't anything you can directly do to stop his relationship with this lady.It is possible to influence his side of their relationship.Directly telling him your discomfort with how close the two are, may make him pause before engaging with her in a discussion.  This is nothing to count on since the control is in his hands and not yours.I'm sorry to read that the option to leave this relationship is out of the question.The only way left is to get used to the fact that you don't like this aspect of your boyfriend, and this is a disheartening outlook overall to you and to your relationship overall.If after repeated effort to influence him by your opinions, your effort to adjust to a situation you don't like, if at all possible, consider a longterm plan to discontinue this relationship because by that time it may feel very oppressive in your life."
"I’m a man, and I’m soon to be married. I have been messing around with other men on the side. It started as a once in a while thing, but it’s been happening a lot. I don't know what to do.","Hello, and thank you for your question. When faced with these kinds of difficult challenges, I usually encourage people to look to their values for help in determining what their behavior should be. Indeed, it is usually when our behaviors conflict with our values that we don't feel very content with our lives. Perhaps you can take some time to think through a couple of these questions: What kind of person do I want to be deep in my heart? What kind of character do I want to have when in public and in my private world when nobody is watching? How would I want others to describe me? Let's say that you want others to see you as being authentic, and YOU also value authenticity as something you want to live by. You may feel like this value is currently at odds with the behaviors you are engaging in right now. That you are not being the person that you really are deep in your heart. This is not an unusual struggle when it comes to sexual behavior and sexual orientation. So please, try not to feel alone. We all know quite well how unacceptable it may be to be seen as gay, lesbian, bisexual, etc. And I am not just talking about being unaccepted by others, but a person may have a VERY hard time accepting themselves. Thinking about your values and living a life based on them can bring a lot of freedom, but I won't lie, it can also bring a lot of pain at the same time. For example, someone with the value of living authentically may decide they have to tell others who they are and what they stand for, even if that means people may disapprove. That may cause a lot of pain, but it may also come with a sense of freedom to live a life based on honesty and authenticity. It may be helpful to find a counselor who is trained in affirmative therapy, which is recommended for people who are navigating their sexual behaviors and figuring out what is right for them. I would also sit down and think through some of the questions above and consider what your values are... both as an individual and as someone's fiancé.Above all, I wish you well in this journey. Robin J. Landwehr, DBH, LPC, NCC"
"I’m a man, and I’m soon to be married. I have been messing around with other men on the side. It started as a once in a while thing, but it’s been happening a lot. I don't know what to do.","It took a lot of courage to share what must be so shameful to you and to ask for help. Regardless of your sexual attraction/orientation, I'd encourage you to get honest with yourself and your partner/fiancee and put a temporary hold on your wedding plans -- getting married will NOT resolve your acting out. It seems to me you need more space, time to sort through with an experienced therapist more of your sex/sexuality story-line and apparent anxiety surrounding the upcoming nuptials. In the immediate I encourage you to also take the initiative to have yourself tested for STDs, etc. and if you've been sexually intimate with your partner/fiancee s/he needs to be similarly tested. Best wishes.Resources for Your Consideration: 1) The book ""Not Gay: Sex between Straight White Men"" by Jane Ward, 2) http://www.sca-recovery.org/, 3) https://slaafws.org/"
"I’m a man, and I’m soon to be married. I have been messing around with other men on the side. It started as a once in a while thing, but it’s been happening a lot. I don't know what to do.","Good for you to bring up this situation for addressing, especially  before you and your partner are married and have all the legal responsibilities of married life.You gave yourself the biggest clue as to where to start solving this problem.Since you don't know what to do, then for right now postpone your wedding date.Whether your drive toward other men relates to feeling sexually unfulfilled with your fiancé, or you're not as willing to commit to your fiancé as you imagined yourself to be, or there are other relationship problems not being addressed with your fiancé, these need to be identified and understood.Since marriage is a commitment of one's life to another person's life, then without the willingness to commit you are almost guaranteeing future problems in the upcoming marriage."
"I’m a man, and I’m soon to be married. I have been messing around with other men on the side. It started as a once in a while thing, but it’s been happening a lot. I don't know what to do.","I would start by examining the reasons for seeking out other relationships. Are you getting something from the other men that you do not currently receive from your current partner? Such as, is it more exciting with others and that excitement is lacking in your current relationship?"
"I’m a man, and I’m soon to be married. I have been messing around with other men on the side. It started as a once in a while thing, but it’s been happening a lot. I don't know what to do.","Divorce is expensive emotionally and financially. If your fiance is not ok with an open marriage, it would be a good idea to seek the help of a counselor before you get married."
"I’m a man, and I’m soon to be married. I have been messing around with other men on the side. It started as a once in a while thing, but it’s been happening a lot. I don't know what to do.","If you are happy with the person that you are about to be married to and are also enjoying time with other men, it could be possible that you are attracted to people of more than one gender.Having said that, some people have feelings toward people of more than one gender that are not really related to romance or attraction, but any number of other feelings, such as trust and communication. I don't know whether your use of the phrase ""messing around"" was related specifically to being romantically or sexually involved with the people who you are or referring to or if you are saying that you are enjoying spending time with them. These terms have different definitions for almost everyone.I would definitely recommend speaking with a local mental health practitioner in your area, not because there is anything wrong about the way you are feeling, but because there are a lot of different parts of what is happening in your life right now and it may be helpful to talk about the feelings and thoughts with someone who can help you to learn more about yourself and the people are most important in your life (yourself included).I also suggest looking at a few things that you love and appreciate about yourself."
"She has lied about every aspect of her life. She's created three fake relationships. The most recent one is concerning because she has fake photos, phone calls, and text messages, and it’s with a married man with kids. Her lying is becoming dangerous because she could ruin lives.","Is being friends with this person safe for you?Liars don't generally distinguish who they bring down with them or in service to themselves.Step one is to understand a true friendship, which is based on trust, is probably not possible with this person.If you'd like to offer words of advice to protect her from herself then try gently pointing out that some of her actions which you know about, may come around to harm her.There is only a small chance she will be open to hearing you.People who lie are also very fearful of trusting others, including themselves.  She may prefer to keep status quo than open her own emotional pain to understand what created the need to lie in the first place."
"She has lied about every aspect of her life. She's created three fake relationships. The most recent one is concerning because she has fake photos, phone calls, and text messages, and it’s with a married man with kids. Her lying is becoming dangerous because she could ruin lives.",Have an honest and open conversation with her about how her behavior is negatively impacting you ( and others).  You will feel good knowing you did the right thing.
"She has lied about every aspect of her life. She's created three fake relationships. The most recent one is concerning because she has fake photos, phone calls, and text messages, and it’s with a married man with kids. Her lying is becoming dangerous because she could ruin lives.","To be honest, I think more information would be really important here because what you are asking could have a lot of different meanings. Consider making an appointment with a local therapist to discuss what you are going through."
"My boyfriend lost his dad to suicide. He says that because his dad died, so did his heart. He says that he can't be there for me or love me anymore and wants nothing to do with me ever again. Why is he doing this when we were very happy together? He says that I have done nothing wrong but he just can't be with me.","I am sorry to learn of this.  You must be extremely frustrated and heartbroken.  To begin, he is correct.  You have done nothing wrong.  This is entirely a coping mechanism in overdrive.  It is fear.  It is anger.  It is extreme sadness.  It is feelings of abandonment.  It is intense emotional pain.  It is his way of protecting himself from potential unexpected additional loss.I am not familiar with how old this post is, but often, it will require time and understanding.  If he speaks with you, encourage him to get grief counseling.  Do not encourage it for your relationship, encourage it for his betterment coping with losing his dad.  Start there.  Good Luck."
"Ever since my ex-boyfriend and I broke up, I can't seem to get close to anyone else. I know I'm completely over him, but I just can't break down my walls and let someone new into my life.","Hi Bend, You're scared, right? That makes sense. Each time we have a break-up we are a bit more in touch with how much is at stake in this whole love and relationship business. We are falling in love and letting someone close to our hearts and there's a vulnerability in that; we can get hurt. Who you partner with long-term is a big decision and it determines 90% of our happiness in life. The good news is that when we're just starting to get to know someone, we can take it slow. I think maybe you are slowing yourself down instinctively here, and that's okay. We are naturally people of attachment and it won't likely last if you are normally an open and accessible person who doesn't put up walls. So part of what I want to say here is don't pressure yourself too much. Take the time to heal naturally and listen to your instinct that is telling you to take things slow. :)As well, there are a few things you can do to make sure that the walls do eventually come down, or will come down for the right person. First, think about the lessons you learned from this past relationship. What do you feel proud of? What do you need in a partner? What mistakes did you make? Use this experience to grow in your awareness of how you work in a relationship and what you need from a partner.Look at your thoughts. Are you having generalized negative thoughts like ""No one will ever love me again?"", or ""I'm going to get hurt again"", or ""I can't trust myself""? If so, write down what these thoughts are, and then ask yourself what evidence supports these thoughts. Fear tries to convince us that there is either something wrong with us or that something bad will happen, but it does so with little or no evidence of this ever happening!! It sells us a line based on no concrete evidence. Then ask yourself what evidence supports the opposite thought. What is the evidence that I am lovable... that there are safe, good people out there... that I can trust myself? Eliminate the negative thoughts, and add the positive ones. It's simple but very powerful.Lastly, take concrete and careful steps to act as though there are no walls. What is the evidence of the walls? Can you take purposeful baby steps in the direction of lowering those walls? When we act as though something is true, we start to feel it and believe it more.I hope you will find yourself back on track eventually, with time. :)"
"When my boyfriend gets in a snit, he gives me the silent treatment for days. When I ask what is wrong, I get nothing: no reply, no phone call. If he does reply, it is something very sarcastic and hurtful. He never admits he is wrong and never apologizes.","You are in an abusive relationship-not because of your boyfriend's silences but because he is comfortable being sarcastic and hurtful, never admits he is wrong and never apologizes. It is your choice to participate in an abusive relationship. You can not stop an abusive partner from being abusive no matter how wonderfully you treat your partner. You can either accept the terrible relationship as it is or reach out for the support that you need to leave the abusive relationship. I wish you well, always."
"When my boyfriend gets in a snit, he gives me the silent treatment for days. When I ask what is wrong, I get nothing: no reply, no phone call. If he does reply, it is something very sarcastic and hurtful. He never admits he is wrong and never apologizes.","This has to be very difficult to endure.It's pretty common for members of a couple to have different ways of resolving conflict. Very often, one person wants to deal with the conflict right away or shortly thereafter and the other person wants to wait. One thing that sometimes works is to consider having a conversation when you are not upset with one another about taking some sort of timeout and setting a timeframe for something like ""I cannot talk about this now, but we can talk about it in two hours.""My best guess is that your boyfriend is triggered by some previous relationship, either romantic or in childhood. If he is aware of something that he thinks or feels when you ask him to resolve conflict or to discuss it, it would be good to know what that is. It could even be that he's learned to handle conflict that way.Something else you could try is to have a conversation where you each discuss what is acceptable for what is acceptable for each of you during an argument and what is not. These sorts of discussions can be very difficult and you may benefit from working through them with a mental health professional who has some experience working with couples.As far as what you can do now, perhaps you can remind yourself that these things have worked out before, that you love him and believe that he loves you, or some other statements that are true for you. You may also consider finding ways to soothe yourself. For example, you may find that you like certain outdoor activities or reading a certain type of book or something else that gives you pleasure."
"When my boyfriend gets in a snit, he gives me the silent treatment for days. When I ask what is wrong, I get nothing: no reply, no phone call. If he does reply, it is something very sarcastic and hurtful. He never admits he is wrong and never apologizes.","As you say, if he does reply it is hurtful. But, if he doesn't reply, it sounds like it's just as hurtful (though more in my opinion in terms of the longer-range effects on the relationship). The behavior he is exhibiting would easily pass for ""passive-aggression,"" as it is manipulative and controlling through passive withdrawal behaviors. And I can assure you that you are not alone in struggling with how to deal with it. So many do, and that's why it gets done so often, because it can. For example, if you push for connection, he stonewalls even more. You probably become more distressed.Frankly, if you and your boyfriend were sitting on my couch in therapy, I'd likely say that the behavior needs to stop in order for the relationship to continue, because of how severe it sounds (an hour of withdrawal because someone can't deal is reasonable, as everyone can shut down from time to time, but this feels extreme and is extremely hurtful to you.) I might even say to him that the behavior needs to stop if he ever wants to be in a healthy, loving, connected relationship. Because the amount that you describe him disconnecting severely hurts trust and security. One of the first ""change events"" in Emotionally-Focused Couples Therapy is for the person doing the withdrawing to be able to use words and communication to help the partner understand what they are experiencing, so the burden does fall more on him at the beginning. It becomes the partner's job to tolerate though whatever his experience is.There is no one ""tried and true"" solution to working with passive-aggression, but I would most advise limit-setting (like I would do in our session). In one way, shape, or form, in order for the behavior to stop, there has to be consequences to it. The more you tolerate it and allow him to come back to you when he's done with his silent tantrum, the more you encourage the behavior because he is getting what he wants."
"When my boyfriend gets in a snit, he gives me the silent treatment for days. When I ask what is wrong, I get nothing: no reply, no phone call. If he does reply, it is something very sarcastic and hurtful. He never admits he is wrong and never apologizes.","Try during a good moment between you to tell him you'd like to talk over something about your relationship and that you'd like to set a time with him to do so.When a person shuts down and withdraws, the only choice is to withdraw yourself.   If this continues on a regular basis, after a while the two of you will become increasingly distant and have developed the very unhappy habit of not clearing the air between the two of you.Good for you to recognize a problem and be willing to address it!"
"When my boyfriend gets in a snit, he gives me the silent treatment for days. When I ask what is wrong, I get nothing: no reply, no phone call. If he does reply, it is something very sarcastic and hurtful. He never admits he is wrong and never apologizes.","This sounds very hurtful for you to be on the receiving end of this. You can ask yourself "" what am I learning from the way I am being treated? ""  and consider whether or not this is in fact either (1)  A message or value that you agree with and believe will strengthen your relationship and help you to grow as a person or (2)  A message or value that is damaging to the relationship or  to your view of your self and others.  Once you've considered that and come to your own conclusion, you will likely know what you need to do.  If you're still stuck, you may want to consider seeing an individual therapist for yourself  to process your feelings about the relationship or a couples therapist with your partner to work on improving your communication with each other."
"My husband cheated while I was pregnant with our son with a so-called friend. This was before we were married. We split and eventually worked things out. I thought I trusted him so we got married. Now he flirts with girls in front of me. I've talked to him, but nothing helps.","This sounds very painful for you.Are you able to tell him how his flirting affects you?Maybe he doesn't care enough to change, and maybe he does.Long term if he continues this then usually people feel they have two choices, put up with it, which of course greatly reduces the sense of satisfaction in the relationship.   Or, of course, you can decide to end the relationship.  This choice is quite significant now that you have a child together.  Give yourself plenty of time to think over the best outcome."
"The father of my kids and I have been broken up for about three years now. We always found our way back to each other. He had a baby with someone else he's with but still shows the same love he showed when we was together when he's around. He even gets jealous, but he ignores my calls.","Your story sounds like it gives you a great deal of tension and disappointment.You know you are not getting the amount of love and kind of relationship you'd like.It is almost as though you feel that ""something is better than nothing"".Reflect within yourself whether the balance of what you receive in this relationship is worth the sacrifice of not getting as much love as you wish.Depending on your decision you will know whether to drop this relationship or continue the same as its been."
"Every day for five years, my husband mentally abused me and said he will change. I have a child with him. I try so hard to stay strong for her, but at this point, I am completely broken. I am holding on to nothing but hope and have been for years. Is there any hope or am I wasting my time?","I think your own awareness will not allow you to continue in a bad relationship.Be glad something within you is telling you that there are better ways to be treated than how your husband does.For support and guidance in real time, look up the organizations in your area which help women to leave abusive relationships.You are not the first or only one and probably not the last woman who wants to leave an abusive partner.  Having guidance particular to you and your situation will help you move through what decisions to make as to how to leave this man."
"My boyfriend and I have been disagreeing on a lot lately. It's really coming down to the fact that we want opposite things sometimes. I do a lot for him: I take care and protect him, and in the end, he still doesn't trust me. We've both come to the conclusion that when I want something and he doesn't want it, he's not willing to find a happy medium whatsoever. It's just non-negotiable. I'm not sure what to do honestly. He doesn't trust me as much as I wish he did. Honestly, sometimes I feel like his enemy, and it kills me.","There’s a difference between what you want, what you need and what you have. Being able to assertively identify express your wants and needs to your boyfriend may be helpful in times of negotiation. Often couples focus on recounting all the negative traits and issues when is time to negotiate and that impairs the ability to explore and find solutions objectively.You could use couples mediation to learn assertive communication skills and filter the information needed to resolve or negotiate a solution. Mi novio no transa conmigoÚltimamente, mi novio y yo hemos tenido muchos desacuerdos. Todo se debe al hecho de que queremos cosas diferentes.  Yo hago mucho por él, lo cuido y protejo, y al final, el no confía en mí.  Ambos hemos llegado a la conclusión que cuando yo quiero algo que él no quiere, él no está dispuesto a encontrar el punto medio.  No es negociable.  No estoy segura de que hacer. El no confía en mi tanto como quisiera que lo hiciera, a veces siento su enemiga y eso me mata. Hay una gran diferencia entre lo que quieres, lo que necesitas y lo que tienes.  Poder identificar y expresar asertivamente lo que quieres y necesitas en tu relación te ayudara en los momentos de negociación.   Muchas veces las parejas se enfocan en recontar todos los problemas y características negativas a la hora de negociar, y eso les impide hablar claramente del problema presente e identificar soluciones específicas.Pueden usar la mediación de parejas para aprender técnicas de comunicación asertiva y tener asistencia filtrando e identificando la información que les ayudara a resolved o negociar una solución al problema."
"I have been pushing people away all my life. I finally have a great boyfriend who loves me, but I keep pushing him away and I don't want to. I need to learn to open up.","Figuring out the space we need between ourselves and others is an ongoing and unsolvable task.  But it sounds like you may be feeling stuck in a pattern of pushing people away and are wanting to change that.  Pushing others away may be your way of surviving relationships and may have proven to be very helpful at one point in your life.  Or it may be serving some other purpose.  One helpful way to consider changing that is to seek out a therapist.  Psychotherapy can provide you with a relationship that is in tune to you and that can provide the reflection and supportive challenges to help determine the function the 'pushing away' is serving.  It also may be helpful for you to take time to reflect on the moments when interpersonal guardedness snuck its way into the interaction.  What were you feeling right before this?  Did it provide relief?  Reflecting on what was happening just before and right after can provide some clues as to what purpose the 'pushing away' serves.It may be helpful to communicate to the boyfriend how you experience intimacy and the discomfort it can bring you at times.  This may help him be as sensitive as you need him to be about the pace of the relationship, and to understand what may be happening when you push him away."
"I have been dating my boyfriend for eight years. We met in college off away from home and things went from good to bad when I met his family who treats him like he is their man. They expect him to take them on dates like to the movies and out to eat when they come around, and he thinks it's okay.","Well, then you learned something new about your boyfriend!Are you fine with having a different opinion than him and staying together.Think over how major a problem this is to you and if it is reason enough to leave the relationship.There are always plenty of areas of disagreement between partners in a relationship.The key to being happy is to know which ones you can accept and which ones are beyond your tolerance with which to live.Also, an early step would be to directly tell your boyfriend your opinion.   He may be willing to change his ways to satisfy you."
"He's lied about his past/present situations. Since time has passed, he has changed, but I still have my doubts. I have no idea if I should stay or go, but I hate this feeling. I don't trust him all too much, but yet he hasn't done anything for me not to trust him recently.",Your doubts about your dating partner need to be addressed and solved so you can fully believe him again.Otherwise how would you actually know whether he's lying to you now or not?Start the conversation with him about wanting to trust him and asking for whatever details you feel will give you confidence he is telling you the truth.If he really wants to clear your doubts then he will be willing to invest in answering your extra questions or wanting to look through his phone or whatever areas you felt were violated by him in the past.
"My fiancé of 15 years is always helping out his family, and I feel like his family takes advantage of his kindness. We're about to get married this Saturday, but I feel like he is always gonna put them first instead of myself and our three kids. I am not enjoying our engagement at all.","Congrats on your upcoming wedding!Have you told the thoughts you write here, to your fiancé ?This is the place to start since you clearly are unhappy with a part of his and now your life, which will be with you for quite some time."
"The eight months I've been dating my boyfriend, I have lied about a lot of things. I slept with a couple guys to get back at my boyfriend for breaking up with me. Now anything I say to him he won't believe, even if I'm being honest. I don't know what else to do at this point. He constantly criticizes me.","Start a conversation with him about your sincere interest to earn back his trust.Ask him what he expects from you so that he will trust you again.If you are consciously willing and do try to earn back his trust, and have periodic conversations with him on whether he feels more at ease with trusting you, then after a few months of this, both of you should feel more secure in the relationship."
"Someone I care about told me I'm not teachable and I'm irritating. I just want to be happy and wanted to please the person, but I always fall short it seems.","Pleasing someone certainly does feel satisfying.  If the other person does not appreciate your effort and good will then this feels dissatisfying.Offering happiness to someone does not include tolerating mean comments such as the ones you describe here.Tell the person that you are trying to please them and also tell the person that their comments are hurtful.If the person said their words with no bad intentions then next time they comment its reasonable to expect these comments to not hurt your feelings.Keep in mind that your good intentions may not be received in the way you intend them.  Some people, sometimes are insensitive or just plain not interested in being pleased by another person."
"I've been in a relationship for almost a year, and I absolutely trust my boyfriend. He treats me nice, checks on me, and tells me sweet things. However, when it comes to making life decisions, I feel he is very immature. I try to talk things out so we can compromise or make sound decisions together, but he lacks any ideas and prefers to just go with anything to avoid fighting. As far as dates, if I don't say anything, plan it, or have money to chip in, we will not go. I feel like I put in a lot of work supporting and sometimes spoiling, and all I get is a loyal man who will not cheat and say sweet things on occasion.","Well, then your decision is whether you want to stay in this type of relationship or not.One point to keep in mind is this.Just because he's not telling you his opinions doesn't mean he doesn't have any opinions.In the long run t is always easier to talk with someone about their differences from our point of view than to be someone who doesn't tell you what is in their mind.Short term it seems easy to have someone agreeable.Long term someone who doesn't tell you their thoughts and who disagrees with you, may potentially go about their true wishes in hidden ways."
"My best friend and I've been really close for almost three years. She lives in the UK, and I live in the US. Ever since her boyfriend flew from Oregon to Scotland, I've been angry at him. Ever since he came into her life, he took her away from me. My best friend would always say sorry, and I'm sick of it.","You are definitely in a frustrating situation.Your friend and the boyfriend are doing what is natural for couples who are in the early stage of their relationship.  Being almost inseparable to the point of overlooking friends, is understandable as long as it doesn't continue for long enough that friends feel hurt.If you feel you would like to one more time tell your friend that you miss your friendship with her and would like her attention, then do so.After expressing your needs as much as possible and if the result doesn't change, then the sad conclusion is that your friend is willing to give you less time and energy than you require from her."
"I found the guy I’m dating on dating websites. He was telling women that they were beautiful. He said it wasn’t him and that the phone was hacked. It has since happened two other times. He says he loves me and I’m the only girl he wants to be with, but I feel he is not telling me the truth.","Tell him what you know and ask why he is lying to you.   If he tells you he isn't lying and you have proof that he is, then you can either accept that he denies the truth or not."
"I found the guy I’m dating on dating websites. He was telling women that they were beautiful. He said it wasn’t him and that the phone was hacked. It has since happened two other times. He says he loves me and I’m the only girl he wants to be with, but I feel he is not telling me the truth.","I would suggest possibly talking about the type of relationship that both of you want to create. For example, you may want a relationship where honesty, listening, compassion, and romanticism are major parts. You could also see what your boyfriend wants.You may also consider taking five minutes to see if he will listen to your feelings about him being on the dating site and whether he can work to learn more about what you are experiencing with asking open-ended questions (not being answered with yes or no) and restating what you are saying to see if he has it right. After that, perhaps you could switch so that you can listen to his perspective for five minutes and learn more about what he is doing by asking open-ended questions.Remember that it takes two people to have  a relationship, so the choice is yours as to whether you choose to stay in the relationship and what kind of relationship you would like to have."
"My boyfriend won't touch me intimately, he won't kiss me while we are having sex and he won't have oral sex with me. I know he has done this things with other women in the past. I don't know why he won't do them with me. What should I do?","First off, don't blame yourself or be too quick to jump to any scary conclusions.  Human sexuality can be incredibly complex at times (e.g., what turns us on at one time may not be what turns us on the next time). There could actually be a number of things going on including him having performance anxiety...maybe he had a bad experience with a previous partner that's left him scared to try again (we call this operant conditioning).  It could also be that he puts you in a different category than previous lovers.  Sometimes I refer to this as the ""hooker-housewife mentality"" where a partner somehow gets the idea that when we truly fall in love, we treat that one differently; almost up on a pedestal.  Drives many partners crazy until they're aware that this is going on and give their boyfriend/ girlfriend permission to enjoy both the naughty and the nice with them. It could also be that he's not even aware that he's not doing these things. If you haven't asked him yet, you might try gently approaching the subject when you're not already in the bedroom or trying to get in on and inquire what he most enjoys about sex with you (or has enjoyed in the past, or thinks he might enjoy).  You can also share your favorite highlights of sex with him.  Give him an ego boost and tell him what he does well while then asking him if he'd be down to go downtown.  ""Baby, it REALLY turns me on when you kiss me during sex.""If you continue to get the impression that it's somehow only about YOU or that he's just really hesitant to talk about sex in general, you might see if he'd be cool to chat with a counselor who specializes in sexual intimacy."
"My boyfriend won't touch me intimately, he won't kiss me while we are having sex and he won't have oral sex with me. I know he has done this things with other women in the past. I don't know why he won't do them with me. What should I do?","Ask him!Having a conversation about sexual satisfaction increases emotional intimacy.Not only will you potentially feel more deeply connected from a sincere conversation about your sexual questions, maybe this increased emotional closeness will inspire the sexual closeness you wish to receive."
"He said that if I were to visit my mother, he will be gone when I get back. My boyfriend and I hit a rough patch in our relationship a few months back, and my mom had a few choice words with him.","Your boyfriend and you have a separate relationship than your relationship with your mother.   By trying to control whether or not you visit your mom, unless you are in agreement with this, is building tension between you and him.Ask why he resents your interest to see your mother.If he is insecure to the point where he fears your mother will influence your opinion about him, then trying to prevent you from visiting your mom is itself creating negativity in you toward him.If something still bothers him about the problems you both had several months ago, then talking about these problems will do more to clear the air between the two of you than him trying to interfere in your relationship with your mother."
I'm 15 and my girlfriend is 14. Am I a pedophile because I'm attracted to her and she's under 18?,"You are not a pedophile. You are both under 18 and your age is appropriate for a relationship. There would be a possible problem if she was 10 or younger. Pedophelia, is a whole other problem that you probably should not be worried about. I would be happy to talk with you in more detail about this."
I'm 15 and my girlfriend is 14. Am I a pedophile because I'm attracted to her and she's under 18?,"Nope! In fact you are NOT a pedophile. That term is reserved for older adolescents attracted to children, or adults who are attracted to children. I see an age difference as being one key factor in determining pedophilia if the older person is still in adolescence. You being only a year older than your girlfriend doesn't qualify, so go right ahead and be attracted to your girlfriend without shame!"
I'm 15 and my girlfriend is 14. Am I a pedophile because I'm attracted to her and she's under 18?,"You wrote that each of you is under the age of 18.   A 15 year old cannot be a pedophile because you're not an adult.Also, if you mean ""girlfriend"" in a romantic way then this makes sense bc romantic relationships include physical attraction to the other person."
I'm 15 and my girlfriend is 14. Am I a pedophile because I'm attracted to her and she's under 18?,"No. You are not a pedophile. You are both under the appropriate age where it would be seen so. Your both only a year a part so this shouldn't a worry to you. Like Frank said below, Pedophelia is a problem that won't apply to this situation."
I'm 15 and my girlfriend is 14. Am I a pedophile because I'm attracted to her and she's under 18?,"No, that's perfectly normal. You're under 18, too. You're only a year older than she is. This is absolutely normal. What would be wrong is if you did anything to her against her will. Always remember that NO means NO, respect her, respect yourself, and be a normal teenager! Have a healthy relationship. Holding hands, kissing, and more should only be done when both are comfortable with it and agree to it. Although it is frowned upon by a lot of people, it's no secret that teenagers do have sex (even if their parents and perhaps religion would definitely not want them to do it). Only you can make the choice that is right for you. Just be responsible in the choices you make. Some states have laws on what age is old enough for consensual sex. You'd be surprised how young those ages are. A 14 year old having sex with a 20 year old would be against the law, but someone the same age as her, or just one year older is not. ""Wrong"" can be defined in a lot of different ways, though. Is it against the law? No. Is it against your religion? I can't answer that for you. You can, however, have a relationship that is not physical in any way. It's okay to just be with her and enjoy her company. You can hang out, watch movies together, go on dates, do whatever it is that both of you enjoy doing. Your relationship can be anything you want it to be."
"I crossdress and like to be feminine but I am attracted to women, but yet that seems to bother girls I date or ask out.    How can I approach them about it? should I hold back and keep it a secret, or should I just be up-front about it. I wonder if i should stop or if I should continue to do it since it makes me happy. What should I do?","Thanks for asking this question. I think the most important part of what you mentioned was that you do it because it makes you happy. For that reason, I would encourage you to keep doing what makes you happy.As far as telling girls or keeping it a secret, I don't really think that it's necessarily one or the other, at least not the first time that you meet. In other words, one part of your decision-making could be whether it is something that you always want to address in the first date, or perhaps something that you address after you've known each other for a couple of meetings. The answer to that question may also change depending on who you are dating. I would imagine that each person that you are with mainly due to a different decision this was when to disclose this. It sounds like this is an important part of you, so I would think that if you were going to date someone long-term, you would want them to know about the most important parts of you, including that.I also encourage you to remember that if you meet someone who is not comfortable with this, that does not mean that there is anything wrong with what you are doing, but rather something that the other person is in some way deciding not to continue learning about or choosing to have someone they are dating like to cross-dress.I'd also ask you to consider this: Are the people who you say this to expecting it? My guess is that the answer is probably not. Along with that, Are they going to have questions? I would imagine so.Are you comfortable answering questions?I wonder if you could figure out yourself or with friends (or perhaps even with a therapist) how you would answer these sorts of questions:What exactly is cross-dressing?Does that change the gender that you're attracted to?What does it mean to you?Why is it important to you?And what you want your listening person to know about you related to cross-dressing.There could even be ways that you can start the conversation by asking them to be open to listen to you and ask questions about what they are thinking before they make any quick decisions about you or the relationship.I certainly hope that you find the right person for you. I imagine that having this conversation could be stressful, especially considering the idea that you have had some negative reactions in the past. Remember that talking this through with a therapist could be very helpful."
"I crossdress and like to be feminine but I am attracted to women, but yet that seems to bother girls I date or ask out.    How can I approach them about it? should I hold back and keep it a secret, or should I just be up-front about it. I wonder if i should stop or if I should continue to do it since it makes me happy. What should I do?","Keep doing the crossdressing since you like it.Your problem sounds more a matter of timing and reason to tell the girl about it.Not keeping a secret is a good attitude regarding meaningful parts of your life.  Usually our relationship partner is someone whom we trust as a safe person to know all about us.Once you feel at ease with your potential partner then bring up your crossdressing.  Based on their handling of this intimate part of your life, you will know more as to whether or not you feel more or less drawn to them.Secrets held within a relationship usually get worse with time.   The person who feels unsafe in truly being and stating themselves eventually will end up feeling ashamed of parts of them which prior to the relationship, felt good or at least not worrisome."
"I crossdress and like to be feminine but I am attracted to women, but yet that seems to bother girls I date or ask out.    How can I approach them about it? should I hold back and keep it a secret, or should I just be up-front about it. I wonder if i should stop or if I should continue to do it since it makes me happy. What should I do?","It would be my professional opinion that the desire for you to keep it a secret at all, while yes I could see it as ""giving you a chance with a girl,"" is something that might be more about a discomfort for you. If you are comfortable with your kinks and fetishes (if I may call it such, not my intention to pathologize in any way though), then be as open as you want to be. But I also don't know that you need to be announcing it as part of your online dating profile (because you do say it ""bothers girls I ask out"" which to me implies that that is what you're leading with.) My hope is that people don't make dating decisions based on your kinky behaviors, but more likely that they would make decisions based on your own comfort and security with said kinky behaviors."
"I crossdress and like to be feminine but I am attracted to women, but yet that seems to bother girls I date or ask out.    How can I approach them about it? should I hold back and keep it a secret, or should I just be up-front about it. I wonder if i should stop or if I should continue to do it since it makes me happy. What should I do?","Your happiness and healthiness is key.  I would not suggest that you hold back and keep it a secret.  You should be up-front about it, but perhaps gently bring it up on a date.  When thinking about whether or not you should stop, think about how it makes you feel.  Perhaps try to be social at more accepting affirming locations in your area.  The people who will accept you for who you are are out there.  You may not be looking in all of the places you have available to you."
"I crossdress and like to be feminine but I am attracted to women, but yet that seems to bother girls I date or ask out.    How can I approach them about it? should I hold back and keep it a secret, or should I just be up-front about it. I wonder if i should stop or if I should continue to do it since it makes me happy. What should I do?","While this might not be the first thing you want to discuss when you meet someone, it is important for you to be yourself.  It's better to weed out 10 people who can't accept you to find that one who can."
"My husband has had issues with alcohol addiction in the past (he'd never admit to this). A while back (3 years ago), I asked him to stop drinking so much, and he agreed. I caught him one night drinking behind my back. I confronted him and he lied, but I told him I knew he was lying because I counted the beers in the fridge and four of them were missing. He admitted and apologized and promised he wouldn't do it again. Lately, my husband has been drinking on and off, but I noticed it was every single night. I didn't like this. For our New Year’s resolution, we decided we were going to limit our alcohol consumption. He was on board—no more drinking every night.
 The other night, I counted the beers in the fridge just to see if some were missing. It took a couple of days, but tonight, I discovered a few were missing along with a shot of vodka. He was passed out on the couch when I decided to wake him up and confront him (poor timing, but I couldn't wait). I asked him if he'd come to bed with me (when he drinks, he snores and I cannot sleep—it's a dead giveaway he's been drinking). He slurred a bit and said no. I asked if he had been drinking, but he snapped and said no. I went into our room to sleep, leaving him on the couch.  I'm not sure if I'm overreacting or not. I just feel like I'm so honest with him about everything, and I expect the same honesty. He is a good husband in every other regard.","As exasperated as you feel, and as obvious it is to you that your husband cares more about drinking than being honest with you, changing this is up to him.Does he care that you're upset with him for drinking more than he can handle?Does he care about you more than drinking?Living with an alcoholic, which is how his behavior sounds, is lonely and frustrating.Concentrate on what you like about him as he is now with his drinking.Your happiness matters.  His ignoring of what you're talking about, doesn't mean your requests are unreasonable.Be prepared to learn to live with and accept how he behaves, or not.Avoid the expectation that you can convince him to change.People change only when they realize their life can improve by changing.  He doesn't sound like this, at least now."
"My husband has had issues with alcohol addiction in the past (he'd never admit to this). A while back (3 years ago), I asked him to stop drinking so much, and he agreed. I caught him one night drinking behind my back. I confronted him and he lied, but I told him I knew he was lying because I counted the beers in the fridge and four of them were missing. He admitted and apologized and promised he wouldn't do it again. Lately, my husband has been drinking on and off, but I noticed it was every single night. I didn't like this. For our New Year’s resolution, we decided we were going to limit our alcohol consumption. He was on board—no more drinking every night.
 The other night, I counted the beers in the fridge just to see if some were missing. It took a couple of days, but tonight, I discovered a few were missing along with a shot of vodka. He was passed out on the couch when I decided to wake him up and confront him (poor timing, but I couldn't wait). I asked him if he'd come to bed with me (when he drinks, he snores and I cannot sleep—it's a dead giveaway he's been drinking). He slurred a bit and said no. I asked if he had been drinking, but he snapped and said no. I went into our room to sleep, leaving him on the couch.  I'm not sure if I'm overreacting or not. I just feel like I'm so honest with him about everything, and I expect the same honesty. He is a good husband in every other regard.","It can be very frustrating being lied to.  The one thing that struck me was the sentence he had a alcohol addiction ""in the past.""  Addiction is not something that comes and goes.  Once you have addict tendencies they are here to stay.  You may be able to fight them off for awhile but the will enviably rear their ugly head again.  Some of the things that we would suggest is taking the access away.  If the alcohol is not conveniently in the house he would have to go seek it out elsewhere.  You can think about it in other terms.  If chocolate cake was your favorite food and you were a diabetic, you would not have chocolate cake lying around all the time because you know you would eventually eat it.  Remember there are no temporary addicts."
"My husband has had issues with alcohol addiction in the past (he'd never admit to this). A while back (3 years ago), I asked him to stop drinking so much, and he agreed. I caught him one night drinking behind my back. I confronted him and he lied, but I told him I knew he was lying because I counted the beers in the fridge and four of them were missing. He admitted and apologized and promised he wouldn't do it again. Lately, my husband has been drinking on and off, but I noticed it was every single night. I didn't like this. For our New Year’s resolution, we decided we were going to limit our alcohol consumption. He was on board—no more drinking every night.
 The other night, I counted the beers in the fridge just to see if some were missing. It took a couple of days, but tonight, I discovered a few were missing along with a shot of vodka. He was passed out on the couch when I decided to wake him up and confront him (poor timing, but I couldn't wait). I asked him if he'd come to bed with me (when he drinks, he snores and I cannot sleep—it's a dead giveaway he's been drinking). He slurred a bit and said no. I asked if he had been drinking, but he snapped and said no. I went into our room to sleep, leaving him on the couch.  I'm not sure if I'm overreacting or not. I just feel like I'm so honest with him about everything, and I expect the same honesty. He is a good husband in every other regard.","Hi Los Angeles,So your husband is giving you mixed messages. He says he's willing to cut back on the drinking, but he drinks and hides it. His behaviour is passive aggressive and immature, which puts you into this position of having to act like a disapproving parent. It sounds more like you're talking about an out-of-control teenager than your partner. Your husband's lying is sending a message. ""I get to make my own decisions and you can't stop me"" might be it. Underneath that, maybe it's ""I want to stop but I'm ashamed that I can't and I don't want you to see my failures"". Ultimately, as an adult, he gets to decide what he puts in his mouth and if you try to manage that by monitoring how many beers he has, you are pretty certain to get some fallout... pushback...backlash...  How does his drinking affect you? That's where your voice has power, rather than in counting his beers or setting him up to lie (when he's passed out, asking if he's been drinking seems confusing). You've mentioned snoring, which I guess is a legitimate complaint. If he's passing out, that's a legitimate complaint. When he drinks does he drive, act aggressively, or 'check out of' the relationship (avoid you)? All of these things are legitimate concerns, and I'd stick to talking about those rather than counting beers. My guess is he has few other ways to cope with stress, so he checks out with alcohol, and it also helps him avoid your relationship. But the problem is it makes it worse; the more he avoids you, then more you chase him with your questions.There's a conversation that would be helpful here.  It sounds like ""I've tried to support you in your drinking less, and it's not working. What are your goals for alcohol and how can I support you in that more effectively?"" I'd like to see you in a place where you're not micromanaging his drinking, but focusing on the things that affect you. What concrete supportive methods can you use with his agreement? Can we get the alcohol out of the house? Is he willing to seek treatment? Lay your expectations out really clearly. ""I won't count your beers, but I can't tolerate lying"". You have to decide what's more important; is it really the number of beers, or is it something else. What do you need to happen in order to want to remain in the marriage? What does he need? Does he let you know what isn't okay with him? He might have trouble saying these things. The drinking is only a part of the complex dynamic in your marriage. A qualified therapist can assist in pulling this apart, understanding it, and changing the way you relate to each other."
I love my girlfriend so much. I get an erection even just thinking about her or seeing her. But the two times we tried to have sex I couldn't get an erection. We've only had sex once and it was a long time ago.    Why this is happening and what can I do about it?,"I'm sorry to hear of your problem.First step as always when a possible medical explanation exists, go for a urology check up to either your internist or a urologist.Once you know there is no medical reason which would prevent an erection, then we can consider the psychological and emotion based factors.Maybe you're nervous about your sexual performance or that your gf may be disappointed in your performance.Men often mistake their own fears of performance failure with the assumption that their partner thinks about sex as a performance.Talk with your gf about whatever is on your mind which may inhibit you from enjoying sex.The reasons are endless.What matters is to have a heartfelt dialogue with each other.The emotional support which comes through such an intimate conversation may very well be the catalyst for a more relaxed and satisfying approach to sex w your gf."
I love my girlfriend so much. I get an erection even just thinking about her or seeing her. But the two times we tried to have sex I couldn't get an erection. We've only had sex once and it was a long time ago.    Why this is happening and what can I do about it?,"First off, I want to acknowledge the emotional pain you must be experiencing about not being able to experience an erection -- you're not alone. And, it took a lot of courage for you to post your query here. Below you will find excellent advice from skilled clinicians regarding your question and concern. If you haven't done so already I'd encourage you to checkout the Mayo Clinic's website on this very topic (http://www.mayoclinic.org/diseases-conditions/seasonal-affective-disorder/basics/definition/con-20021047).Once you've ruled out any medical-organic issues with either your PCP or Urologist I recommend you work with a Certified Sex Addiction Therapist (CSAT) and/or Certified Sex Therapist (CST) and do some psychotherapy around attachment/family-of-origin, intimacy, self-image, trauma history, sex history, pornography, etc. ). There is hope."
I love my girlfriend so much. I get an erection even just thinking about her or seeing her. But the two times we tried to have sex I couldn't get an erection. We've only had sex once and it was a long time ago.    Why this is happening and what can I do about it?,"This is something I have
had to address with individuals often since working with couples is one of my
practice's focuses.  The answer can depend upon several reasons all which
tend to be explored while in session.  If you or your counselor utilizes
an integral approach, in which one of the main premises makes sure to check the
four irreducible perspectives (subjective, intersubjective, objective and
interobjective – also known as the four quadrants) in determining where the
challenges are, it then becomes possible to identify what might be contributing
to or causing the challenge as well as offering up ways to address the
situation.In this case, from the upper-right
or behavioral and physical perspective, we would want to make sure there is no
physical limitation or ailment meaning that you would need to visit your doctor
and have the basics checked (such as blood pressure.  We would also look at particular behaviors to
see if you are doing something with is effecting performance (such as
masturbating often or being influenced by pornography). Next we would look at the
upper left quadrant (thoughts, cognitions, identity, feelings) to look at what
is going on here both during sexual activities and at other times.  If you are worried about your job, your
family or under immense pressure to perform at work or while intimate, this can
contribute to your situation.  From there
we would turn to the lower left quadrant (cultural rules and tools) to see who
you have learned to interpret challenges that come up during sex and look for
ways to shift, update and/or reshape the way you view sex and its
challenges.  It would be here that we
would see whether one is even comfortable using a service like counseling based
upon how your family/culture of origin views the profession. Finally, we would need to
account for challenges that show up in the lower right quadrant (systems, laws,
rules of society) such as your economic ability to try services and products as
well as whether such services and products were even available.  Once we have rolled through these areas it
then becomes possible to look at which aspects might need to be looked at
further in a more meaningful way to help you change a perspective or if just
getting a blood pressure medication is all you need.To sum your question then
of why you can’t keep an erection we would need to look at your thoughts (look
at your actual thoughts during the act as well as before and after), look at
your behaviors, look at your physical body for issues, look at where you picked
up your rules and tools (culture) and look at your ability to access goods and
services.  They all contribute equally
and need to be taken into account.  So - as you can see, there is no one possible answer to this, but several.  I hope this helps."
I love my girlfriend so much. I get an erection even just thinking about her or seeing her. But the two times we tried to have sex I couldn't get an erection. We've only had sex once and it was a long time ago.    Why this is happening and what can I do about it?,"Sexual desire seems to be straightforward - I like someone and I become aroused at the thoughts of being intimate with them - but that idea does not always take into account other factors. Stress can have a huge effect on our body and how it performs.  When we are overstressed, for example, we often find ourselves ill at the same time.  Can you think of any part of your world that may be causing you some additional stress? Additionally, focusing on your erection may also be increasing the level of stress you feel about being intimate, which could also effect your ability to get and maintain an erection.  While this may seem counter intuitive, it makes sense in the word of stress!Finally, it's never a bad idea to follow up with your doctor, as well. You did not mention your age or sexual history outside of this relationship, but it is always a good idea to check in with medical staff to make sure there is nothing physically responsible for changes in our body, as well."
"My wife and I got separated because I asked about her contact with a male friend of hers. The next day, she kicked me out. She let me move back two days later. Yesterday, she said she wanted a divorce then quickly changed her mind. I asked if the other guy was a factor, but she says it's not my business.","When ""threats"" of leaving, such as what you described in your question (""kicking you out, wanting divorce"") are continuous in your marriage, it can start to erode at the foundation of your relationship, impacting both partners. And, if you're concerned about the influence of another male in the relationship, and are unable to express your concerns or fears to your wife, it's extremely difficult to build a secure functioning relationship. From the information provided in your question, it seems as if there is some avoidance evident in your relationship. Avoidance of being able to express yourself and have honest communication about your relationship. If your wife is willing, I would recommend seeing a marriage counselor to help you both during this time. Or, for you to talk with an individual therapist, if marriage counseling isn't an option."
"My wife and I got separated because I asked about her contact with a male friend of hers. The next day, she kicked me out. She let me move back two days later. Yesterday, she said she wanted a divorce then quickly changed her mind. I asked if the other guy was a factor, but she says it's not my business.","This has to be very confusing.I wonder if the two of you would be able to have a conversation about what it is that she would like you to know about what happened yesterday and the day before so you know what message she wanted you to get out of all of that.I would also recommend seeing a local mental health professional. If you go yourself, you could at least discuss your marriage and your own thoughts and feelings about it. If you go together, I would suggest you see a therapist who specializes in couples."
"My wife and I got separated because I asked about her contact with a male friend of hers. The next day, she kicked me out. She let me move back two days later. Yesterday, she said she wanted a divorce then quickly changed her mind. I asked if the other guy was a factor, but she says it's not my business.","Divorce is a serious, life altering decision.It is best to decide any serious matter through reflection and discussion.Start by knowing what you want from the marriage and why you are willing to move in or out of your own house because your wife tells you to do this.Each of you would benefit from more clarity of what you expect and would like from each other.Does your wife want a boyfriend in addition to the marriage to you?Is she willing to drop the male contact?Does she care how you feel about her contact with the other guy?You need answers and knowledge about the definition of your marriage.Since there are many areas to open, all of which are filled with emotion, including pain, if you're not able to make satisfactory progress then a licensed couples therapist may be useful to you and your partner."
"My boyfriend shows affection, but I just push him away. Every time my boyfriend tries to kiss, hug, or touch me I almost always push him away. I'm on birth control and it has killed my sex drive.     I love him so much. Why do I do this?","I sympathize with you! It is actually quite common for one partner to have a higher sex drive than the other, and can lead to discord in the relationship. The good news is, there are ways to deal with this.You may have already answered your question. There are many medications that can alter one's sex drive. If your birth control pills are the cause of this, talk to your doctor about switching to a different brand. You may even consider alternate methods for birth control, such as condoms.However, there are some other things to ask yourself. First, you used the term ""affection"" but then talked about sex. They're not the same thing. There are different kinds of intimacy, and many different ways to show love for someone. A book you might find useful is ""The Five Love Languages"".Defining what ""affection"" means to you, and to him, and discovering all the ways you both can show this towards each other, may help lessen some of your anxiety over this.Humans are hard-wired to need appropriate physical touch. In fact, studies have shown that newborns/premies who can receive skin-on-skin contact with their parent can recover faster than babies who don't receive this touch. It's called Kangaroo Care. Children who have grown up in neglectful environments where they're not hugged and kissed and shown appropriate physical contact can often be unable to show this to their partners and children when they're adults. One question to ask yourself is, were you having intimacy issues before starting the medication? If so, there may be other, deeper issues at play here.For someone who has received the wrong kind of sexual/physical touch (sexual abuse, physical beatings) it can be difficult to allow someone to be physically close to you. A therapist could help you work through this.Sometimes, a person may lose their sexual feelings for their partner due to issues in the relationship. Once those issues are resolved, the sex drive comes back. Examine your relationship and see if either of you are unhappy, if you've been arguing a lot, or if there are any problems in your relationship that need to be addressed.Finally, look for the other ways that the two of you may be intimate in a non-sexual way. You may be doing things for each other that you don't even realize, and noticing these will help you appreciate it more. Take the stress off of the sexual gratification and focus on showing your love in other ways. Some people like to give gifts, do the other person's chores, or do other things they think the person will appreciate.If, after all of this, you still have a discrepancy with one of you having a higher sex drive, there are many articles online that offer advice for couples dealing with this situation that you may find useful. It is a very common issue for a lot of couples."
"My boyfriend shows affection, but I just push him away. Every time my boyfriend tries to kiss, hug, or touch me I almost always push him away. I'm on birth control and it has killed my sex drive.     I love him so much. Why do I do this?","There could be many reasons that you push your boyfriend away. It could be part of how you were raised, it could be because of culture, it could even be your own insecurities about yourself that are then outwardly manifested in you ""pushing"" him away. What is important in all this is that you both find a way to connect. So what if you aren't a hugger, a kisser, or a toucher you have to find what works for the both of you and your relationship. There are many ways to show affection that aren't physical (words of affirmation, giving of time and/or gifts, etc). If your boyfriend wants the physical attention then work on ways that are comfortable for the both of you making sure to start out slow and to work your way up to more physical touching."
"My boyfriend shows affection, but I just push him away. Every time my boyfriend tries to kiss, hug, or touch me I almost always push him away. I'm on birth control and it has killed my sex drive.     I love him so much. Why do I do this?","Are you sure it is only the birth control pills which has changed your sex drive?My guess would be that possibly due to the hormonal changes of the pill, your own awareness and understanding of yourself in this relationship, is what is actually changing.Birth control pills control ovulation.   They don't directly prevent people from all desire to express affection.Allow yourself some time to reflect on how you feel toward your BF.   It is possible the birth control pills triggered a change in your attitude toward him.And, maybe independent of the pill, maybe you just are done with the relationship."
"I’m trying to make marriage work after a split. Before our split, he lied a lot and broke every promise to me. I don't think he cheated. Last month, I asked what women work with him, so he told me. Yesterday, I found out about a girl that he said he forgot about. Should I be upset?","Do you want to be upset about a girl that he forgot about?  Think about it for a minute.  Do you want to measure your trust based on knowing how many female co-workers your husband has?  And if so, what does that say about your marriage?  Trust is something that we earn based on our actions and the actions of people we interact with; it’s also based on our ability to communicate and understand what we value and have in common.  If you are focused on every little detail around your relationship, it may turn into an unhealthy obsession and it may harm your relationship more.   If instead you focus on opening the lines of communication, let him know what you expect from him, and discuss how you could both build trust again, you may become closer and give your relationship the opportunity to grow.  ¿Debería este molesta porque mi esposo me mintió de nuevo?Estoy tratando de hacer que mi matrimonio funcione después de una separación.  Antes de separarnos el mentía mucho y rompía todas sus promesas.  No creo que me haya sido infiel.  El mes pasado, le pregunté cuantas mujeres trabajan con él, y él me dijo.  Ayer, me enteré que se olvido de una muchacha.  ¿Debería estar enojada?¿Quieres estar molesta porque se le olvido con cuantas mujeres trabaja?  Piénsalo por un momento.  ¿Quieres determinar la confianza que le tienes en tu esposo basándote en su capacidad de reportar la cantidad de mujeres que trabajan con él?  Si tu respuesta es sí, ¿qué refleja eso sobre tu matrimonio?  La confianza es algo que se gana basado en nuestras acciones y las de aquellos con quienes interactuamos; también en nuestra habilidad de comunicar y entender los valores que tenemos en común. Si practicas estar preocupada por cada pequeño detalle en tu relación, esto se puede convertir en una obsesión que potencialmente dañara tu relación.  Si en cambio te enfocas en abrir las líneas de comunicación, le dejas saber lo que esperas de él y discuten cómo pueden trabajar juntos para recuperar la confianza, pueden volverse más cercanos y darse la oportunidad de que la relación crezca."
"I’m trying to make marriage work after a split. Before our split, he lied a lot and broke every promise to me. I don't think he cheated. Last month, I asked what women work with him, so he told me. Yesterday, I found out about a girl that he said he forgot about. Should I be upset?","Imagine your best friend just told you that her husband lied to her all the time and that he had broken every promise he ever made to her. What would you tell her? If I were her best friend I'd tell her to run the other way. You may love this man. We don't choose who we love. But the evidence is pretty clear, isn't it? A healthy relationship cannot be built on a foundation of lies and broken promises. I believe that as adults, we are always treated as well as we insist on being treated by our partners. If you continue to accept unacceptable behavior, you are likely to see lots more of it."
"I’m trying to make marriage work after a split. Before our split, he lied a lot and broke every promise to me. I don't think he cheated. Last month, I asked what women work with him, so he told me. Yesterday, I found out about a girl that he said he forgot about. Should I be upset?","Let's look at your question and break it down. It begins with the word should. As a first reflection, it implies that there is a right and a wrong way to feel, in this case, feel upset. I think I would like to ask you the question in a different way: are you feeling upset? If you are feeling upset or if you are feeling another emotion : insert worried, ambivalent, scared, angry, insecure, confused that is likely reasonable if the relationship has undergone some breaks in trust followed by distance (seperation). The first step is to recognize what you are feeling, and accept it for what it is-- an emotion. A feeling. You are entitled to feel a range of emotions as you are in the process of repairing or rebuilding the marriage. It is what you  do with that feeling that matters-- how you act, how you think, what you say,  and the impact the emotion (likely emotions) have on your relationship and in turn your quality of life that matters. If you want to discuss the impact of your feelings on you or on your marriage, I suggest you consult with a mental health professional with expertise in couple therapy/ relationship issues. I hope you find this information helpful."
"I’m trying to make marriage work after a split. Before our split, he lied a lot and broke every promise to me. I don't think he cheated. Last month, I asked what women work with him, so he told me. Yesterday, I found out about a girl that he said he forgot about. Should I be upset?",In response to your answer. Yes because he broke a boundary of yours that he knew was important to you. The question that should be asked is are you able to go forward with your husband with his behaviors not changing for the better in regards to your feelings and emotions?
"I’m trying to make marriage work after a split. Before our split, he lied a lot and broke every promise to me. I don't think he cheated. Last month, I asked what women work with him, so he told me. Yesterday, I found out about a girl that he said he forgot about. Should I be upset?","Is really difficult to tell whether he honestly forgot about someone or whether he was really lying again.I don't know whether he would be open to having a discussion with you about your concerns about this and whether you would be actually willing to listen to your thoughts about it.This might be something to discuss with a local therapist so that you can look at the patterns of lying in the past as well as whether you have a way to discuss this with your husband in the way that you would feel comfortable feeling vulnerable with your own feelings and also listening to what his responses are.This is difficult because I imagine you have a react very quickly and strongly to things like this because of what has happened in the past between you. All of this make sense. Having said that, there is also a question of whether he is telling the truth in this particular case and your reaction is based on past events.There's no easy way to know.If you do decide to have a discussion with your husband about it,  consider these things:Ask if this is a good time to have a conversation about something that is important to youMaybe you will be able to listen and ask questions about what came up for him (emotionally) when he realized that he didn't tell you about this other personMaybe he would be willing to listen to what you are thinking about if you are both able to do so without blaming, pointing fingers, or asking the other person to change. This would just be an exchange of information. Ideally this part of the competition would not be about you saying he did something wrong, but just expressing how you felt when you heard about itIt may be helpful to discuss these things with a therapist first so you have some coping skills for being able to listen to him without being overly defensive and also expressing your feelings without blaming, both of which would be very natural in this situation."
"I’m trying to make marriage work after a split. Before our split, he lied a lot and broke every promise to me. I don't think he cheated. Last month, I asked what women work with him, so he told me. Yesterday, I found out about a girl that he said he forgot about. Should I be upset?","I would ask you first what made you give him another chance after he repeatedly lied and broke every promise to you?  I would imagine if he repeatedly lied to you that it will damage your ability to trust him now.  Is he in therapy? Does he recognize that he has a problem and is he trying to repair it?  Even if he truly forgot to tell you about the woman at work I think the real issue here is TRUST.  I am not saying that he doesn't have a lying problem.  Instead of asking someone else if you should be upset, ask yourself how you truly feel about him and this situation."
"I’m trying to make marriage work after a split. Before our split, he lied a lot and broke every promise to me. I don't think he cheated. Last month, I asked what women work with him, so he told me. Yesterday, I found out about a girl that he said he forgot about. Should I be upset?","Are you upset, is the more pertinent question.Everyone has their own tolerance for lies and their unique reasons for being married.  Trust your own answers to the question you ask here.Also, think over the value of your marriage in your life and whether you are able to live with the unstable sense of trust that you have in your husband.Remember too, that if you are the only partner who is trying to make the marriage work, then your job is much harder than if your husband actively participated in making the marriage happier for the couple."
"My fiancée is always letting me know how I am a horrible/evil person, or I just don’t care enough when it’s about her feeling or when she is having an off day.","I don't know much about the dynamics of your relationship, but I want to say that you cannot possibly be responsible for anyone else's happiness.  If you are interested in a good read on this topic, I highly recommend The Four Agreements by Don Miguel Ruiz."
"My fiancée is always letting me know how I am a horrible/evil person, or I just don’t care enough when it’s about her feeling or when she is having an off day.","One thing you could try is to have a conversation when neither of you is upset so that you learn what makes each of you feel cared for and valued. It could be that you are showing caring in a way that doesn't quite match what she is really looking for in that moment. For example, having an in-depth conversation could be something that you want, but she may just want a hug in that moment. I don't know if you heard of Gary Chapman's book about love languages, but it may be helpful."
"My fiancé and I recently had an argument over finances. He gives me the money each month to pay his automobile insurance. He no longer has one of the vehicles on the policy. He realized he was still paying for the coverage and asked why I was allowing him to continue to do that since I was physically paying it for him. My response was that he was giving me the money, and I just made the payment. I didn't think of the coverages. He was angry about it. I still can't figure out that anger.","I'd be more worried generally about a fiancee who assumes you are responsible for tracking what in fact are his responsibilities, than about the anger per se.What you describe holds the seeds of classic abusive behavior, which is blaming the partner for what in fact are the person's own responsibilities.Start by withdrawing yourself from paying his bills.If he is on his own in terms of tracking what and when is due regarding his auto policy, then surely the only one for him to blame will be himself.Stay clear of involving yourself in doing favors for him if the favor involves something that he is the one accountable.Tell him it is so the relationship remains fair for each of you."
"My fiancé and I recently had an argument over finances. He gives me the money each month to pay his automobile insurance. He no longer has one of the vehicles on the policy. He realized he was still paying for the coverage and asked why I was allowing him to continue to do that since I was physically paying it for him. My response was that he was giving me the money, and I just made the payment. I didn't think of the coverages. He was angry about it. I still can't figure out that anger.","A few things come to mind. I wonder if your fiancé is still angry about it or if he was angry in that moment and has now worked through it.It sounds like there was also a difference in expectations here. You were just  paying the bill with the money he was giving to you and he may have assumed you were reading it. You thought that you were following his directions. It could be that you could have a discussion about it, but that depends on how much of a hot button issue it still is for either of you.If you're going to talk about it, I might suggest asking whether this would be a good time to have a discussion about what happened with the automobile insurance so that you can both use the opportunity to learn more about yourselves and each other around this particular issue."
"I believe my partner has a masturbation and porn problem. He masturbates daily, even when I am lying in bed sleeping beside him. We have sex once a week. He is rough and worries about his needs. He never touches me, and treats me like a porn star, wanting to finish on my face or chest.","The comments here from the other therapists are ""spot on"". As a Certified Sex Addiction Therapist-Candidate I'm convinced your partner's acting out creates trauma for you. Your partner's addiction is NOT your fault and his recovery IS his responsibility. What's paramount is for you to get immediate help from an experienced therapist who understands trauma as result of the partner's/spouse's problematic sexual behaviors. Your needs, safety, and the establishment of reasonable boundaries is vital to your well-being. I wish you the very best.Resources for Your Consideration: 1) https://www.iitap.com/, 2) https://www.sanon.org/, 3) http://www.cosa-recovery.org/"
"I believe my partner has a masturbation and porn problem. He masturbates daily, even when I am lying in bed sleeping beside him. We have sex once a week. He is rough and worries about his needs. He never touches me, and treats me like a porn star, wanting to finish on my face or chest.","There is a lot of information out there right now about how porn is harmful...to a person's brain chemistry, to a relationship and one's ability to love, and to how men see women and sex in general. Your partner demonstrates a clear disregard for your needs. There is evidence, as you suggest, that there is addiction here. I recommend seeing a therapist who can help you sort out where to go from here."
"I believe my partner has a masturbation and porn problem. He masturbates daily, even when I am lying in bed sleeping beside him. We have sex once a week. He is rough and worries about his needs. He never touches me, and treats me like a porn star, wanting to finish on my face or chest.","It sounds like your in quite a rough place, my recommendation just based on what you type might warrant a visit to a psychotherapist to resolve what may be going on, I am not entirely sure but it sounds like he might have a bit of a sex addiction problem. One thing you need to ask yourself is ""Am I happy?"", ""Do I feel loved?"", these are deep questions, but the answers to those questions will give you a direction to travel in."
"I'm feeling rejected and frustrated. This is not new. The first month we were together, sex was about every day. Then it slowed down to once a month right away. I love my husband, but I am struggling with this.","Feeling rejected and frustrated is a reasonable reaction to your experience with your husband. I want to encourage you that his actions may have little to do with you, and regardless of outcomes, I hope you find the help you need to process through your pain and still have hope for your marriage.   If your husband was to work with me I'd explore with him his understanding of, and experience with, intimacy in relationship with others. Furthermore, like other male clients of mine, I'd challenge your husband to secure an updated full medical exam from his PCP (primary care physician) and/or urologist in order to identify or rule out any organic issues which may be causing his apparent lack of desire for sexual intimacy. If there are no physical issues, per se, I would encourage your husband to process further his family of origin story-line regarding rules, roles, sex, and sexuality along with working through his sexual and trauma histories."
"I'm feeling rejected and frustrated. This is not new. The first month we were together, sex was about every day. Then it slowed down to once a month right away. I love my husband, but I am struggling with this.","This could have many different origins. Have you tried asking him about it? Sometimes starting with asking whether he would be open to having an important discussion can be a good beginning. If that starts well, perhaps continuing with something like ""I've noticed that we haven't been together intimately (or whatever phrasing works for you) as much lately. Can you tell me more about what it's like for you?""When asking questions like this, it usually helpful to not overuse (and perhaps try to avoid using) the word ""why."" That word tends to trigger really strong emotional reactions in people. Try starting with ""what makes"" Instead. For example, ""what made you choose not to do that?"""
"I'm feeling rejected and frustrated. This is not new. The first month we were together, sex was about every day. Then it slowed down to once a month right away. I love my husband, but I am struggling with this.","Every area in a relationship, including intimacy,
experiences a decline after the initial honeymoon period.  Couples have to work to maintain the spark.  Find a moment to talk to your husband about
your concerns, and suggest ways to rekindle your sexual life, be open to listen
to his concerns and demands as well.  But
don’t forget that sex the fun part of being with someone, play, flirt, joke and
keep looking for ways to continue falling for each other.  Mi esposo solo tiene relaciones
conmigo una vez al mes o menos.  Me
siento rechazada y frustrada.  Esto no es
nuevo.  El primer mes que estuvimos
juntos, teníamos sexo casi todos los días. 
Luego se redujo a una vez por semana. 
Amo a mi esposo, pero esto me causa dificultad.Todas las áreas
de una relación, incluyendo la intimidad, sufren altas y bajas luego del
periodo de la luna de miel.  Las parejas tienen
que trabajar para mantener la chispa.  Encuentra
un momento para hablar con tu esposo sobre tu preocupación, y sugiere maneras
de reencender su vida sexual, está atenta a escuchar sus preocupaciones y
sugerencias al igual.  No olvides que el
sexo es una de las partes más divertidas de una relación, jueguen, coqueteen,
bromeen y continúen buscando maneras de enamorarse otra vez."
"I'm feeling rejected and frustrated. This is not new. The first month we were together, sex was about every day. Then it slowed down to once a month right away. I love my husband, but I am struggling with this.","Have you said anything to your husband about the way you're feeling?Start with this.Sex is after all, a two person enterprise.If he would like to talk about the way you're feeling, great and wonderful.  The two of you already are continuing to grow trust in your communication and relationship.If he doesn't want to talk about how you're feeling, then you're facing a different problemYour feelings are real and need to be handled.If you end up facing your feelings of frustration about your husband not wanting to have sex with you, on your own, then does your husband give you a truthful sounding reason as to why not?Ask what explains his disinterest in having sex with you.If he doesn't want to address this question, then you are a little further down the rung of trust and care about you.Depending on how satisfied you are with his answers, will guide you on how much dissatisfaction you can live with and why, longterm."
"We have been together over a year. We spend time together every day no matter how busy. He started to be unusually fatigued and losing weight. He also began to be distant and sexually selfish. We had a argument, and he confided he has late stage stomach cancer. He wont treat it.","I wonder if both you and your boyfriend could have a conversation about what you both want, wish for, and desire from one another right now. That doesn't necessarily mean that your partner will give everything that you ask for, but this is one of the ways that he can learn more about what would help you through this and you can learn how you could support him, since traditional medical treatment is not something he wants.You may also consider using some open-ended questions (not yes or no answers) to talk about what you're feeling about both about his cancer and about your relationship. Both of you may discuss different ways that you would like support from one another.I would also see if he was comfortable with you disclosing this to one or a few of your close friends (with him considering doing the same) so that you both have support that includes each other and also includes others because there may be days when you both have a negatively emotional day at the same time and would benefit from talking with someone else.It may also be a matter of conversation to discuss what makes you happy together and use those positive moments to help move through more difficult ones."
"We have been together over a year. We spend time together every day no matter how busy. He started to be unusually fatigued and losing weight. He also began to be distant and sexually selfish. We had a argument, and he confided he has late stage stomach cancer. He wont treat it.","Hello, and thank you for your question. I am very sorry about this life-altering situation that both you and your boyfriend are going through. To be sure, this is a devastating and lonely road for both of you. I say lonely because when things like this happen we often don't know what to say to each other, and so we suffer in silence with little support.Here are a few thoughts that I am having, and perhaps others will add things, too:1. By the sound of your main question, it seems like you have every intention to be there for your boyfriend during this difficult time. I am not sure if he is willing to talk about his health situation, but letting him know that you want to support him and also need his support may be helpful. 2. If it is possible, see if he would be willing to go to a counselor with you. There are many things that a counselor could focus on that may help your relationship, but also help you both cope with what is happening.3. If he refuses to seek support, you may want to consider going on your own. If you can't afford it, sometimes hospice organizations offer support groups and other services. It is very important not to neglect yourself. Be well,Robin J. Landwehr, DBH, LPC, NCC"
"I’m in a relationship with my child's father. I’m a really jealous person. We don’t go out or do anything with other people because of me. To keep our relationship going, I know I have to stop being jealous, but I can’t. How can I get over these issues?","It may be important to look at this as getting through something rather than ""getting over it."" If you're aware of the reasons why you are jealous, I don't know if they relate to this relationship or a previous one, but you could remind yourself of the differences if your feelings of jealousy relate to something from your past.Also, it may be beneficial to have a conversation with your child's father if you are both open to having a discussion about this in a way that you summarize what each other is saying so you are sure that you are understanding each other, at least to some degree.Also, consider what you may want from your child's father to assist you with this. You cannot make him do anything to support you with this, but you can certainly ask.What is something you could start or stop doing to move you toward your goal?"
"I'm in my early 20s, and I've been seeing my boyfriend for a year now. My boyfriend has always been the sweetest guy until recently. He has made comments such as “you would look better as a Tumblr girl"" or ""you should start doing more squats."" It's really hurtful.","My first thought was that I wondered what changed recently. Is he open to having a discussion about this so you can ask questions such as that one?It's possible that he does not understand the degree to which it hurts you.Try asking if there is a time that would be good to have a discussion that is important. I don't know how well the two of you have communicated over the last year, but if you are concerned about this turning into an argument, you may consider asking him to just listen to your point of view and see if he is able to summarize it correctly. Then you can listen to his side of the concern."
"I'm in my early 20s, and I've been seeing my boyfriend for a year now. My boyfriend has always been the sweetest guy until recently. He has made comments such as “you would look better as a Tumblr girl"" or ""you should start doing more squats."" It's really hurtful.","Hello, and thank you for your question. I am very sorry that you are experiencing this. To be honest, this kind of behavior is really emotionally abusive, and you likely know that already. The unfortunate truth is, there is very little we can actually do to change another adult's behavior if they are not interested in changing it. Many people who behave in this way actually feel justified in saying what they say, or even believe that they are ""helping"" in some way by telling you how to improve yourself. What is actually going on is an attempt to control or change something about you by being coercive and abusive. It is important to know that this kind of behavior doesn't necessarily show up right away. That is why I am not surprised that you are a year in to this relationship and are just now noticing these behaviors. Some people actually don't see them until they are already married! You didn't mention that there has been any physical abuse, but I would warn you that this is sometimes a possibility once a person has already begun to be emotionally abusive. Other things to watch out for is your boyfriend trying to control who you hang out with, what you do and how you dress, etc. These are just more examples of emotional abuse and control. Here are some things to consider and some ideas:1. You could talk to your boyfriend about this behavior, if you believe it is safe to do so. Perhaps he will recognize that his behavior is not okay, and change. If not, then you may need to decide what you want to do about this relationship, given the fact that you cannot force him to change. 2. You can call a local domestic violence program. They do not only work with people who have been physically abused or have been married. They are trained to talk about emotional abuse, also. It may be a good thing for support. Your calls are confidential. 3. Check out the wheel in the link below. On it you will find some other common ways that abuse can happen in a relationship. If any of these are happening to you, or begin to happen, talking to a domestic violence program, a trusted friend or family member, or a counselor would be a good idea. http://www.domesticviolence-wilm.org/Portals/97/Images/violence_wheel.gif  Be well.... Robin J. Landwehr, DBH, LPC, NCC"
"My girlfriend remains friends with ex boyfriends/lovers on Facebook who actively like and comment on posts. It causes me to get jealous because I'm afraid they might reconnect somehow. I've attempted to talk to her about it, but she avoids it and doesn't seem to worry about how I feel about it.","Talking about it would probably be helpful if you're both in a place where you can decide when is best to talk about something that is important. It may also be helpful to ask if you could talk for two or three minutes to make a point and then have space for her to talk for the same amount of time. You can adjust the timing for what works for both of you. After one of you is talking, perhaps you could restate what you have heard the person say. This can lessen confusion.I know you say that she avoids it. It might be a good place to start talking about it – to see what makes her avoid it. It could be that she thinks any discussion about them is going to lead to an argument or you saying that she can't talk to them. I don't know how you typically react when you are jealous, but if you can discuss talking about this in a way that you are both open to hearing what the other person is experiencing, that may be helpful as well."
Nothing we've tried has worked so far.,"Sexual attraction is often discussed on a continuum. If you are saying that you are not attracted to your girlfriend, you could try changing what you do during sexual intimacy. You could also try slowly using nonsexual touch and discussing what you each like and would prefer to do more of compared to what is not as desirable. After doing this for nonsexual touching, it can also be used with sexual touching. Looking at more of what you like or would like to feel may be of help."
Nothing we've tried has worked so far.,Probably what you should do is decide whether you can continue having a romantic and sexual relationship with someone to whom you don't feel like having sex.Five years is long enough to know that the way you feel toward your partner is more than likely going to remain this way.Talk with your gf about your feelings because she may not wish to be in a relationship in which her partner is not sexually attracted to her.
She works with a man and always looks at guys that check her out.,"I wonder if you are having some of these thoughts related to something that has neither happened directly to you in your past or to someone that you care about. This can often change the way that we look at different situations. Try to look at what feelings, for you when you notice that someone is ""checking her out,"" and perhaps when you have felt these feelings before.If you trust your girl enough to have an open conversation, perhaps you could ask her whether she is willing to talk about something that is important to you. Then you could talk about feelings that you're having."
"My wife works late most days, so I'm lonely. I love my wife with all my heart, however I don't feel the intimacy we used to have. We don't have sex anymore, which bothers me tremendously. I have become close friends with a coworker, which I know is not helping. Nothing will happen with that, but there’s the thought.","First things first!  Friendships that develop in times of struggle may be a great emotional support, but also become confusing there's sexual attraction. And entertaining a tough is only going to make it a stronger target.  Careful with that friendship! You do not want to fill your marriage's void with another person.  Even when you are in a friend zone and not having intimacy with this person, you may be developing a special bond, sharing interest and activities that may lead to a deeper connection.  Ask yourself how you would feel if your spouse was having a friendship like that.Then try to refocus on your marriage. I suggest being transparent and talking to your wife about your feelings and concerns.  Ask her what you could do to reconnect, make some suggestions and dedicate time to practice them.  Make time in both of your schedules, make an effort to have lunch together, or to text during the day.  Remember that a marriage is like a very good friendship with benefits, but sometimes the responsibility kills the fun.¿Cómo puedo volver a enamorarme de mi esposa?Mi esposa trabaja tarde casi todos los días, la amo con todo mi corazón, pero no siento la intimidad como antes.  Ya no tenemos sexo, lo cual me molesta tremendamente.  Me he acercado a una amistad del trabajo, lo cual no ayuda.  Nada pasara, pero hay pensamientos al respecto.Primero lo primero! Las amistades que se desarrollan en momentos de crisis pueden ser un gran apoyo emocional, pero también pueden convertirse en algo nebuloso cuando hay atracción sexual. Entretener pensamientos al respecto solo lo va a hacer un reto más grande.  ¡Ten cuidado con esa amistad! No quieres llenar el vacío que deja tu matrimonio con esta nueva persona.  Aunque no estés teniendo intimidad con esa persona, puedes estar creando una conexión especial, compartiendo intereses en común y actividades que los unen más aun. Pregúntate como te sentirías si tu esposa tuviera una amistad así.Intenta reenfocarte en tu matrimonio.  Sugiero que seas transparente con tu esposa y le dejes saber tu preocupación y como te sientes con el distanciamiento.  Pregúntale que le gustaría hacer para reconectarse, sugiérele algunas ideas y dediquen tiempo a las mismas.  Hagan tiempo en sus agendas para ustedes, hagan un esfuerzo para almorzar juntos, y comunicarse durante el día, aunque sea con textos.  Recuerda que el matrimonio es como una muy buena amistad con beneficios y muchas veces las responsabilidades matan la diversión."
"My boyfriend of eight years and father of our two children is a truck driver. He is never home and only contributes to our family financially. There is no other support given. He comes home when able, sleeps, gives money, and leaves again. I can't get him to do anything with me or the kids. He just sleeps and works.","After eight years and two children’s, people change.  I suggest to talk to him about how you feel, let him know that although he is gone for a long time, his presence as a husband and father are required and important.  Ask him if he will be willing to engage again and how he would like to do so.  Many times when the dads are away, moms design a perfect routine and they feel like they will disturb it.  Make alone time and family time for him, so you can reconnect as a couple and then as a family.¿Cómo trabajo con un esposo que solo contribuye económicamente?Mi novio de ocho amos y padre de mis dos hijos es camionero. El nunca está en casa y solo contribuye financieramente. No provee apoyo en ninguna otra forma. El viene a casa cuando puede, duerme, provee dinero y se va otra vez. No puedo lograr que haga nada conmigo y los niños. Solo duerme y trabaja.Después de ocho años y dos hijos las  personas cambian.  Te sugiero que hables con tu pareja sobre cómo te dientes, déjale saber que aunque el esta fuera la mayoría del tiempo, su presencia como pareja y padre es requerida e importante. Pregúntale si el está dispuesto a comprometerse  ser parte activa de la familia y como lo haría.  Muchas veces cuando los papás están afuera las mamás desarrollan rutinas que luego ellos no quieren interrumpir.  Crea tiempo a solas para dedicarle a el para que puedan reconectar como pareja y luego como familia."
"My boyfriend and I have been going out for about a year. I suddenly find myself jealous when I see him talking to other girls. I have never been this way before. I don't like these feelings. He said that my jealousy would cause our relationship to have problems. I told him I can't help these feelings. I don't know where they are coming from, but this is how I feel, I tried to stop, but I can't. I really like this guy, but I'm afraid that I'm messing up the relationship. It's just stupid.","Trust is at the top of what makes a healthy relationship.  It sounds like you may benefit from personal counseling to explore where this jealousy comes from and what keeps you from having complete trust in your boyfriend.  This is not stupid, this is your mind telling you that there is something that needs to be worked through.  Sometimes we need to talk to someone like a counselor who is disconnected from our life to understand our feelings and what they mean in our relationships."
We've been dating for two months now. I have a heavy past that gets him angry. Does he have a right to penalize me for things I did before I met him?,"Not in my book. You're only two months in? At this early stage, this is a bit of a warning sign. If he can't accept or feel comfortable with who you are and decisions you've made, there's already a level of discomfort here that shouldn't be ignored. No, he doesn't have the right to penalize you or punish you ...not just for past things...not for anything. What he does get to do it tell you how it affects him. Sure...if he feels uncomfortable or needs reassurance...listen to those things. But If he doesn't dig who you are, maybe he can walk the other way."
We've been dating for two months now. I have a heavy past that gets him angry. Does he have a right to penalize me for things I did before I met him?,"How is he penalizing you?Have you asked for his reasons for wanting to know about your heavy past?His answers may be very different than that he would like penalizing you.What you can do is explain how pressured you feel by his questions.Ideally, the two of you will become much closer by talking openly about your respective discomforts and wishes from the other."
"My husband and I are in our 40s. We’ve been married 17 years. Three weeks ago, he said he loves me but is not in love with me. He was going to leave me, but he said he thought about it and decided to stay. I don't know how to feel any more. How should I take what he said and not feel so hurt? He has been very blunt, and hurtful words just come out of his mouth. He makes me feel like I'm nothing, but I so dearly love him with everything in me. He said it wasn’t a mid-life crisis.","I get it. Your husband tells you that he's not in love with you, but oops, he's changed his mind and will tolerate you for a while longer? Excuse me? My Dear, it's okay if you expect more than that from a marriage. Maybe the question has shifted from whether he is happy in the marriage to whether you are happy in the marriage. You say you love this man,  who makes you ""feel like nothing"". I say it might be time to sit down with an individual therapist and look objectively at your marriage and whether it's working for you."
"There are intimate things she did early in the relationship, and things she had once agreed to try that she will not do now. I end up thinking about it all day. I feel rejected and think I married the wrong person.","I'd say you're letting fear get a hold on you! You would really enjoy some sexual activities that your wife hasn't initiated in a long while, but it's a big leap to go from that to ""I married the wrong person"". Fear is telling you that she doesn't respect or like or want you? Look at the bigger picture. What is the evidence that your wife wants to please you?...that she is the ""right"" woman for you?...that she loves you?...that she cares about what's important to you?  If there is evidence there, then you owe it to the marriage to rein in your fearful thoughts.Talking to your wife is so important right now. We all have moments when we really just want to sit and stew in our self pity over our partner not vacuuming or cooking or saying loving things often enough...but they can't read our minds! Can you lovingly let her know what you miss? ...what you hope for?...what you need? This is the meat of a loving relationship. Sharing who we are, so that we can love each other better. Your wife deserves the benefit of the doubt that she'll listen to what you long for. Can you risk feeling vulnerable? You can't control her answer, but can you trust her to care?"
"There are intimate things she did early in the relationship, and things she had once agreed to try that she will not do now. I end up thinking about it all day. I feel rejected and think I married the wrong person.","My wife won't do things she used to doThere are intimate things she did early in the relationship, and things she had once agreed to try that she will not do now. I end up thinking about it all day. I feel rejected and think I married the wrong person.Like we often hear, communication is the key to a good relationship.  Intimacy in the marriage is something we take for granted, and we rarely communicate about it. I noticed how you mentioned that she had “once agreed to try” things; did you ever asked if she enjoyed those things or would want to repeat them.  Have you asked if she would like to try new things as well?What if, you work on improving your communication with your wife? One thing to consider is the status of your relationship.  Are you in good terms with each other? Are you or your wife going under a stressful situation?   Many times when we have problems we reflect it in multiple areas, including our intimacy or lack of it.  Listen to her; ask how you can support her.  Find ways to reconnect as a couple, relax, have fun, and do things that you used to enjoy, or discover new interests together.Then you can focus on having conversations about your intimacy.  You could star by letting her know that you are concerned about your romantic life, and ask if you do anything that she likes or dislikes.  Remember this is a two-way street, you should be ready to listen and ready to share.  Take in consideration what she mentions, and work on resolving those issues.  It is important that you praise each other as you progress and do this in a loving and supportive way, avoiding hurtful comments. If you continue to struggle, or seems difficult to engage in communicating with your wife, consider couples therapy or individual therapy to work on communication skills.Mi esposa no hace las cosas que solía hacerHay cosas intimas que ella hacia al principio de nuestra relación, y cosas que alguna vez ella estuvo de acuerdo en probar y que ahora no hace.  Yo  me paso pensando en eso todo el día.  Me siento rechazado y pienso que me case con la persona equivocada.Como tanto escuchamos, comunicación es la clave para una buena relación.   La intimidad en el matrimonio es algo de damos por hecho y rara vez nos comunicamos al respecto.  Noté como mencionas que alguna vez tu esposa “estuvo de acuerdo en probar” algo.  ¿Alguna vez le preguntaste si le gusto lo que probo, o si quería repetirlo?  ¿Le has preguntado si ella quisiera intentar algo nuevo o diferente?¿Y qué tal si trabajas en mejorar la comunicación con tu esposa?Un aspecto a considerar es si hay alguna tención en el matrimonio.  Si están pasando por una situación tensa en su matrimonio o algún otro aspecto de su vida, lo pueden estar reflejando en su intimidad, o la falta de la misma.  Escúchala, pregunta cómo puedes darle apoyo.  Encuentra maneras de reconectar en pareja, relajarse, divertirse, y hacer cosas que antes disfrutaban, o descubrir nuevos intereses juntos. Si demuestran que son importantes uno para el otro y apoyan sus necesidades, se unirán más y disfrutaran de su tiempo intimo.Luego trabaja en tener conversaciones sobre la intimidad.  Puedes empezar por dejarle saber que te preocupa la vida romántica preguntarle si hay algo que a ella le agrada o desagrada al respecto. Recuerda que esto será beneficioso para los dos, tú debes estar preparado para escucharla, y compartir tus preocupaciones.  Toma en consideración lo que ella mencione, y trabaja en resolver o eliminar esas conductas.  Es importante que se alaguen y animen en el proceso, que este sea un proceso de apoyo y crecimiento y que continúen teniendo esta conversación frecuentemente.Si continuas teniendo dificultad o no sabes cómo comunicarte con tu pareja, considera terapia de pareja como una alternativa, o incluso consejería individual para trabajar en tus destrezas de comunicación."
"We don't have sex a lot. I cheat when we argue. I don't kiss or have unprotected sex with them. It's a one time thing, and I never see them twice.","Hello, and thank you for your question. The question about
whether or not to cheat is based on personal values that can only be answered
by you. However, here are a few things to consider and questions to ask
yourself to help you find your answer:
1.    
Do you feel like you are violating your own
values or morals? This is important, because we all have different values and
morals surrounding sex, love, and monogamy. If you value monogamous
relationships and find yourself cheating on your partner, then you may feel
like you are living in contradiction to your values, and most people are not
happy when they do that. However, if monogamy is not something you value, then
perhaps it is time to re-evaluate the relationship and determine if it is still
right for you. Not all people want monogamous relationships, and that
is alright. Finally, if you value your husband’s feelings and know that the
affairs would hurt him, then your behaviors may again be in contrast to your
own values. That can only be determined by you. 
2.      Based on how you describe your relationship, it
sounds like you are not very satisfied with the way it is.  From the outside, it looks like the affairs
are a way to “get even” with your husband or to feel better after an argument. This
is something that can happen when mutual respect starts to fade in a
relationship and gets replaced with contempt. We can simply stop caring about
how our actions hurt each other, or potentially hurt each other. Perhaps the
question to ask here is, when you look out toward the future with your husband,
is this the pattern that you want to keep? The pattern of very little sex,
argument, and then satisfying the pain or dissatisfaction with affairs. 
 3.      What are your goals for this relationship? If we
start to become disconnected in a relationship, we can begin to do things on
autopilot. Get up, get the kids up, go to work, come home, and go to bed. None
of which requires any intimacy at all. Are you still able to see the hopes and
dreams you once had for this relationship?
 4.     
Have you considered seeking marital counseling? Not
having affairs won’t actually fix the part of the relationship that is leading
you to have them. If there is something broken, it sometimes requires some help
to get it fixed. 
 Hopefully these questions and thoughts will help you come to
some kind of conclusion about what is right for you and your relationship. I certainly
wish you well. 
 Robin J. Landwehr, DBH, LPC, NCC"
"I am a female, and I am afraid of having sex. I am afraid of disappointing my partner by being inexperienced. I think he thinks I'm not a virgin. I am also scared that he will be disappointed with my naked body. I don't want my partner to think differently of me because I am afraid of having sex.","These fears are completely normal. Almost everyone has the same fears you do, to some degree, especially if they lack experience. Men also feel far more of these fears than you realize. That can help...to remember that we're all a little scared and looking for safety and approval.You mention a partner, but I'm not sure if you currently have one. Having a partner you can trust with your fears and who you feel safe with is so important. When you're really confident someone cares deeply for you, this can help the fears to go away or diminish. How well do you know your own body? Getting to know how you like to be touched and how different touches feel...getting acquainted with your body yourself first...this can help build sexual confidence. In general, our partners care less about our fat and wrinkles than they care about how we make them feel in bed. Being a generous lover who is confident enough to put fear aside...ironically this is what makes you ""good in bed"". But be patient with yourself. Your confidence will grow with experience, and that doesn't have to happen until you are ready. There's not rush. :)"
"I am a female, and I am afraid of having sex. I am afraid of disappointing my partner by being inexperienced. I think he thinks I'm not a virgin. I am also scared that he will be disappointed with my naked body. I don't want my partner to think differently of me because I am afraid of having sex.","As hard as it may be to do this, since all the media and marketing of how an ideal person looks and performs sexually, surrounds us, keep in mind that the images presented in order to sell movies and almost any product, is meant to trigger fantasies.No one is a fantasy, we are all real and unique.  We can be influenced to believe that being a fantasy is better than being who each of us is, genuinely.Your partner may be much more accepting of your body and your level of sexual experience, than you are of yourself!Sex within a relationship means the two people want to have with the other one, not because they have ideal bodies and expertise, but because the person wants to make love to the one whom they love.When you are in a loving relationship, part of this includes talking about sensitivities and insecurities.  Having a conversation gives the chance to know that you are accepted for who you are, not how closely you resemble a made up idea meant to persuade people to buy items."
"I am a female, and I am afraid of having sex. I am afraid of disappointing my partner by being inexperienced. I think he thinks I'm not a virgin. I am also scared that he will be disappointed with my naked body. I don't want my partner to think differently of me because I am afraid of having sex.","The greatest sex experience will be with someone who you feel connected to outside the bed.  This is something that you should feel comfortable in talking with your partner about.  The relationship needs to be strong before moving to the bed anyways. If the love is there, he will understand your fears and make you feel comfortable making it a great experience."
"I am married, but I had sex with my friend. I feel guilty, but I feel not guilty too. Do I need to feel guilty? It's my body, and I have full rights to do what I like.","I don't think there's anything that you're supposed to feel. Some people feel tremendously guilty when they cheat, and others not at all. It could be that your partner doesn't know about the cheating and you haven't had to face his/her emotions and reactions. When something we do is hidden...a secret...it's easier to avoid feeling guilty. I wonder if you're avoiding your own emotions. But let's put that question aside for now. There are better questions.What do you want? Do you want your marriage? If not, this may be why you don't feel guilty. Do you want to be able to sleep with your friend? It's unlikely that both are possible (keeping the marriage and the affair). Yes, you get to do whatever you want with your body...and...there may be consequences. Affairs almost always get discovered. Who do you want to be? What kind of partner do you want to be? What might your partner feel if they knew? How might you feel then? Would you care? Has something happened that's affected how much you care about your partner?I suggest that these other questions might be a place to start. Exploring it with a therapist is something to consider maybe. I wish you the best as you sort it out. :)"
"I am married, but I had sex with my friend. I feel guilty, but I feel not guilty too. Do I need to feel guilty? It's my body, and I have full rights to do what I like.",My questions to you would be:  Why did you get married?  Would it bother you if your spouse did the same to you?
"I am married, but I had sex with my friend. I feel guilty, but I feel not guilty too. Do I need to feel guilty? It's my body, and I have full rights to do what I like.","Yes, of course, it's your body and you can do what you feel like doing.Do you feel a commitment to your partner?Your guilt probably is pointing out the feeling of having done with your body what your spirit tells you is a violation of the commitment you feel toward your partner.The good news is that this is a moment for you to examine how strong your commitment is to your partner.Find balance between satisfying your freedom to do as you please, with your sense of being a partner, which means prioritizing the partner once in a while."
"As I was growing up, my mother and father always fought. With that, I grew trust issues. I think it's going to affect my relationship now and end it sooner then I want to. I try not to let it affect me, but I can’t.","If you thing your trust issues are going to end or affect your relationship it will because you are being baggage from your parents into this relationship.  Don't allow their problems to become your problem.  You didn't mention that your partner in your present relationship have done anything to make you not trust them.  Like in the court of law, if no evidence....find not guilty.  Don't make them pay the consequences as if guilty of your parents unhealthy behavior."
"We had our first kid 15 years ago, and sex has been nonexistent ever since. It only happens every three or four months. We have been to counseling, and I have been told over and over again she will come around. She hasn't, and I'm intimately lonely! I think it's time to move on, but how do I do that without hurting my kids?","Hi Pocahontas, This is a painful situation. When you're in a relationship, you assume that you will continue to receive warmth and affection. When it dries up, it's a very lonely place. It's possible that there is an unaddressed issue in the relationship. It's also possible that your partner has hormonal issues, pain issues,  sexual dysfunction or is asexual. There is no one answer here. Only you can decide what is right for you. But let me ask some questions to help you explore next steps:Aside from the sex, is your wife loving and supportive? What are the other ways in which you feel loved? Does your wife talk to you? Does she communicate her needs and desires? Does she articulate what gets in the way of having sex? If your wife is generally a loving, open partner, you use this to see that her behaviours aren't personal. Whether she resolves this or not, it can help you to cope with the rejection. This is your wife's issue, and the ""ball"" is in her court.In my opinion, if couple's therapy hasn't helped, it's time for your wife to own whatever is blocking her and address it with her physician and therapist. Let her be in charge of the sex for a while, to take the pressure off, and she can have the time to figure out what gets in the way of having regular sexual intimacy in your relationship. If you think of this as ""my wife is in crisis and needs support in figuring this out"", it can help you manage your own emotions. Pressure to have sex might push her further away. Did the couple therapist help you to see the dynamic in your relationship? Has your partner identified something she feels she is lacking in the relationship? One good way to make sure you ""get"" is to ""give"" (and I mean give what she wants, not sex). It's appropriate to say to her now ""I cannot live in a relationship with so little intimacy. I need for you to be honest with me about what you want for us sexually. If this is all you want, I'm not sure I can do it. If you want us to be more sexual, I need you to address what gets in the way for you.""  Give her some time, help her in any way you can, and then see where you are. See if she does seek help to address an issue that is hers. Then...you have a decision to make. I encourage you to make it looking at the big picture, not just the sex."
"I have been dating a guy for two years. I think I love him, but I don't know any more. I am in my late teens, and I have been living with him for most of our relationship. I have been talking to a guy friend, and I feel more loved by him than my boyfriend.","Hi Michigan, Relationships are so sparkly for a few years, and then things start to feel different. Most of the time, this is simply because we've pulled back from all the attachment-forming behaviours we did at the beginning. We stop talking a lot, because we have less to discover...we do less for each other and buy fewer gifts...spend less time together...all because we have already formed the love and attachment and we don't need to ""fill the gas tank"" as much. So, just because it feels different doesn't mean it's ""gone bad"".Having said that, it seems as though you are missing something in this relationship that you need; you don't feel loved enough right now. Can you tell him? Have you told him? The strength of your relationship is more clear when people know what the expectations are. Let him know what you need, and see if he gets it. You have choices to make and there is no wrong choice. You certainly have the right to say ""this isn't feeling great anymore"", or ""I want to explore other relationships"", and walk away. But often it's worth it to see how good something can be before you bail. You're drawn to someone else, and this is up to you to decide how this fits with your expectations of yourself in a relationship. Your interest in this other guy is sparkly and new. Your boyfriend can't compete with that if he doesn't know you're unhappy. For some people, being drawn to someone else is a sign they're not into their partner. For others, it's a danger alert, and it makes them want to improve their current relationship. Which one are you?"
"He owns his own business. Sometimes, he stays out all night but doesn't tell me. We have a son together, and I get to stay home with him. He says I complain too much about what he's doing. We've been together a year and a half. I got pregnant after being together for a month. We moved in together when I had my son in July. Everything was great, and then he started the staying out. He then started not spending time with either of us. I just don't know if I'm doing something wrong. We've talked and he says this is just how he is, but he wasn't like this before.","Congrats on the birth of your son!Your situation sounds painful, lonely, and isolating.And, these features are eating away at your self-confidence.Start by believing in yourself.  The feelings and ideas you describe here would only be arising from within you because they are at the very least, partly true.Ask your boyfriend if he is willing to listen and understand your point of view.  If he does, then hopefully the two of you will more easily talk with one another about the truth of feeling overwhelmed by the quick pace of your courtship and becoming a family.If these discussions continuously include him blaming you for having your own feelings and expecting him to more actively be a part of your and your son's life, then you'll need to start valuing your feelings and what is best for you and your son, by yourself.I send you lots of good luck!"
"He owns his own business. Sometimes, he stays out all night but doesn't tell me. We have a son together, and I get to stay home with him. He says I complain too much about what he's doing. We've been together a year and a half. I got pregnant after being together for a month. We moved in together when I had my son in July. Everything was great, and then he started the staying out. He then started not spending time with either of us. I just don't know if I'm doing something wrong. We've talked and he says this is just how he is, but he wasn't like this before.","Hi Oklahoma, Listen to him when he says this is how he is. Your boyfriend's behaviours are about him; not you. At the start of a relationship it's easy to be loving and attentive; but it takes years to really get to know someone deeply. With time, people reveal who they are.For some reason, he is giving himself permission to detach from you and your son. This could be for several reasons; he may be avoiding intimacy and connection, he may be avoiding commitment, he may fear he isn't enough, or (and there is evidence of this one) he may have misogynist attitudes about male privilege that interfere with his ability to be the kind of supportive and respectful partner that you need. It seems that you've addressed this problem with him and told him what you need. Good for you. His response seems dismissive though, and this isn't a good sign. Any problem can be worked through if you have two people who care about, respect and listen to each other. It seems this basic foundation is missing here.I suggest a therapist might be able to help you sort out where to go from here. I wish you the best. :)"
"I love him so much, and I don't know what to do.","Does he tell you a reason as to why he feels you don't love him?Ask him this so you will clearly know his definition of ""love""."
"I love him so much, and I don't know what to do.","Hi Savannah, This is a pretty common issue; one person feels that they are doing a great job of being loving, yet their partner doesn't feel loved. There's a great book ""The Five Love Languages"" by Gary Chapman. He explains that there are five main ways to give and receive love, but we don't necessarily all speak the same ""love language"" as our partner. You might feel that by going out to work and earn money, you're being loving, but if your partner's main love language is quality time, you're not hitting that bulls eye because you're not home! The five languages are words, quality time, acts of service, gifts and touch. I recommend couples grab this book, sit down and figure out what their love languages are, and then...slowly...you start to ask for the kind of love you want, and you start to speak your partner's language a bit better. You may never be fluent, but you can get better. The most important part is to understand each other better and to know that there's nothing wrong with either of you, you're just speaking different languages. You can help your boyfriend to get really specific about how he wants to be loved. I bet he just needs you to ""speak his language"".  :)"
"My fiancé and I have almost the best relationship every girl wants, but lately it's changed. I get less attention and little to no intercourse. He works a lot and goes to the gym a lot (he's a football player for an indoor league), but he has no time for me. We live two hours from family, and when I leave home to see family, he'll text me saying ""whatever"" and ""leave me alone."" But when we're together, everything is okay. No fighting or anything. I love this man, but I just don't know what to do anymore.","Hello, It doesn't feel good when it seems that your partner no longer cares or cares less for you, especially if your feelings have not changed. It can be scary, frustrating, and lonely. Have you tried talking to him about your concerns? I would suggest to start there. There may be several reasons for his actions, some of which may have nothing to do with how he feels for you. Learning about what is going on for him will likely answer your questions and, depending on his response, may cause some relief. When initiating conversations about subjects that are sensitive, there are a few things that you want to remember. Tell him how you are feeling and what you are experiencing, rather than blaming him or telling him what he is doing wrong. Avoid using extreme, black and white language (i.e. always and never). For example, you may say something such as, ""I feel confused that we are rarely intimate and I'm wondering if you've also noticed this change"" versus ""You are never intimate with me anymore."" Don't be afraid to ask him questions. You deserve to know what is going on, as his behavior is effecting your well being. I like to ask open-ended questions instead of yes and no questions. It allows for more clarity and deeper explanation. Lastly, ask yourself (and possibly him) what part you play in the recent changes. Does he feel that you've been distant? Does he need something from you? Let him know that you are willing to work things out as a team. If communication attempts fail, seeing a couple's therapist can be a great benefit. Having an objective party to coach you through this difficut time can give you the support that will create lasting changes in your relationship.Best of luck to you!"
"My fiancé and I have almost the best relationship every girl wants, but lately it's changed. I get less attention and little to no intercourse. He works a lot and goes to the gym a lot (he's a football player for an indoor league), but he has no time for me. We live two hours from family, and when I leave home to see family, he'll text me saying ""whatever"" and ""leave me alone."" But when we're together, everything is okay. No fighting or anything. I love this man, but I just don't know what to do anymore.","Your situation sounds a little painful.Have you brought up any of these topics for discussion with your fiancé?Now is a good time for finding out if and how your future husband is interested and addresses the way you are feeling.Until the two of you open up what bothers you, all you or anyone who talks to you about the situation, can do is take guesses as to what is driving your finance's behaviors.Also, in the moment of when your fiancé texts you words you find surprising or startling, you can tell him this.   Maybe by being clear and truthful about how what he writes affects you, then next time he will change what he tells you.And if he doesn't, then you know that you explained yourself, he had this information about you and that , he isn't that willing to consider what you told him. Really, the best first step is to open up all the topics you wrote about here, with him.  This way you'll give each of you to discuss how to care about one another in a meaningful way."
"My fiancé and I have almost the best relationship every girl wants, but lately it's changed. I get less attention and little to no intercourse. He works a lot and goes to the gym a lot (he's a football player for an indoor league), but he has no time for me. We live two hours from family, and when I leave home to see family, he'll text me saying ""whatever"" and ""leave me alone."" But when we're together, everything is okay. No fighting or anything. I love this man, but I just don't know what to do anymore.","Hi Rockford, While no relationship is ""perfect"", and it's natural for the passionate beginnings of a relationship to lessen with time, because we have established the trust and love needed as a foundation and we don't have to smother each other with attention anymore, your situation sounds like something different. ""He has no time for me""... yet you don't fight. Hmmm...Is it that you don't fight because you don't bring up what's bothering you? Are you avoiding conflict? Many people do. What do you fear would happen if you let him know how you feel about his recent pulling away? As an engaged couple, now is a really good time to see what happens when you bring a concern to your fiance. Better to find out now what happens when you rock the boat by being real. Or maybe you have spoken to him about it. If so, what happens? Does he listen and help you understand him better? Or does he avoid and reassure you...or maybe dismiss you? This is really important data to gather about how your fiance handles conflict and how you work together. He says ""leave me alone"". That's a pretty bold statement about what he wants. He doesn't seem to have the same idea that you do about what marriage is, and how close you want to be. Plus, I have to say, those words sound more like what a closed-off fourteen year old would say to a parent than a loving fiance to his bride to be! Giving him the benefit of the doubt, it could be that your fiance is scared about getting married and this is a temporary reaction that will change. But if this is true, he needs to tell you that so you can understand. So, I suggest that the fact that when you're together you're ""okay"" is perhaps not the best barometer for how you're doing as a couple. Listen to your gut. I encourage you to be really open with your fiance about what your feelings and fears are. This may get rockier before it gets better, but until you face what's not working, you won't know who you truly are as a couple.  When you're engaged, it's a really cool time to see a therapist too...to get some conflict resolution skills down before you're a married couple."
"I have been married for ten years. My husband is 29 years my senior. We have a young daughter. Ever since she was born, my husband has ""shut down."" We have no intimacy; he doesn't even kiss me. I've told him how I feel for years, and he swears he loves me and wants to make me happy, but I still have to literally beg for sex and affection. My self-esteem is gone, and I feel so alone. He has stranded me. He uses his passive-aggressive ways and ignores every comment I make. He refuses to talk to me in detail.","Hi Smyrna,Your husband is avoiding dealing with this problem. I understand how lonely you must feel, not only sexually, but emotionally too.From what you describe, it seems that he wants to be there for you, but he clearly has barriers to engaging fully around this issue. My hunch is that he doesn't know what to do or how to talk to you. But I think he does have something to say.Your husband is 29 years older and you've been together for ten years...that puts you at around thirty perhaps and him at almost sixty? Has any wise older woman sat you down to explain that men sometimes have erectile issues or hormone-related low sex drive as they age? It's possible that your husband is bewildered, angry, grieving or anxious about changes in his sex drive or his ability to maintain an erection, and that he doesn't know how to talk to you about this. He may feel like he's letting you down, and he's scared it will get worse, so he's sticking his head in the sand. Of course, that doesn't help, does it?The worst case scenario is that you get angry or hopeless, that he senses danger or disapproval from you and pulls away even further in shame. Eventually, you stop chasing him, and you drift further apart. It's a bit of a conundrum...how to honour both your need for connection and honesty and his need for a safe place to explore his fears and insecurities. Maybe lower your expectations for a bit? Your husband will need to believe that you are a safe place to share his fears, and you would need to hold onto the fact that he's really scared, and that he's not rejecting you...just protecting himself.I would suggest having a gentle conversation that sounds something like ""Sweetheart, we both know that something's not right here. I think you've been trying to handle this on your own or hoping it would get better, but can we agree that it's not? I need you to either talk to me about what's happening, or please go see a doctor. What I need is to see that you are doing some little step to help us. Either of those things would show me that.""In the end, you need to know that he's heard you and that he's willing to look at the issue in some way. If he does neither, then at least you know where you stand and you can decide whether to live in a sexless marriage. I wonder if showing him this answer to your question might help? Just a thought."
"My boyfriend of five years told me he cheated on me during our relationship after we broke up. We've since gotten back together and are trying to make it work. I don't know how to trust him now, but I really want to make it work, and it seems like he does too. But my trust issues are getting in the way and causing problems.","Hi Michigan,This is a common issue. How do you trust after you know someone is capable of hurting you? I totally get that it's hard, and I believe it's worth it if you truly love and want to be with someone. You can be stronger in the scarred places. I would suggest that you each have a separate job to do to rebuild this trust. It is definitely possible to rebuild it, because anything is possible if both people want it enough.Your boyfriend came clean to you...this is pretty crucial. He chose to honour your needs rather than keep the secret. You can use that as evidence in your ""proof that he loves me"" file. Work on that file...thicken it up. Having a thick ""he does care about me and wouldn't hurt me again"" file will help you. Other things that he can do to help you thicken that file (because after all, his behaviours caused this problem): answer all your questions, don't brush you off if you're feeling insecure, treat you as though you're a priority, avoid questionable contact with other women, have open communication, give you passwords to devices so there is transparency. He can help you to understand where those behaviours came from...why he cheated in the first places (although people aren't always good with those 'why' questions!)You can focus on telling yourself that people change, that he deserves a chance to show you he can be loyal (or at least you've decided to give him that chance), and that you want to be a trusting person. If you act like a trusting person, you will likely feel more like one. Don't go snooping, don't interrogate him. It's normal you might feel scared and try to tell him that when you do. Let him know what happens that leads to you feeling scared.This is a start for you. A good therapist can be helpful too!"
"I’m in love with my friend who is also a girl. I fell in love with her in a few months. That was my first love. We used to talk for the whole day and night over the phone and on Facebook. I thought she had the same feelings for me, but I was wrong. I always wanted to touch her warmly and stay with her all my life. But all my dreams get broken apart after she got into a relationship with a guy. I’ve tried to be in relationship with guys, but I can’t be in love with them.","It all depends how old you are and what a particular situation is.  You may be feeling very close to this friend and mistake that feeling for sexual feeling, or the feelings may be real. This is something you will find out for yourself, however, it definitely doesn't mean that you are a lesbian just because you have those feelings for this particular person. Time will tell, but if you need to discuss this, you could see your school councelor (if you are at school/university) or find a LGBT group with meetings and discuss this with them. I hope this is helpful."
I've been getting told lately by my partner that it’s embarrassing that I'm so antisocial around his family and friends. I believe it's because I'm not as social as him.,"Hi Buffalo, I think you're right; your partner's reactions are about him. I have to say it's a cruel thing to say to someone you love...that you're ""embarrassed by them"". The subtext says ""You're not good enough"", and I love that you can reject that false message.You don't have to be different for anyone. If he can't accept you for who you are, what is he doing with you? Your social habits (unless they are extreme...like you refuse to go anywhere) aren't a reflection on him; it's just you being you. Also, and I'm sure you've found this...the more he judges you, the more difficult it is for you to be the confident, outgoing person he wants you to be...so his method of trying to change you doesn't even work!I think that's the crux...he's trying to change you. What does that make you want to do?"
How can I know if I'm just being paranoid?,"Hi Texas,Oh, that's a powerful idea, isn't it? It burrows into your head. Let's figure this out. First, has your partner given you any concrete reason not to trust them? Have they cheated before? If not, then they deserve the benefit of the doubt until there is evidence. If it's a ""yes"", then it's natural that these fears would be triggered and you can simply let your partner know what triggers the fear and what you need. ""When you refuse to let me see your phone I worry that you're hiding something. I need openness"". If they haven't cheated on you in the past, there are three possible scenarios here. I invite you to take a moment and write down what the evidence is that cheating is going on. What is the specific thing that's triggering your fears? When you have your data recorded, read on...The first scenario is that you have been personally hurt in the past by someone else and you've developed fears that you will be hurt again or that you're not enough to keep someone interested (this is just fear...people cheat for their own reasons, not because we're not interesting). This may be true if what you wrote down is ""They didn't really do anything wrong...there is no evidence. I'm just scared and suspicious"". That's a cue to do some self reflection and calm yourself with thoughts like ""nothing has really happened. I can trust.""If what you wrote down was vague evidence, like for example your partner has been distant or irritable, or you're having less sex than usual, you can try to approach the situation without making assumptions. Trust your gut, but your gut isn't seeing evidence of cheating...it's evidence of ""something"". Ask your partner what's up with accusations or assumptions.The third possibility is that there is some clear evidence that they are cheating. Maybe there are texts on a phone, or someone has told you something they saw. I'd say when there is some evidence, it's okay to present this to your partner and ask what's going on. If this happens repeatedly, and your gut is screaming and there are only excuses or explanations that don't make sense, then it's okay to do a bit of ""research"" and be extra aware of what's going on around you. I hope that helps."
"My partner and I have had an amazing relationship and connection for over two years. We're very committed to each other and are planning a very long life together. However, he recently was very open and honest that he isn't interested in having sex with me anymore. He says this has happened in every past relationships and has ended it as a result. He knows it's because it's the ""same person"" feeling, but how can he get over this?","I wonder how long ""anymore"" will be for your boyfriend.Since you both are planning a long life together, instead of his custom of ending relationships when he feels bored with the sex, he will be facing the situation of being in a relationship and not having sex with his partner to whom he is committed.What are your own views on the meaning of sex in a relationship?Knowing this will help you be better able to collaborate with your boyfriend on finding ways of balancing what you each would like."
"My wife and I have a great relationship except for our sex lives. We are pretty transparent and honest, and basically, she feels bad because she never wants to have sex. She doesn't have the desire. She's also never orgasmed. She feels like a terrible wife and fears I'll cheat on her. She doesn't know why. Last time we had sex, she cried and felt bad and didn't know why she cried. However, she also told me that the last time we had sex, she felt me in her, but it just felt ""ehh"" and wanted to stop. That makes me feel really awful. We rarely have foreplay. Everything I try tickles her, so she makes me stop. We are both frustrated but very much in love. She and I are in our early 20s. We’re married and we have a baby on the way.",That sounds really challenging for both of you. Differences in sexual desire between partners is common and can create real friction and conflict. I would encourage you to do some couples counselling or sex therapy as often these issues can be worked through and low sexual desire can result from relational fears and misunderstandings or sex that isn't as arousing as is possible. There are some good videos on this resource page about sexuality and intimacy and a video that specifically addresses desire differences in relationships.
"My wife and I have a great relationship except for our sex lives. We are pretty transparent and honest, and basically, she feels bad because she never wants to have sex. She doesn't have the desire. She's also never orgasmed. She feels like a terrible wife and fears I'll cheat on her. She doesn't know why. Last time we had sex, she cried and felt bad and didn't know why she cried. However, she also told me that the last time we had sex, she felt me in her, but it just felt ""ehh"" and wanted to stop. That makes me feel really awful. We rarely have foreplay. Everything I try tickles her, so she makes me stop. We are both frustrated but very much in love. She and I are in our early 20s. We’re married and we have a baby on the way.","Congrats on your upcoming baby!Its possible that the pregnancy is diminishing your wife's sex drive.From everything you describe about your wife, she sounds to not yet have become comfortable with having a wish for sex.The other side of the sex equation is you and your relative ease with having sex and whether it is for physical release or as an expression of love, some of each.Since you talk with each other honestly then start with a dialogue about what you each would like from sex with each other, from perspective of giving and receiving sex.  Hopefully this will open up some new light on your respective feelings.Really, there is a lot to navigate in a conversation about physical and emotional intimacy.  If these are not the types of discussions the two of you are used to having, a couples therapist is a good idea so you both become familiar and learn how to more easily articulate some of your respective deep feelings."
"My wife and I have a great relationship except for our sex lives. We are pretty transparent and honest, and basically, she feels bad because she never wants to have sex. She doesn't have the desire. She's also never orgasmed. She feels like a terrible wife and fears I'll cheat on her. She doesn't know why. Last time we had sex, she cried and felt bad and didn't know why she cried. However, she also told me that the last time we had sex, she felt me in her, but it just felt ""ehh"" and wanted to stop. That makes me feel really awful. We rarely have foreplay. Everything I try tickles her, so she makes me stop. We are both frustrated but very much in love. She and I are in our early 20s. We’re married and we have a baby on the way.","I suggest seeking the support of an AASECT certified sex therapist to help work through much of the issues you address, you simply may need some really qualified support. Also, you might be interested in watching Esther Perel's ted talk on the secret to desire in a long term relationship, and/or you might want to sign up for my own 8-part-series on Reconnecting Parent Couples"
"My wife and I have a great relationship except for our sex lives. We are pretty transparent and honest, and basically, she feels bad because she never wants to have sex. She doesn't have the desire. She's also never orgasmed. She feels like a terrible wife and fears I'll cheat on her. She doesn't know why. Last time we had sex, she cried and felt bad and didn't know why she cried. However, she also told me that the last time we had sex, she felt me in her, but it just felt ""ehh"" and wanted to stop. That makes me feel really awful. We rarely have foreplay. Everything I try tickles her, so she makes me stop. We are both frustrated but very much in love. She and I are in our early 20s. We’re married and we have a baby on the way.","Have you guys ruled out medical disorders. There is new data that post part depression starts in the pregnancy before baby is delivered. There maybe those factors .Please check out those arenas, firstly. Then consider marital therapy services. Relationship changes with the time passing and with the time and care deposits of investment onto the relationship bank account.  Thanks for this opportunity to answer some of ya.alls. relationship intimacy concerns."
"My wife and I have a great relationship except for our sex lives. We are pretty transparent and honest, and basically, she feels bad because she never wants to have sex. She doesn't have the desire. She's also never orgasmed. She feels like a terrible wife and fears I'll cheat on her. She doesn't know why. Last time we had sex, she cried and felt bad and didn't know why she cried. However, she also told me that the last time we had sex, she felt me in her, but it just felt ""ehh"" and wanted to stop. That makes me feel really awful. We rarely have foreplay. Everything I try tickles her, so she makes me stop. We are both frustrated but very much in love. She and I are in our early 20s. We’re married and we have a baby on the way.","Hi Seattle,While it's normal in many relationships for there to be a difference in sex drives, I believe that your wife has a major barrier to having a healthy sexual relationship. I'd be curious about what it was like at the beginning for you both, but these things can change. Sometimes people with sexual barriers are very active for a period when they're young because they're trying to prove something or overcome a fear. Right now, you can both accept that there is a barrier and it's hers and she can explore that in a safe relationship with a therapist and perhaps a doctor. It's possible she's asexual (not interested in sexual activity but very interested in love), or that a trauma has affected her. It's for her to explore. Tell yourself that it's not your fault, stop expecting it to change, and encourage her to seek treatment with someone who specializes in sexual issues. Good luck."
"We got into arguments, and we would break if off but start it back up again. We clicked, or so I thought. We are both married with problems in our marriage. We never have sex; we just send a lot of pictures back and forth and talk about doing things together. His wife found out, and he lied to her and didn't even refer to it as an affair. I can't stop thinking about him. We just click. I've been married for 16 years, and I've never liked anyone other than my husband. Now I like him, and we’ll never be together.","If you will ""never be together"" and in order to maintain this affair you need to deceive both of your spouses it seems unlikely that maintaining the affair will bring anything but heartbreak for everyone involved. There is obviously something that you are getting from this that you are not getting in your marriage. Maybe this is a cue that there is work to do on your marriage to try to make it more fulfilling and if that is not possible, then maybe you want something else for your life.  If you and your husband are willing, I would encourage you to do some therapy or counselling together.  You may enjoy this article to learn a little more about some factors that lead to connection or disconnection and that predict separation and divorce."
"My boyfriend of five months expresses how much he cares for me and loves me, and I believe it. It has been one of the best relationships I have been in for a short period of time, but he has lied to me so much. He’ll tell me that he'll stop lying, and while he’s saying that, he's hiding something or lying about something. First, it was about a girl. He hid text messages and claimed she was a friend and it was a friendly conversation when it was a girl he once found interest in. Next was his ex-girlfriend. He put a fake contact name, and it was just friendly, but he lied to my face. All the time, he claims he never cheated and still expresses his love the same way and that he wants to change and do better.","New York, New York...it's not your boyfriend's lying that concerns me the most; it's the lies you tell yourself. Verbal expressions are easy, but it's walking the walk that's more important in the end. When someone shows you what they're capable of, you can believe them. He's capable of being manipulative and deceitful, and he even lies as he's telling you he'll stop lying. What you're doing is called denial; when you see evidence of something but you choose not to believe the evidence. He might love you with his heart, but love, in the end, is a verb and is based on respectful, loving behaviours. My wish is that you start by believing in what you deserve."
"I was texting a guy who wasn't my boyfriend, and my boyfriend found out. We work together, so he went to work and told everyone I was cheating on him. I moved out of the house. There have been previous problems, and I feel like I'm usually the issue here. In order for us to move on, he wants me to sign this contract that he wrote out listing things he doesn't want me to do anymore. I'm wondering if this a healthy relationship to save or if I should walk away.","Hi Dallas, While I think it's healthy for both members of a couple to have things that they need from each other and to talk about that, your situation sounds one-sided and rigid. Will you have a list too? There are elements of control here: humiliating you in front of coworkers, saying you have to sign the contract before you can move forward...does he decide when you move in and out? Your passive aggressive communications with the other man and your difficulty in knowing what direction you want also hint that maybe you don't have a voice in this relationship. Do you have a voice? If you are uncomfortable with the contract, are you listening to your own voice? If you can't hear your own voice, maybe it's time to sit down with a therapist and strengthen yourself so you can at least know what you feel and want.No relationship is all good or all bad (wouldn't that make it easy?) Relationships don't come with billboards that tell us what to do. They don't come with crystal balls that tell us what will happen (except that past behaviour is a good predictor). You have everything you need in order to make the best decision for you right now, except clarity, and his control may be what is making things muddy for you. You're too busy blaming yourself to see the situation clearly. A therapist can help you stop blaming yourself and see what your situation is."
"About a month ago, I went through my boyfriend’s phone and found him messaging his ex-girlfriend that he was dating before me. He gave her a promise ring when they were together, and he still had it hiding in his memory box in our son’s room. I found many things on his phone, but that broke my heart the most. He deleted all the messages but two. I can't help thinking they were talking about the old times together or something like that. It really kills me, and I can't stop thinking about it.","Your sense of hurt is very understandable.Do you and your boyfriend have an agreement on looking through each other's phones?I ask because the overall problem sounds like lack of trust and that there may be a difference in what each of you wants and expects from your relationship.Probably if the two of you talk about these topics and you each become clear as to the commitment status of each of you to the other, you'll have more clarity as to what either of you would like from the other.With this new level of clarity, his  past relationship involvements will likely be less meaningful .Once you have clear definition of the two of you as a couple, who he was as a past partner to someone else, will matter very little."
"I have been married for 20 years. He and I both cheated. I hid my cheating for 14 years. Over that time, I let life stress me out. I became depressed. When I finally woke up, he felt I had pushed him out.","Do you both want to fix the marriage?The relationship belongs to both of you so that one working without the other cooperating in this work too, will have one person who does all the changing.This dynamic itself creates problems of its own.About your husband telling you he feels pushed out, did he do anything on his own to address his problem of feeling like this?All you state is that he blames you for creating a situation he didn't like.If he did nothing because he felt unsure what to do, anything which shows he understands he has as vital a part in the marriage as you, is ok.Because affairs create mistrust between two people, the two of you would also need to be very aware to regain each other's trust.Talking as much as possible so you both know what goes on in the life of the other, how you each are feeling, what matters to you, is helpful to grow a new foundation for your marriage's future."
"My boyfriend recently got a kitty. I hate cats in general, and he knows it. It grosses me out and makes me very upset when he pets his cat. I want to throw out the cat. I feel very jealous.","Sorry for you and sorry for the cat because you're each in a tense position.What was the context of your boyfriend adopting a cat since he was aware that this would likely cause problems in the relationship with you?If you don't already know his answer, then find out.  Doing so will tell you a lot about your boyfriend's expectations about you.  Does he expect you to accept without question, whatever he does?  Does he care about your views?  Does a cat have some deep meaning for him that having one is essential to his life and he never told you so?Please don't be mean to the cat.  Its not the cat's fault for being in your boyfriend's care.There are plenty of other cats on this earth so throwing out the cat will not solve anything between you and your boyfriend.Who knows, your boyfriend may come back home with three more cats!Start with a conversation about your feelings and his interest in your feelings."
"Over the course of a few days, my wife was unsure about her feelings for me due to constant intimacy issues. After she thought things through, she came to the realization that she is no longer ""in love"" or attracted romantically to me. She instead has more of a platonic love and just cares for me as just ""family."" At that point, she said our marriage was over. Now over the course of the last few days, she has taken a ""friendship"" from a coworker. She insists there is nothing more than friends, but she has spent all her free time with him.","Hi Portland,This must feel like your world is turned upside down, for your wife to declare her confusion, followed closely by resignation, followed closely by a new ""friend"". I get how upsetting this is.If I was your therapist, I'd want to explore this a good deal, because there are several possibilities concerning what might be happening. Be careful not to jump to conclusions. Sometimes people have been slowly ""falling out of love"" for a long time, and often this is due to some (perhaps unnamed) unmet need in the marriage. She may have been coming to this point over a period of time, and has only finally said so. It's also possible that your wife is going through some temporary crisis...she's changing and personally unhappy and blaming the marriage for it. Only she can help herself through this (she could get the help of a therapist, but it's not your place to tell her to do this). Or, it's possible she's met this new ""friend"" and her attachment to him has clouded her view, or clarified something for her.  Right now, it's important that you respect your wife's decision to separate, if she's asking for that. We can't trap people in a marriage. If she needs separation, or distance, then it's respectful to give her that.That doesn't mean that you have to give up on the marriage right now. I would seek the support of a therapist who can help you sort out what YOU want; whether it's to move on with your life, or wait patiently for a period of time. I can't predict what will happen here. But you can find out what the best path for you is. I wish you the best."
"I have no idea what happened. I go places and do things but still feel lonely. I honestly have no friends, and I am always the one texting people and bothering people. I feel invisible, like someone that no one wants to be around.","A lot of times any and each of us creates what we need for ourselves by seeing other people as creating these circumstances and situations.Is it possible that at this time period in your life, being alone is positive for sorting through your true values or sorting through key situations in your life?If ""yes"", then possibly you are giving yourself some alone time, even though to some degree being alone is not your first choice.At the very least, since you aren't happy with being the one who texts others, then some alone time may encourage new thoughts and ideas creating more open space within you to attract other people who do enjoy texting you first.Also, most relationships are not forever.  Is it possible you are at a phase when some relationships are simply closing down so that you have clear space within your life for new and different activity?"
"I love my boyfriend and everything that leads to sex, but when it comes to the actual penetration, I hate it. I don't know why, but I just want it to be over. I feel like crying. I don't know why I don’t like it because all of my friends enjoy it.","Although I am not entirely sure why you might be struggling in this area, an initial question I have is do you want to be sexually active at this time or is this something that you feel pressured into doing.?  If you feel pressured into being sexually active by your friends or boyfriend it is understandable that you want it to be over.  I would encourage you to ask your boyfriend to be patient with you at this time  until you figure out what is going on.  I encourage you to then think very deeply about what your reservations, if any,  about being sexually active.  Do you fear pregnancy?  Are there problems in the relationship?  Are you afraid of the emotional intimacy? Another question that comes to mind is whether or not you have any history of sexual activity that you did not consent to that might be getting in the way.   When these types of traumatic events occur,  people can essentially become triggered negatively by anything that reminds them of past trauma.  Such events can cause an aversion to sex even if there is now a loving relationship whom one wants to be sexually active with.  If this is the case I strongly recommend individual therapy to begin working through some of these issues. A final area that you might explore would be whether or not you are experiencing pain with penetration.  If so, I would recommend that you schedule an appointment with a gynecologist to rule out any type of medical issues that might be causing these problems.  Although pain can also be associated with emotional issues, it is always good to rule out possible physical causes.  I hope that these ideas help to point you in the right direction.  Take care."
"I love my boyfriend and everything that leads to sex, but when it comes to the actual penetration, I hate it. I don't know why, but I just want it to be over. I feel like crying. I don't know why I don’t like it because all of my friends enjoy it.","Does your boyfriend notice that you hate sex?If ""yes"", then it is a topic which the two of you would gain deeper understanding of each other, by discussing.If ""no"", then possibly one reason for hating sex is that your boyfriend doesn't notice who you are as a person, not simply a physical body engaged in sex."
I didn't trust my wife when I found out that she had a new guy friend that she was texting and calling. I investigated him before I found out that he was gay and that there was nothing going on. Now all my wife and I do is fight about trust.,"Hello. Being unable to trust your significant other certainly can cause one to feel unsettled. Has your spouse ever done anything questionable that would cause you to not trust her? If so, then it will take time and some work to gain the trust back. Couple's counseling would be of benefit. If not, then you may want to consider seeing a therapist on your own in order to better learn where your insecurities come from. There are several possible reasons why you may be feeling insecure but without knowing them, the issue is not likely to get resolved. In the meantime, I suggest that when you're feeling upset and are unable to trust what your wife says/does, think before you speak. Ask yourself if you have valid reasons to not trust her. Instead of arguing, try and communicate how you're feeling and let her know that resolving this trust issue will be a top priority for you so that you can focus on other aspects of your relationship. Hope it all works out for you both!"
I didn't trust my wife when I found out that she had a new guy friend that she was texting and calling. I investigated him before I found out that he was gay and that there was nothing going on. Now all my wife and I do is fight about trust.,"Instead of fighting about trust, is it possible for you and your wife to talk with other about areas which upset each of you?Whenever feelings are hurt, knowing what exactly is problematic and being heard and understood by the partner, goes a long way to building trust.These type of discussions are hard to have, and especially for the first time.  A lot of emotions arise and often people lose their conversation focus from this.If you and your wife have a tough time opening up to each other, consider scheduling time with a couples therapist.Just by each of you committing time to invest in the relationship will show faith in the relationship, and this may contribute to restoring trust."
"I've been in a relationship for over a year. He's cheated and lied. I heard he's married, but he says he's not. Everything is very up and down; there's no trust. Recently, he went on a trip, and I promised him I'd behave and not drink because when I drink, I drink too much, and I tend to make poor choices. This time, I made a huge mistake: I drank too much, and I cheated on him. I slept with another man for about five minutes before realizing what I was doing is wrong. I told him and he just got really rude. He called me names and threatened me. I feel bad as I do love him. We just have so many issues. I'm not a bad person, I've just made a lot of bad mistakes. It’s unintentional, and I know right from wrong, but why do I still make the wrong choice?","Hi Calgary (Canada!),  Let me get this straight...you're in a 'relationship', but he might be married. You both cheat and lie and he's abusive. The short answer is that there is too much wrong here for this therapist to try and fix it. Relationships don't heal us and they don't help us grow up. We have to be mature and stable enough to love someone before it's going to work. I'd recommend you focus on yourself alone for a while. You have a lot to sort out. I wish you the best."
"I crave attention, companionship, and sex. She has had a hysterectomy, and she has a bad knee.","Hi Hampton,Although I'd bet your wife also wants the attention and companionship, it seems that there are a few barriers in your sexual relationship right now. I also would bet that there are things that your wife would like from you. This is a very common issue; two people with different sexual drives or needs. If you both want the relationship to improve, a couple's therapist who works in sexuality is a great idea; it's a complex picture that you've only given us a glimpse of.In the meantime, you can try a few things: have compassion for your wife. She's in pain and this may preoccupy her. Sex may be uncomfortable for her. She needs understanding. You need understanding too, right?  Help her to see that you're not just angry, but lonely and hurt; it might affect how you see yourself as a man. Showing her irritability or anger might push her farther away.There are many ways to be close, intimate, and sexual that don't involve intercourse. You might want to explore some of these things and reassure her that you won't pressure her to have intercourse. Find out what your wife's wishes and ideas are. You might be surprised.These things take time to address, especially if they've been years in the making. I do recommend seeing that therapist. Relationships are very complex and it takes time to explore all the layers and barriers to change. Best of luck."
"I've been with my husband for eight years now. We have split twice before, and the first time was because he cheated. I took him back months later, and he really tried making it up to me by making a lot of changes. However, we continued to have issues because of my lack of trust. My insecurities and trust issues lead to physical abuse, which lead to us separating again. During that separation, he consoled himself by talking to the same girl he cheated on me with. But we then ended up back together and worked it out for a while until I got pregnant with our second child.
   The baby was a few months old, and he confessed to me about his secret relationship with her. He told me how he could never stop talking to her and how, during our issues, she has been and is the only women he's gone behind my back with (but on a friendship level because she's miles away). He confessed how he fought feelings for her and feels like he's possibly in love with her too. He said he feels like he's in love with the both of us now because this women has fallen for him, and she hasn't been able to leave him alone since. Even though she knows that he's still with me and happy with our family, she can’t help it, and he confessed how his feeling for her are mutual. Being that he loves me too, he wanted to be with the both of us at the same time. He wanted to have affairs with her behind my back by flying her out and staying at a hotels, but he didn't want me to find out, so he told me everything. He said he didn't want to continue to lie to me and so I can finally stop accusing him of being with other women when it's only been this one girl the whole time. He feels like my insecurities and trust issues are what pushed him closer towards her, and that no matter what he did to do right, I would still accuse him. He's caught up in his feelings and pretty much says that he wants her but doesn't want me to leave him because I'm the one he wants to be with for the rest of his life.
   I'm of course hurt and in shock. I feel like I have to make a decision on whether I want to allow it and deal with having to share him or walk away. Both of these decisions are really hard to make because I feel like whether I stay or go, my heart will still be torn apart. I have to make a decision quick because she will be flying out sooner than I thought.","Hi Jayuya, I'm struggling in this moment with my own biases. I have biases that are about respect and every individual's need for and right to respect. Your husband lies, cheats and physically hurts you. He makes excuses and blames you for these behaviours and trains you to do the same. He demonstrates many controlling and abusive behaviours. And now, in an attempt to manipulate and silence you, he wants to have his cake and eat it too and suggests you should share him? There aren't many crumbs of this cake left for you, are there?So, my biases about respect don't make me want to rescue you or tell you what to do; I can't do that, and I don't think either of those things will help you. I'd like to ask you some questions though...Are you happy? Do you know what happy is? Do you know what respect is? Are your children safe? Are your children witnessing violence (because if they are, then they're not safe)? Do you have supports? Do your family and friends know what's happening in your life? Have you ever been to a women's shelter? Are you willing to sit down in an office with a professional who can help you think clearly? That's what I suggest. These are big decisions, you deserve some support. I wish you the best."
"I just got married with my husband. I have four kids of my own, and he accepts me with my kids. I am thankful he loves my kids even though they’re not his. Now we are having problems in our relationship because of my past. I know all marriages have problems, but sometimes I feel it’s not going to work out if there’s no trust. It’s hard for me to let go because I love him, but I am getting tired.","Hi Louisiana,You say that the problems are with your ""past"", but my hunch is the problems are about his insecurity and his personal barriers to trust (unless you've recently revealed details of a sordid past?). You don't mention ever having hurt the trust in the relationship.Trust is the first stage in a relationship. Moving forward before they develop trust is a common mistake couples make, and now you two have involved children in a relationship that's missing a crucial element. But you didn't see this coming, did you? That's because only as we become emotionally intimate do our deeper fears and insecurities come to the surface. I give you credit for wanting it to work, and I believe you would benefit from the support of a therapist in working through the kinks related to trust. Good luck!"
"My boyfriend and I have not had sex in a couple of weeks. He had to have a cyst removed on his testicles. I have been wanting to have sex with him for a while now, and it drives me crazy not to be able to make love to him. I'm scared to touch him and get close to him because I'm afraid that I will hurt him.","Are you talking with your boyfriend about his doctor advises on starting to have sex again?Being able to talk together about topics that involve both of you, will establish a new type of intimacy on an emotional level.Also, there are many ways of making love.  If your bf's cyst hasn't yet healed, then another way of both increasing your emotional intimacy and learning different love making suggestions, is to read about these together with him.I hope the two of you enjoy learning new ways of sexually taking care of one another, while developing more emotional closeness in the process."
"My dad cheated on my mom for 13 years. I cannot stop obsessing over the fact that my boyfriend might be cheating on me even when I know he isn't. I have full access to his phone, social media, and e-mails. I never find anything, but I'm obsessed with constantly checking just in case. How do I stop this? It's driving a wedge between us.","Hi Greenville, I respect that you're owning your own overreactions, and that you want to give your boyfriend the respect he deserves. The truth is that some people cheat, and some don't, and our partners deserve the benefit of the doubt unless they show signs they can't be trusted.The answer here is in two different areas. Basically, if you want to feel differently (more trusting, in your case), you look at your thoughts, and your behaviours.Your thoughts are stuck... like tires in deep ruts in the road. These thoughts are only habits, they don't reflect the truth. Fear is probably whispering in your ear things like ""everyone cheats"", or "" you're not enough for him"". Once you figure out what fear is trying to tell you, picture those words in red next time they come up. Ask yourself what the evidence is that supports that thought (there won't be much...perhaps none), and what is the evidence that doesn't support it (I know lots of good men, I know I deserve love and loyalty, there is no sign of infidelity...). You're learning to refute the thoughts that are connected to the fear. That's the first half. Practise these thoughts.The rest of the work is in your behaviours. Act as though you trust him. Force yourself to not check or interrogate, and the less you check, the less obsessive and untrusting you will feel. Acting ""as if"" something if true strangely helps us believe it.It's possible to change the way we think, and this is turn changes the way we feel. Try this to start, and see a therapist for support and cognitive behavioural therapy if you want to dive more deeply into why this is happening and how to stop it. Good luck!"
"My husband always works. He does work from home, but his hours are from morning until night, and he neglects his family. If I have anything I want to do, I have to find a babysitter, but he does what he wants. He rarely comes to bed when I do, and we never have date nights.","Hi Ohio, The crazy things about situations like this is that, almost guaranteed, while your husband is out working and away from home, he feels he's doing it all for you and the kids; he believes he's loving you. He might feel like he's carrying his family on his shoulders. Your 'love language' is different...you'd rather spend time with him or talk to him...you want to feel like he's a bigger part of the family and feel connected to him. I absolutely understand that, and I support you asking for that.He might very well miss that feeling of connectedness too, but he's likely also feeling the weight of financial responsibility. A lot of men (and women) don't talk about this but they feel it. Sometimes they feel like they can't win either way; there's pressure to earn and pressure to be home. He has needs too; he probably wants more appreciation and less blame. I urge you to talk to him about how you feel, find out how he's feeling, and use a professional to assist you if your communication styles aren't great. Right now you WANT to spend time with him and that tells me that you have a good chance of addressing this problem successfully."
"My husband always works. He does work from home, but his hours are from morning until night, and he neglects his family. If I have anything I want to do, I have to find a babysitter, but he does what he wants. He rarely comes to bed when I do, and we never have date nights.","I'm glad you're aware to expect more satisfaction from being part of a couple, than you currently describe yourself as having.Are you and your husband able to talk about any or all of what you've written here?His answers would be a starting point for knowing how he understands his share of your relationship and whether and how he would like making any changes.If the two of you feel too much tension in the relationship to bring up any of the topics you write about here, then ask yourself the reason for this.Very commonly, people are afraid to ask questions of their partner, even when feeling unhappy and that they'd like changes to the relationship.Often, people are fearful of harsh criticism by the partner and worry that by simply stating the reasons for feeling unhappy, will mean hearing judgments against them, spoken by the partner.It is always a good idea to utilize the services of a professional, credentialed and licensed therapist, if after trying to start a conversation on the topics you bring up here, does not go well or very far.For all of us, the emotions in our intimate relationships are deep and powerful.  They are not easy to handle, especially under tension and frustration.Sending lots of good wishes for future happiness!"
How do I stop those thoughts?,"The thoughts you are having are just thoughts.  Not actions.  It is your choice whether you act on these thoughts.  If you decide to explore having sex with adults of different genders that is great.  If you find yourself obsessed with sexual thoughts, you may want to see a cognitive-behavioural therapist.  Take care."
I'm a 40 year old male and having erection problems. Still have the desire for a woman. Awfully frustrated. Any suggestions? My Doc doesn't want to discuss it.,When a doc blows you off it may be a signal that it is time to find a new one! ED can often be caused by health issues. If all physical possibilities are ruled out then it's time to look within and enlist the help of a sex therapist. Here's a good article for you to start with.
I'm a 40 year old male and having erection problems. Still have the desire for a woman. Awfully frustrated. Any suggestions? My Doc doesn't want to discuss it.,"Hi there, first off I have to commend you for reaching out. It takes a lot for a man to reach out for help when it comes to erection problems. Believe it or not, this problem is very common for men and women. There are some things that you can try naturally, before resulting in medication, such as your eating habits and exercise. I would suggest taking a look at what you are consuming throughout the day. Do you consume a healthy diet and do you exercise regularly? How much caffeine and sugar do you intake daily? These are just a few common things to look at. You would be surprised of how much pressure what we consume puts on our bodies. Our bodies are like a car. You have to maintenance it, in order for it to continue to run. If you would like to get further natural advice and/or suggestions on eating healthy and exercising, I would recommend you see a nutritionist. A nutritionist specializes in maintaining a healthy diet. As far as your Doctor, I would recommend looking into getting another Doctor. I have never heard of a medical professional not wanting to talk about anything. That appears to be a personal issue on their part. I hope I was helpful and I wish you the best of luck!"
"My wife and I are newly married, about 2 months. We've had some issues surrounding sex, particularly her lack of libido. She's on an anxiety medication, of which diminished libido is a side effect, but I think our issue is also partly one of a lack of intimacy/romance centered around my hectic schedule. Our sex life has suffered as a result. Tonight she made a genuine effort to let me know she wanted sex, which is a big deal. Once things started, she had the most obviously fake orgasm I've ever encountered. I was honest with her about why, and told her that the most important thing to me in sex was knowing that she was legitimately enjoying it. She responded angrily with a complete denial of the faking. I don't know how to broach this subject and have an honest conversation. I think she will continue to lie to me about faking it which will cause our sex life to spiral further. Please help.","You are newly married, you Have a hectic schedule, your wife is on anti anxiety medication. What if you take the focus (hint: pressure) off of her orgasms and focus instead on connecting with one another. You know, like the gestures you each likely made while dating.  It turns out that these little moments of connection throughout our days are actually foreplay. Spend a few weeks making a real effort to focus on building up your little daily moments of connection, I wrote a post about this a while back, you can find it here: http://connectfulness.com/little-moments/ And have fun with it!"
We make love once per month. Is it normal?,"To begin with, what's normal for one couple isn't going to be normal for the next, every couple has their own normal and that's important to keep in mind. Your sexual lives will ebb and flow. What I'd be more curious about is the quality rather than the quantity of the sex you are having. I'd also want you both to refocus on building up your little daily moments of connection, I wrote a post about exactly that a while back and you can find it here."
"When having sex I think of other men and want other men all day long. Been married 3 years, together 14. What do you think?","Sustaining passion in marriage is tough stuff. It's a relatively modern dilemma you are facing with perhaps unrealistic expectations of what marriage ""should"" be. It sounds like your definitions of love and sexual passion have merged together, that's both common and confusing! Intimacy and sexuality within your marriage are bound to ebb and flow. Resparking your passion will involve growing. Using your sexual drama and fantasies as windows into discovering your needs (security) and wants (desires). Marriage is a people growing process; you mature into one another and to achieve fulfillment your continued development will be required."
I have this weird fetish that I'm afraid to open up about it. What should I do?,"This is difficult to answer because you don’t tell us what the fetish is.  I do understand that this is something that is bothering you though. The first thing to ask yourself is if this is something that is illegal or not.  If this is illegal to engage in, then you need to seek counseling help immediately to control the urges.However, if your fetish is not something illegal and you just feel that it is something odd, a therapist could still help you deal with these feelings.  You may find that it is something very common and not something to be ashamed of.  You may find other people have the same interest as you.  Find a therapist that you can trust and tell them.  Don’t hold back with your therapist.  Trust me, they have heard and seen it all by now, and they can help you either stop the behavior that is causing you distress, or help you come to terms with accepting the behavior as part of who you are.  There is no need to suffer with this alone."
My boyfriend can't get over my promiscuous past. He says he loves me but says the thought of my past is disgusting and a sexual distraction. He says he should have had more sex with different people. I don't know how to handle this.,"I am sorry to hear of your relationship struggles. One thing I wonder is did you volunteer the information about your past or is this something that he asked about? In the future, it is probably best to leave details out of conversations like this. I think it is common and natural for partners to ask about the sexual history. For one thing, it is a good idea to be checked for STD’s before entering into a sexual relationship with someone, and it is fair to share that information with each other. Partners usually want to know how many you have been with and what kind of sexual preferences you have or if there is anything you don’t like to do. This gets into a gray area for some people. I don’t necessarily want to know how many people my partner has been with and I certainly don’t want a whole lot of details. Sometimes that is an image I just don’t want in my head about my partner. Vague details are usually enough.However, I understand that your partner has the details and is not happy with your past. This is a reflection on him, not you. This shows insecurities on his part. You cannot control how he will react to information that you provide to him and you cannot control how he feels about the information. The past should remain in the past and not be held against you in the present or future. If he cannot handle your past then it is going to cloud your relationship. You can offer couples counseling to him and see if he will go with you. I have seen relationships recover from some very serious problems such as infidelity. It takes two people who both want it to work to make it work though. If your boyfriend cannot get over your past, you may have to let him go. Don’t keep yourself tied to someone who is not right for you. Constantly holding your past over your head and holding that against you is only going to bring you down and eventually you may start having insecurities or low self-esteem due to this type of treatment. I don’t see that you have done anything wrong. If you aren’t cheating on him now and you answered his questions about your past honestly, how he handles that information is on him. Ultimately, relationships have a tendency to come and go. Don’t fight to hold onto someone who is not right for you. It is okay to be single and enjoy being the best you that you can be. In time, the right person for you will enter your life."
"I have no sex drive due to medical issues. I’ve shut down completely and closed everyone out. I’ve even told my husband that I wanted a divorce since that’s what I thought he wanted to hear. However, it devastated me when I learned he's seeing someone else.
 I’ve since told him that I wanted to work things out but he’s not sure I actually mean it. He thinks the only reason I want him back is because I’m jealous. How do I show him I’m serious?","I’m sorry to hear about your current situation. My heart goes out to you during this time.First of all, it is of vital importance that you discuss your symptoms with your doctor. Regardless of whether you are able to mend your relationship with your husband, you need to address the physical issues you are experiencing. More than likely he/she will be able to help you relieve some of these symptoms.Secondly, you must be upfront and honest with your husband. Intimacy is a large part of a relationship and it is unfair to your husband that you did not disclose how you were feeling. I think he would appreciate knowing that it was your medical problems causing the lack of sexual desire as opposed to the reason being him.If you explain to him that you are addressing your sexual issues with your doctor in order to enhance your relationship, he may be more willing to see that you are serious in wanting to mend the relationship. The conversation will be hard to explain to your doctor and your husband since it is of such a personal nature but it will be extremely beneficial. And please note that the reason for the feelings you were experiencing (or lack thereof), was not your fault.Best of luck to you and your husband!"
