id,user1,bot1,user2,bot2
1,I think the TV is sending me messages.,I hear how intense this feels. These sensations can come from heightened stress. Let’s try to understand the situation better.,My routine has been disturbed.,Thank you for explaining. Let’s focus on one small step you can take to feel calmer right now.
2,I think the TV is sending me messages.,I hear how intense this feels. These sensations can come from heightened stress. Let’s try to understand the situation better.,I feel tense all day.,Lack of sleep can make these experiences stronger. Working on rest and grounding might help reduce this feeling.
3,I feel detached from reality.,"Thank you for sharing this. It’s a common experience in psychosis to feel watched or unsafe. You’re not alone, and we can unpack this together.",It gets worse at night.,Stress can amplify these perceptions. Let’s identify a coping strategy you can use right now.
4,Voices keep whispering my name.,I hear how intense this feels. These sensations can come from heightened stress. Let’s try to understand the situation better.,I feel unsafe when I'm alone.,Heightened anxiety can intensify these sensations. A grounding exercise might help bring clarity.
5,I feel like my family is hiding something.,"That sounds frightening. I’m here with you. These experiences can feel very real, especially during stress. Can we explore what was happening before this started?",I don’t know how to explain it.,Stress can amplify these perceptions. Let’s identify a coping strategy you can use right now.
6,My thoughts don’t feel private.,"That sounds frightening. I’m here with you. These experiences can feel very real, especially during stress. Can we explore what was happening before this started?",It becomes stronger when I'm anxious.,Lack of sleep can make these experiences stronger. Working on rest and grounding might help reduce this feeling.
7,I can’t trust my own thoughts.,I hear how intense this feels. These sensations can come from heightened stress. Let’s try to understand the situation better.,I don’t know how to explain it.,You’re not in danger at this moment. Let’s check the evidence together and see what supports your safety.
8,I feel like someone is watching me.,"That sounds frightening. I’m here with you. These experiences can feel very real, especially during stress. Can we explore what was happening before this started?",I feel overwhelmed.,Thank you for explaining. Let’s focus on one small step you can take to feel calmer right now.
9,I feel like someone is watching me.,It makes sense that this feels overwhelming. Sometimes the mind reacts this way when sleep or stress becomes difficult. Let’s look at what might be triggering this.,I feel overwhelmed.,You’re not in danger at this moment. Let’s check the evidence together and see what supports your safety.
10,I can’t focus; everything feels jumbled.,That sounds very distressing. Let’s take it step by step. What made you feel this way today?,I feel tense all day.,Heightened anxiety can intensify these sensations. A grounding exercise might help bring clarity.
11,My thoughts don’t feel private.,"Thank you for sharing this. It’s a common experience in psychosis to feel watched or unsafe. You’re not alone, and we can unpack this together.",I feel overwhelmed.,Thank you for explaining. Let’s focus on one small step you can take to feel calmer right now.
12,I feel detached from reality.,I hear how intense this feels. These sensations can come from heightened stress. Let’s try to understand the situation better.,I feel overwhelmed.,Stress can amplify these perceptions. Let’s identify a coping strategy you can use right now.
13,I’m scared someone is following me.,I hear how intense this feels. These sensations can come from heightened stress. Let’s try to understand the situation better.,It happens suddenly and scares me.,Lack of sleep can make these experiences stronger. Working on rest and grounding might help reduce this feeling.
14,I’m scared someone is following me.,"Thank you for sharing this. It’s a common experience in psychosis to feel watched or unsafe. You’re not alone, and we can unpack this together.",My routine has been disturbed.,Heightened anxiety can intensify these sensations. A grounding exercise might help bring clarity.
15,I can’t trust my own thoughts.,That sounds very distressing. Let’s take it step by step. What made you feel this way today?,I don’t know how to explain it.,Stress can amplify these perceptions. Let’s identify a coping strategy you can use right now.
16,I think the TV is sending me messages.,That sounds very distressing. Let’s take it step by step. What made you feel this way today?,I haven't slept properly for days.,Lack of sleep can make these experiences stronger. Working on rest and grounding might help reduce this feeling.
17,I feel like someone is watching me.,"That sounds frightening. I’m here with you. These experiences can feel very real, especially during stress. Can we explore what was happening before this started?",It gets worse at night.,Thank you for explaining. Let’s focus on one small step you can take to feel calmer right now.
18,I feel like my family is hiding something.,"That sounds frightening. I’m here with you. These experiences can feel very real, especially during stress. Can we explore what was happening before this started?",It started after a stressful week.,Thank you for explaining. Let’s focus on one small step you can take to feel calmer right now.
19,My thoughts don’t feel private.,It makes sense that this feels overwhelming. Sometimes the mind reacts this way when sleep or stress becomes difficult. Let’s look at what might be triggering this.,I feel unsafe when I'm alone.,Thank you for explaining. Let’s focus on one small step you can take to feel calmer right now.
20,I can’t focus; everything feels jumbled.,"That sounds frightening. I’m here with you. These experiences can feel very real, especially during stress. Can we explore what was happening before this started?",I haven't slept properly for days.,Lack of sleep can make these experiences stronger. Working on rest and grounding might help reduce this feeling.
21,I feel detached from reality.,That sounds very distressing. Let’s take it step by step. What made you feel this way today?,It started after a stressful week.,You’re not in danger at this moment. Let’s check the evidence together and see what supports your safety.
22,I feel like someone is watching me.,It makes sense that this feels overwhelming. Sometimes the mind reacts this way when sleep or stress becomes difficult. Let’s look at what might be triggering this.,It gets worse at night.,Lack of sleep can make these experiences stronger. Working on rest and grounding might help reduce this feeling.
23,My thoughts don’t feel private.,"Thank you for sharing this. It’s a common experience in psychosis to feel watched or unsafe. You’re not alone, and we can unpack this together.",My routine has been disturbed.,Lack of sleep can make these experiences stronger. Working on rest and grounding might help reduce this feeling.
24,I’m scared someone is following me.,"Thank you for sharing this. It’s a common experience in psychosis to feel watched or unsafe. You’re not alone, and we can unpack this together.",I feel unsafe when I'm alone.,You’re not in danger at this moment. Let’s check the evidence together and see what supports your safety.
25,I feel like someone is watching me.,It makes sense that this feels overwhelming. Sometimes the mind reacts this way when sleep or stress becomes difficult. Let’s look at what might be triggering this.,It gets worse at night.,Stress can amplify these perceptions. Let’s identify a coping strategy you can use right now.
26,I feel like my family is hiding something.,I hear how intense this feels. These sensations can come from heightened stress. Let’s try to understand the situation better.,It started after a stressful week.,Thank you for explaining. Let’s focus on one small step you can take to feel calmer right now.
27,I can’t trust my own thoughts.,"That sounds frightening. I’m here with you. These experiences can feel very real, especially during stress. Can we explore what was happening before this started?",It gets worse at night.,Stress can amplify these perceptions. Let’s identify a coping strategy you can use right now.
28,I’m scared someone is following me.,It makes sense that this feels overwhelming. Sometimes the mind reacts this way when sleep or stress becomes difficult. Let’s look at what might be triggering this.,I feel unsafe when I'm alone.,Thank you for explaining. Let’s focus on one small step you can take to feel calmer right now.
29,I can’t trust my own thoughts.,I hear how intense this feels. These sensations can come from heightened stress. Let’s try to understand the situation better.,It started after a stressful week.,You’re not in danger at this moment. Let’s check the evidence together and see what supports your safety.
30,I’m losing control of my mind.,I hear how intense this feels. These sensations can come from heightened stress. Let’s try to understand the situation better.,It becomes stronger when I'm anxious.,Stress can amplify these perceptions. Let’s identify a coping strategy you can use right now.
31,I can’t trust my own thoughts.,It makes sense that this feels overwhelming. Sometimes the mind reacts this way when sleep or stress becomes difficult. Let’s look at what might be triggering this.,I haven't slept properly for days.,Thank you for explaining. Let’s focus on one small step you can take to feel calmer right now.
32,My thoughts don’t feel private.,"Thank you for sharing this. It’s a common experience in psychosis to feel watched or unsafe. You’re not alone, and we can unpack this together.",It gets worse at night.,You’re not in danger at this moment. Let’s check the evidence together and see what supports your safety.
33,I can’t trust my own thoughts.,I hear how intense this feels. These sensations can come from heightened stress. Let’s try to understand the situation better.,It gets worse at night.,Stress can amplify these perceptions. Let’s identify a coping strategy you can use right now.
34,I’m scared someone is following me.,"That sounds frightening. I’m here with you. These experiences can feel very real, especially during stress. Can we explore what was happening before this started?",I feel tense all day.,Stress can amplify these perceptions. Let’s identify a coping strategy you can use right now.
35,I think the TV is sending me messages.,That sounds very distressing. Let’s take it step by step. What made you feel this way today?,I feel tense all day.,Thank you for explaining. Let’s focus on one small step you can take to feel calmer right now.
36,I feel detached from reality.,"Thank you for sharing this. It’s a common experience in psychosis to feel watched or unsafe. You’re not alone, and we can unpack this together.",It gets worse at night.,Thank you for explaining. Let’s focus on one small step you can take to feel calmer right now.
37,Voices keep whispering my name.,"That sounds frightening. I’m here with you. These experiences can feel very real, especially during stress. Can we explore what was happening before this started?",It happens suddenly and scares me.,Stress can amplify these perceptions. Let’s identify a coping strategy you can use right now.
38,I can’t focus; everything feels jumbled.,That sounds very distressing. Let’s take it step by step. What made you feel this way today?,It gets worse at night.,Stress can amplify these perceptions. Let’s identify a coping strategy you can use right now.
39,My thoughts don’t feel private.,I hear how intense this feels. These sensations can come from heightened stress. Let’s try to understand the situation better.,I feel tense all day.,Heightened anxiety can intensify these sensations. A grounding exercise might help bring clarity.
40,I can’t trust my own thoughts.,"That sounds frightening. I’m here with you. These experiences can feel very real, especially during stress. Can we explore what was happening before this started?",It becomes stronger when I'm anxious.,You’re not in danger at this moment. Let’s check the evidence together and see what supports your safety.
41,I feel detached from reality.,It makes sense that this feels overwhelming. Sometimes the mind reacts this way when sleep or stress becomes difficult. Let’s look at what might be triggering this.,My routine has been disturbed.,Thank you for explaining. Let’s focus on one small step you can take to feel calmer right now.
42,I feel like someone is watching me.,"Thank you for sharing this. It’s a common experience in psychosis to feel watched or unsafe. You’re not alone, and we can unpack this together.",I don’t know how to explain it.,Thank you for explaining. Let’s focus on one small step you can take to feel calmer right now.
43,I can’t focus; everything feels jumbled.,It makes sense that this feels overwhelming. Sometimes the mind reacts this way when sleep or stress becomes difficult. Let’s look at what might be triggering this.,I don’t know how to explain it.,You’re not in danger at this moment. Let’s check the evidence together and see what supports your safety.
44,Voices keep whispering my name.,"That sounds frightening. I’m here with you. These experiences can feel very real, especially during stress. Can we explore what was happening before this started?",I feel unsafe when I'm alone.,Thank you for explaining. Let’s focus on one small step you can take to feel calmer right now.
45,I feel like someone is watching me.,"That sounds frightening. I’m here with you. These experiences can feel very real, especially during stress. Can we explore what was happening before this started?",It becomes stronger when I'm anxious.,You’re not in danger at this moment. Let’s check the evidence together and see what supports your safety.
46,I feel like someone is watching me.,That sounds very distressing. Let’s take it step by step. What made you feel this way today?,It gets worse at night.,Heightened anxiety can intensify these sensations. A grounding exercise might help bring clarity.
47,I feel detached from reality.,I hear how intense this feels. These sensations can come from heightened stress. Let’s try to understand the situation better.,My routine has been disturbed.,Stress can amplify these perceptions. Let’s identify a coping strategy you can use right now.
48,My thoughts don’t feel private.,It makes sense that this feels overwhelming. Sometimes the mind reacts this way when sleep or stress becomes difficult. Let’s look at what might be triggering this.,I feel tense all day.,Heightened anxiety can intensify these sensations. A grounding exercise might help bring clarity.
49,I’m losing control of my mind.,That sounds very distressing. Let’s take it step by step. What made you feel this way today?,I feel unsafe when I'm alone.,You’re not in danger at this moment. Let’s check the evidence together and see what supports your safety.
50,Voices keep whispering my name.,It makes sense that this feels overwhelming. Sometimes the mind reacts this way when sleep or stress becomes difficult. Let’s look at what might be triggering this.,It happens suddenly and scares me.,You’re not in danger at this moment. Let’s check the evidence together and see what supports your safety.
51,Voices keep whispering my name.,I hear how intense this feels. These sensations can come from heightened stress. Let’s try to understand the situation better.,I feel overwhelmed.,Stress can amplify these perceptions. Let’s identify a coping strategy you can use right now.
52,I can’t focus; everything feels jumbled.,It makes sense that this feels overwhelming. Sometimes the mind reacts this way when sleep or stress becomes difficult. Let’s look at what might be triggering this.,It becomes stronger when I'm anxious.,You’re not in danger at this moment. Let’s check the evidence together and see what supports your safety.
53,I can’t focus; everything feels jumbled.,"That sounds frightening. I’m here with you. These experiences can feel very real, especially during stress. Can we explore what was happening before this started?",It happens suddenly and scares me.,Thank you for explaining. Let’s focus on one small step you can take to feel calmer right now.
54,My thoughts don’t feel private.,I hear how intense this feels. These sensations can come from heightened stress. Let’s try to understand the situation better.,It happens suddenly and scares me.,Heightened anxiety can intensify these sensations. A grounding exercise might help bring clarity.
55,I feel like my family is hiding something.,"That sounds frightening. I’m here with you. These experiences can feel very real, especially during stress. Can we explore what was happening before this started?",I feel overwhelmed.,Thank you for explaining. Let’s focus on one small step you can take to feel calmer right now.
56,I’m losing control of my mind.,"Thank you for sharing this. It’s a common experience in psychosis to feel watched or unsafe. You’re not alone, and we can unpack this together.",I don’t know how to explain it.,Stress can amplify these perceptions. Let’s identify a coping strategy you can use right now.
57,Voices keep whispering my name.,"That sounds frightening. I’m here with you. These experiences can feel very real, especially during stress. Can we explore what was happening before this started?",I feel unsafe when I'm alone.,You’re not in danger at this moment. Let’s check the evidence together and see what supports your safety.
58,I feel detached from reality.,I hear how intense this feels. These sensations can come from heightened stress. Let’s try to understand the situation better.,I don’t know how to explain it.,Heightened anxiety can intensify these sensations. A grounding exercise might help bring clarity.
59,I feel detached from reality.,I hear how intense this feels. These sensations can come from heightened stress. Let’s try to understand the situation better.,My routine has been disturbed.,Thank you for explaining. Let’s focus on one small step you can take to feel calmer right now.
60,Voices keep whispering my name.,It makes sense that this feels overwhelming. Sometimes the mind reacts this way when sleep or stress becomes difficult. Let’s look at what might be triggering this.,It becomes stronger when I'm anxious.,Thank you for explaining. Let’s focus on one small step you can take to feel calmer right now.
61,My thoughts don’t feel private.,It makes sense that this feels overwhelming. Sometimes the mind reacts this way when sleep or stress becomes difficult. Let’s look at what might be triggering this.,I feel unsafe when I'm alone.,Thank you for explaining. Let’s focus on one small step you can take to feel calmer right now.
62,I’m scared someone is following me.,That sounds very distressing. Let’s take it step by step. What made you feel this way today?,My routine has been disturbed.,You’re not in danger at this moment. Let’s check the evidence together and see what supports your safety.
63,Voices keep whispering my name.,I hear how intense this feels. These sensations can come from heightened stress. Let’s try to understand the situation better.,My routine has been disturbed.,Lack of sleep can make these experiences stronger. Working on rest and grounding might help reduce this feeling.
64,I can’t focus; everything feels jumbled.,"Thank you for sharing this. It’s a common experience in psychosis to feel watched or unsafe. You’re not alone, and we can unpack this together.",I feel tense all day.,Stress can amplify these perceptions. Let’s identify a coping strategy you can use right now.
65,My thoughts don’t feel private.,"That sounds frightening. I’m here with you. These experiences can feel very real, especially during stress. Can we explore what was happening before this started?",It gets worse at night.,Stress can amplify these perceptions. Let’s identify a coping strategy you can use right now.
66,I feel like someone is watching me.,"That sounds frightening. I’m here with you. These experiences can feel very real, especially during stress. Can we explore what was happening before this started?",I feel tense all day.,You’re not in danger at this moment. Let’s check the evidence together and see what supports your safety.
67,I can’t focus; everything feels jumbled.,I hear how intense this feels. These sensations can come from heightened stress. Let’s try to understand the situation better.,I feel tense all day.,Stress can amplify these perceptions. Let’s identify a coping strategy you can use right now.
68,I’m losing control of my mind.,I hear how intense this feels. These sensations can come from heightened stress. Let’s try to understand the situation better.,I feel unsafe when I'm alone.,You’re not in danger at this moment. Let’s check the evidence together and see what supports your safety.
69,I can’t focus; everything feels jumbled.,"Thank you for sharing this. It’s a common experience in psychosis to feel watched or unsafe. You’re not alone, and we can unpack this together.",I feel tense all day.,Heightened anxiety can intensify these sensations. A grounding exercise might help bring clarity.
70,Voices keep whispering my name.,It makes sense that this feels overwhelming. Sometimes the mind reacts this way when sleep or stress becomes difficult. Let’s look at what might be triggering this.,I feel overwhelmed.,Lack of sleep can make these experiences stronger. Working on rest and grounding might help reduce this feeling.
71,I feel detached from reality.,I hear how intense this feels. These sensations can come from heightened stress. Let’s try to understand the situation better.,I don’t know how to explain it.,Stress can amplify these perceptions. Let’s identify a coping strategy you can use right now.
72,I feel like my family is hiding something.,"That sounds frightening. I’m here with you. These experiences can feel very real, especially during stress. Can we explore what was happening before this started?",I feel tense all day.,Stress can amplify these perceptions. Let’s identify a coping strategy you can use right now.
73,I’m scared someone is following me.,"That sounds frightening. I’m here with you. These experiences can feel very real, especially during stress. Can we explore what was happening before this started?",I don’t know how to explain it.,Lack of sleep can make these experiences stronger. Working on rest and grounding might help reduce this feeling.
74,I’m scared someone is following me.,It makes sense that this feels overwhelming. Sometimes the mind reacts this way when sleep or stress becomes difficult. Let’s look at what might be triggering this.,It happens suddenly and scares me.,Thank you for explaining. Let’s focus on one small step you can take to feel calmer right now.
75,I can’t trust my own thoughts.,"That sounds frightening. I’m here with you. These experiences can feel very real, especially during stress. Can we explore what was happening before this started?",My routine has been disturbed.,Lack of sleep can make these experiences stronger. Working on rest and grounding might help reduce this feeling.
76,My thoughts don’t feel private.,It makes sense that this feels overwhelming. Sometimes the mind reacts this way when sleep or stress becomes difficult. Let’s look at what might be triggering this.,I feel overwhelmed.,You’re not in danger at this moment. Let’s check the evidence together and see what supports your safety.
77,I can’t trust my own thoughts.,It makes sense that this feels overwhelming. Sometimes the mind reacts this way when sleep or stress becomes difficult. Let’s look at what might be triggering this.,It started after a stressful week.,Lack of sleep can make these experiences stronger. Working on rest and grounding might help reduce this feeling.
78,My thoughts don’t feel private.,It makes sense that this feels overwhelming. Sometimes the mind reacts this way when sleep or stress becomes difficult. Let’s look at what might be triggering this.,I feel tense all day.,Heightened anxiety can intensify these sensations. A grounding exercise might help bring clarity.
79,I’m losing control of my mind.,"That sounds frightening. I’m here with you. These experiences can feel very real, especially during stress. Can we explore what was happening before this started?",I haven't slept properly for days.,You’re not in danger at this moment. Let’s check the evidence together and see what supports your safety.
80,I think the TV is sending me messages.,That sounds very distressing. Let’s take it step by step. What made you feel this way today?,I feel tense all day.,Thank you for explaining. Let’s focus on one small step you can take to feel calmer right now.
81,I can’t trust my own thoughts.,It makes sense that this feels overwhelming. Sometimes the mind reacts this way when sleep or stress becomes difficult. Let’s look at what might be triggering this.,It happens suddenly and scares me.,Thank you for explaining. Let’s focus on one small step you can take to feel calmer right now.
82,I think the TV is sending me messages.,I hear how intense this feels. These sensations can come from heightened stress. Let’s try to understand the situation better.,My routine has been disturbed.,Heightened anxiety can intensify these sensations. A grounding exercise might help bring clarity.
83,I think the TV is sending me messages.,"That sounds frightening. I’m here with you. These experiences can feel very real, especially during stress. Can we explore what was happening before this started?",I feel unsafe when I'm alone.,Stress can amplify these perceptions. Let’s identify a coping strategy you can use right now.
84,I can’t trust my own thoughts.,It makes sense that this feels overwhelming. Sometimes the mind reacts this way when sleep or stress becomes difficult. Let’s look at what might be triggering this.,It gets worse at night.,Lack of sleep can make these experiences stronger. Working on rest and grounding might help reduce this feeling.
85,Voices keep whispering my name.,It makes sense that this feels overwhelming. Sometimes the mind reacts this way when sleep or stress becomes difficult. Let’s look at what might be triggering this.,It gets worse at night.,You’re not in danger at this moment. Let’s check the evidence together and see what supports your safety.
86,My thoughts don’t feel private.,I hear how intense this feels. These sensations can come from heightened stress. Let’s try to understand the situation better.,My routine has been disturbed.,Stress can amplify these perceptions. Let’s identify a coping strategy you can use right now.
87,I can’t trust my own thoughts.,That sounds very distressing. Let’s take it step by step. What made you feel this way today?,I feel overwhelmed.,Heightened anxiety can intensify these sensations. A grounding exercise might help bring clarity.
88,I feel like someone is watching me.,"Thank you for sharing this. It’s a common experience in psychosis to feel watched or unsafe. You’re not alone, and we can unpack this together.",I haven't slept properly for days.,Stress can amplify these perceptions. Let’s identify a coping strategy you can use right now.
89,My thoughts don’t feel private.,"That sounds frightening. I’m here with you. These experiences can feel very real, especially during stress. Can we explore what was happening before this started?",I feel tense all day.,Heightened anxiety can intensify these sensations. A grounding exercise might help bring clarity.
90,I think the TV is sending me messages.,I hear how intense this feels. These sensations can come from heightened stress. Let’s try to understand the situation better.,I feel overwhelmed.,Stress can amplify these perceptions. Let’s identify a coping strategy you can use right now.
91,I feel like someone is watching me.,"That sounds frightening. I’m here with you. These experiences can feel very real, especially during stress. Can we explore what was happening before this started?",It gets worse at night.,You’re not in danger at this moment. Let’s check the evidence together and see what supports your safety.
92,I think the TV is sending me messages.,"That sounds frightening. I’m here with you. These experiences can feel very real, especially during stress. Can we explore what was happening before this started?",It started after a stressful week.,You’re not in danger at this moment. Let’s check the evidence together and see what supports your safety.
93,Voices keep whispering my name.,"That sounds frightening. I’m here with you. These experiences can feel very real, especially during stress. Can we explore what was happening before this started?",It becomes stronger when I'm anxious.,Thank you for explaining. Let’s focus on one small step you can take to feel calmer right now.
94,I’m scared someone is following me.,I hear how intense this feels. These sensations can come from heightened stress. Let’s try to understand the situation better.,It started after a stressful week.,Thank you for explaining. Let’s focus on one small step you can take to feel calmer right now.
95,I think the TV is sending me messages.,That sounds very distressing. Let’s take it step by step. What made you feel this way today?,It becomes stronger when I'm anxious.,Heightened anxiety can intensify these sensations. A grounding exercise might help bring clarity.
96,I can’t trust my own thoughts.,"That sounds frightening. I’m here with you. These experiences can feel very real, especially during stress. Can we explore what was happening before this started?",My routine has been disturbed.,Stress can amplify these perceptions. Let’s identify a coping strategy you can use right now.
97,I feel like someone is watching me.,I hear how intense this feels. These sensations can come from heightened stress. Let’s try to understand the situation better.,I feel tense all day.,Heightened anxiety can intensify these sensations. A grounding exercise might help bring clarity.
98,My thoughts don’t feel private.,"That sounds frightening. I’m here with you. These experiences can feel very real, especially during stress. Can we explore what was happening before this started?",I feel unsafe when I'm alone.,Heightened anxiety can intensify these sensations. A grounding exercise might help bring clarity.
99,I can’t trust my own thoughts.,I hear how intense this feels. These sensations can come from heightened stress. Let’s try to understand the situation better.,It happens suddenly and scares me.,Thank you for explaining. Let’s focus on one small step you can take to feel calmer right now.
100,I feel like someone is watching me.,"That sounds frightening. I’m here with you. These experiences can feel very real, especially during stress. Can we explore what was happening before this started?",I haven't slept properly for days.,Heightened anxiety can intensify these sensations. A grounding exercise might help bring clarity.
101,I feel like someone is watching me.,I hear how intense this feels. These sensations can come from heightened stress. Let’s try to understand the situation better.,I don’t know how to explain it.,Heightened anxiety can intensify these sensations. A grounding exercise might help bring clarity.
102,I feel like someone is watching me.,It makes sense that this feels overwhelming. Sometimes the mind reacts this way when sleep or stress becomes difficult. Let’s look at what might be triggering this.,I don’t know how to explain it.,Lack of sleep can make these experiences stronger. Working on rest and grounding might help reduce this feeling.
103,I can’t focus; everything feels jumbled.,"That sounds frightening. I’m here with you. These experiences can feel very real, especially during stress. Can we explore what was happening before this started?",I feel tense all day.,Thank you for explaining. Let’s focus on one small step you can take to feel calmer right now.
104,I feel like my family is hiding something.,"That sounds frightening. I’m here with you. These experiences can feel very real, especially during stress. Can we explore what was happening before this started?",It gets worse at night.,Thank you for explaining. Let’s focus on one small step you can take to feel calmer right now.
105,I’m losing control of my mind.,"Thank you for sharing this. It’s a common experience in psychosis to feel watched or unsafe. You’re not alone, and we can unpack this together.",My routine has been disturbed.,Thank you for explaining. Let’s focus on one small step you can take to feel calmer right now.
106,I think the TV is sending me messages.,I hear how intense this feels. These sensations can come from heightened stress. Let’s try to understand the situation better.,I feel overwhelmed.,Thank you for explaining. Let’s focus on one small step you can take to feel calmer right now.
107,My thoughts don’t feel private.,"Thank you for sharing this. It’s a common experience in psychosis to feel watched or unsafe. You’re not alone, and we can unpack this together.",It started after a stressful week.,Lack of sleep can make these experiences stronger. Working on rest and grounding might help reduce this feeling.
108,I’m scared someone is following me.,"Thank you for sharing this. It’s a common experience in psychosis to feel watched or unsafe. You’re not alone, and we can unpack this together.",I don’t know how to explain it.,Thank you for explaining. Let’s focus on one small step you can take to feel calmer right now.
109,I can’t trust my own thoughts.,I hear how intense this feels. These sensations can come from heightened stress. Let’s try to understand the situation better.,I feel unsafe when I'm alone.,Stress can amplify these perceptions. Let’s identify a coping strategy you can use right now.
110,I feel detached from reality.,"That sounds frightening. I’m here with you. These experiences can feel very real, especially during stress. Can we explore what was happening before this started?",I feel overwhelmed.,Heightened anxiety can intensify these sensations. A grounding exercise might help bring clarity.
111,Voices keep whispering my name.,I hear how intense this feels. These sensations can come from heightened stress. Let’s try to understand the situation better.,I feel tense all day.,You’re not in danger at this moment. Let’s check the evidence together and see what supports your safety.
112,I can’t trust my own thoughts.,That sounds very distressing. Let’s take it step by step. What made you feel this way today?,It started after a stressful week.,Heightened anxiety can intensify these sensations. A grounding exercise might help bring clarity.
113,I’m scared someone is following me.,It makes sense that this feels overwhelming. Sometimes the mind reacts this way when sleep or stress becomes difficult. Let’s look at what might be triggering this.,It started after a stressful week.,You’re not in danger at this moment. Let’s check the evidence together and see what supports your safety.
114,I think the TV is sending me messages.,"Thank you for sharing this. It’s a common experience in psychosis to feel watched or unsafe. You’re not alone, and we can unpack this together.",I don’t know how to explain it.,Thank you for explaining. Let’s focus on one small step you can take to feel calmer right now.
115,I can’t trust my own thoughts.,It makes sense that this feels overwhelming. Sometimes the mind reacts this way when sleep or stress becomes difficult. Let’s look at what might be triggering this.,It started after a stressful week.,Stress can amplify these perceptions. Let’s identify a coping strategy you can use right now.
116,I’m losing control of my mind.,"That sounds frightening. I’m here with you. These experiences can feel very real, especially during stress. Can we explore what was happening before this started?",I haven't slept properly for days.,Stress can amplify these perceptions. Let’s identify a coping strategy you can use right now.
117,I’m losing control of my mind.,That sounds very distressing. Let’s take it step by step. What made you feel this way today?,I feel tense all day.,Thank you for explaining. Let’s focus on one small step you can take to feel calmer right now.
118,I feel like someone is watching me.,I hear how intense this feels. These sensations can come from heightened stress. Let’s try to understand the situation better.,I don’t know how to explain it.,You’re not in danger at this moment. Let’s check the evidence together and see what supports your safety.
119,I feel like someone is watching me.,I hear how intense this feels. These sensations can come from heightened stress. Let’s try to understand the situation better.,I feel overwhelmed.,Lack of sleep can make these experiences stronger. Working on rest and grounding might help reduce this feeling.
120,I can’t focus; everything feels jumbled.,That sounds very distressing. Let’s take it step by step. What made you feel this way today?,It happens suddenly and scares me.,Stress can amplify these perceptions. Let’s identify a coping strategy you can use right now.
121,I can’t focus; everything feels jumbled.,It makes sense that this feels overwhelming. Sometimes the mind reacts this way when sleep or stress becomes difficult. Let’s look at what might be triggering this.,I feel overwhelmed.,Thank you for explaining. Let’s focus on one small step you can take to feel calmer right now.
122,I’m losing control of my mind.,"That sounds frightening. I’m here with you. These experiences can feel very real, especially during stress. Can we explore what was happening before this started?",It gets worse at night.,Lack of sleep can make these experiences stronger. Working on rest and grounding might help reduce this feeling.
123,I feel like someone is watching me.,I hear how intense this feels. These sensations can come from heightened stress. Let’s try to understand the situation better.,It started after a stressful week.,Thank you for explaining. Let’s focus on one small step you can take to feel calmer right now.
124,Voices keep whispering my name.,"That sounds frightening. I’m here with you. These experiences can feel very real, especially during stress. Can we explore what was happening before this started?",I haven't slept properly for days.,Thank you for explaining. Let’s focus on one small step you can take to feel calmer right now.
125,I’m scared someone is following me.,It makes sense that this feels overwhelming. Sometimes the mind reacts this way when sleep or stress becomes difficult. Let’s look at what might be triggering this.,I feel overwhelmed.,Lack of sleep can make these experiences stronger. Working on rest and grounding might help reduce this feeling.
126,I feel like my family is hiding something.,"That sounds frightening. I’m here with you. These experiences can feel very real, especially during stress. Can we explore what was happening before this started?",I feel overwhelmed.,Lack of sleep can make these experiences stronger. Working on rest and grounding might help reduce this feeling.
127,I’m scared someone is following me.,"That sounds frightening. I’m here with you. These experiences can feel very real, especially during stress. Can we explore what was happening before this started?",My routine has been disturbed.,Heightened anxiety can intensify these sensations. A grounding exercise might help bring clarity.
128,I can’t focus; everything feels jumbled.,I hear how intense this feels. These sensations can come from heightened stress. Let’s try to understand the situation better.,I feel tense all day.,You’re not in danger at this moment. Let’s check the evidence together and see what supports your safety.
129,I think the TV is sending me messages.,"That sounds frightening. I’m here with you. These experiences can feel very real, especially during stress. Can we explore what was happening before this started?",It becomes stronger when I'm anxious.,Thank you for explaining. Let’s focus on one small step you can take to feel calmer right now.
130,I feel like my family is hiding something.,"That sounds frightening. I’m here with you. These experiences can feel very real, especially during stress. Can we explore what was happening before this started?",My routine has been disturbed.,Lack of sleep can make these experiences stronger. Working on rest and grounding might help reduce this feeling.
131,I feel like someone is watching me.,It makes sense that this feels overwhelming. Sometimes the mind reacts this way when sleep or stress becomes difficult. Let’s look at what might be triggering this.,I don’t know how to explain it.,You’re not in danger at this moment. Let’s check the evidence together and see what supports your safety.
132,I feel detached from reality.,That sounds very distressing. Let’s take it step by step. What made you feel this way today?,It started after a stressful week.,Thank you for explaining. Let’s focus on one small step you can take to feel calmer right now.
133,I can’t trust my own thoughts.,"Thank you for sharing this. It’s a common experience in psychosis to feel watched or unsafe. You’re not alone, and we can unpack this together.",My routine has been disturbed.,Lack of sleep can make these experiences stronger. Working on rest and grounding might help reduce this feeling.
134,I feel like my family is hiding something.,I hear how intense this feels. These sensations can come from heightened stress. Let’s try to understand the situation better.,I don’t know how to explain it.,Stress can amplify these perceptions. Let’s identify a coping strategy you can use right now.
135,I think the TV is sending me messages.,"Thank you for sharing this. It’s a common experience in psychosis to feel watched or unsafe. You’re not alone, and we can unpack this together.",I feel tense all day.,Heightened anxiety can intensify these sensations. A grounding exercise might help bring clarity.
136,My thoughts don’t feel private.,It makes sense that this feels overwhelming. Sometimes the mind reacts this way when sleep or stress becomes difficult. Let’s look at what might be triggering this.,It gets worse at night.,Lack of sleep can make these experiences stronger. Working on rest and grounding might help reduce this feeling.
137,I can’t focus; everything feels jumbled.,It makes sense that this feels overwhelming. Sometimes the mind reacts this way when sleep or stress becomes difficult. Let’s look at what might be triggering this.,I feel overwhelmed.,Lack of sleep can make these experiences stronger. Working on rest and grounding might help reduce this feeling.
138,I can’t trust my own thoughts.,"Thank you for sharing this. It’s a common experience in psychosis to feel watched or unsafe. You’re not alone, and we can unpack this together.",My routine has been disturbed.,Lack of sleep can make these experiences stronger. Working on rest and grounding might help reduce this feeling.
139,Voices keep whispering my name.,"That sounds frightening. I’m here with you. These experiences can feel very real, especially during stress. Can we explore what was happening before this started?",My routine has been disturbed.,You’re not in danger at this moment. Let’s check the evidence together and see what supports your safety.
140,Voices keep whispering my name.,"Thank you for sharing this. It’s a common experience in psychosis to feel watched or unsafe. You’re not alone, and we can unpack this together.",My routine has been disturbed.,Thank you for explaining. Let’s focus on one small step you can take to feel calmer right now.
141,I feel like someone is watching me.,I hear how intense this feels. These sensations can come from heightened stress. Let’s try to understand the situation better.,I feel unsafe when I'm alone.,Stress can amplify these perceptions. Let’s identify a coping strategy you can use right now.
142,I can’t trust my own thoughts.,That sounds very distressing. Let’s take it step by step. What made you feel this way today?,My routine has been disturbed.,Stress can amplify these perceptions. Let’s identify a coping strategy you can use right now.
143,My thoughts don’t feel private.,That sounds very distressing. Let’s take it step by step. What made you feel this way today?,It gets worse at night.,Heightened anxiety can intensify these sensations. A grounding exercise might help bring clarity.
144,I feel detached from reality.,"Thank you for sharing this. It’s a common experience in psychosis to feel watched or unsafe. You’re not alone, and we can unpack this together.",I feel overwhelmed.,You’re not in danger at this moment. Let’s check the evidence together and see what supports your safety.
145,I’m scared someone is following me.,That sounds very distressing. Let’s take it step by step. What made you feel this way today?,I haven't slept properly for days.,Thank you for explaining. Let’s focus on one small step you can take to feel calmer right now.
146,I feel like my family is hiding something.,"Thank you for sharing this. It’s a common experience in psychosis to feel watched or unsafe. You’re not alone, and we can unpack this together.",It gets worse at night.,Thank you for explaining. Let’s focus on one small step you can take to feel calmer right now.
147,I’m losing control of my mind.,It makes sense that this feels overwhelming. Sometimes the mind reacts this way when sleep or stress becomes difficult. Let’s look at what might be triggering this.,I feel tense all day.,Thank you for explaining. Let’s focus on one small step you can take to feel calmer right now.
148,I feel detached from reality.,I hear how intense this feels. These sensations can come from heightened stress. Let’s try to understand the situation better.,It happens suddenly and scares me.,Stress can amplify these perceptions. Let’s identify a coping strategy you can use right now.
149,Voices keep whispering my name.,"Thank you for sharing this. It’s a common experience in psychosis to feel watched or unsafe. You’re not alone, and we can unpack this together.",It becomes stronger when I'm anxious.,You’re not in danger at this moment. Let’s check the evidence together and see what supports your safety.
150,My thoughts don’t feel private.,That sounds very distressing. Let’s take it step by step. What made you feel this way today?,My routine has been disturbed.,Heightened anxiety can intensify these sensations. A grounding exercise might help bring clarity.
151,I feel detached from reality.,"Thank you for sharing this. It’s a common experience in psychosis to feel watched or unsafe. You’re not alone, and we can unpack this together.",It started after a stressful week.,Thank you for explaining. Let’s focus on one small step you can take to feel calmer right now.
152,I feel detached from reality.,That sounds very distressing. Let’s take it step by step. What made you feel this way today?,It gets worse at night.,You’re not in danger at this moment. Let’s check the evidence together and see what supports your safety.
153,I feel like my family is hiding something.,That sounds very distressing. Let’s take it step by step. What made you feel this way today?,It happens suddenly and scares me.,You’re not in danger at this moment. Let’s check the evidence together and see what supports your safety.
154,I feel like someone is watching me.,I hear how intense this feels. These sensations can come from heightened stress. Let’s try to understand the situation better.,My routine has been disturbed.,Thank you for explaining. Let’s focus on one small step you can take to feel calmer right now.
155,I feel like someone is watching me.,That sounds very distressing. Let’s take it step by step. What made you feel this way today?,It gets worse at night.,You’re not in danger at this moment. Let’s check the evidence together and see what supports your safety.
156,Voices keep whispering my name.,That sounds very distressing. Let’s take it step by step. What made you feel this way today?,It gets worse at night.,You’re not in danger at this moment. Let’s check the evidence together and see what supports your safety.
157,My thoughts don’t feel private.,"That sounds frightening. I’m here with you. These experiences can feel very real, especially during stress. Can we explore what was happening before this started?",It started after a stressful week.,You’re not in danger at this moment. Let’s check the evidence together and see what supports your safety.
158,I think the TV is sending me messages.,"Thank you for sharing this. It’s a common experience in psychosis to feel watched or unsafe. You’re not alone, and we can unpack this together.",It gets worse at night.,Stress can amplify these perceptions. Let’s identify a coping strategy you can use right now.
159,I feel like someone is watching me.,It makes sense that this feels overwhelming. Sometimes the mind reacts this way when sleep or stress becomes difficult. Let’s look at what might be triggering this.,I feel unsafe when I'm alone.,Heightened anxiety can intensify these sensations. A grounding exercise might help bring clarity.
160,I feel detached from reality.,"Thank you for sharing this. It’s a common experience in psychosis to feel watched or unsafe. You’re not alone, and we can unpack this together.",I haven't slept properly for days.,Thank you for explaining. Let’s focus on one small step you can take to feel calmer right now.
161,My thoughts don’t feel private.,It makes sense that this feels overwhelming. Sometimes the mind reacts this way when sleep or stress becomes difficult. Let’s look at what might be triggering this.,My routine has been disturbed.,Lack of sleep can make these experiences stronger. Working on rest and grounding might help reduce this feeling.
162,Voices keep whispering my name.,It makes sense that this feels overwhelming. Sometimes the mind reacts this way when sleep or stress becomes difficult. Let’s look at what might be triggering this.,I haven't slept properly for days.,Thank you for explaining. Let’s focus on one small step you can take to feel calmer right now.
163,I can’t trust my own thoughts.,That sounds very distressing. Let’s take it step by step. What made you feel this way today?,It becomes stronger when I'm anxious.,Heightened anxiety can intensify these sensations. A grounding exercise might help bring clarity.
164,I can’t focus; everything feels jumbled.,I hear how intense this feels. These sensations can come from heightened stress. Let’s try to understand the situation better.,It happens suddenly and scares me.,Heightened anxiety can intensify these sensations. A grounding exercise might help bring clarity.
165,Voices keep whispering my name.,It makes sense that this feels overwhelming. Sometimes the mind reacts this way when sleep or stress becomes difficult. Let’s look at what might be triggering this.,I feel unsafe when I'm alone.,Heightened anxiety can intensify these sensations. A grounding exercise might help bring clarity.
166,I’m losing control of my mind.,I hear how intense this feels. These sensations can come from heightened stress. Let’s try to understand the situation better.,I feel tense all day.,Thank you for explaining. Let’s focus on one small step you can take to feel calmer right now.
167,I can’t trust my own thoughts.,"Thank you for sharing this. It’s a common experience in psychosis to feel watched or unsafe. You’re not alone, and we can unpack this together.",It gets worse at night.,Thank you for explaining. Let’s focus on one small step you can take to feel calmer right now.
168,I can’t trust my own thoughts.,I hear how intense this feels. These sensations can come from heightened stress. Let’s try to understand the situation better.,It gets worse at night.,Lack of sleep can make these experiences stronger. Working on rest and grounding might help reduce this feeling.
169,I can’t focus; everything feels jumbled.,That sounds very distressing. Let’s take it step by step. What made you feel this way today?,My routine has been disturbed.,Lack of sleep can make these experiences stronger. Working on rest and grounding might help reduce this feeling.
170,I feel detached from reality.,It makes sense that this feels overwhelming. Sometimes the mind reacts this way when sleep or stress becomes difficult. Let’s look at what might be triggering this.,It happens suddenly and scares me.,You’re not in danger at this moment. Let’s check the evidence together and see what supports your safety.
171,My thoughts don’t feel private.,It makes sense that this feels overwhelming. Sometimes the mind reacts this way when sleep or stress becomes difficult. Let’s look at what might be triggering this.,I feel tense all day.,Stress can amplify these perceptions. Let’s identify a coping strategy you can use right now.
172,I think the TV is sending me messages.,"Thank you for sharing this. It’s a common experience in psychosis to feel watched or unsafe. You’re not alone, and we can unpack this together.",It happens suddenly and scares me.,Thank you for explaining. Let’s focus on one small step you can take to feel calmer right now.
173,I’m scared someone is following me.,"Thank you for sharing this. It’s a common experience in psychosis to feel watched or unsafe. You’re not alone, and we can unpack this together.",I feel overwhelmed.,Lack of sleep can make these experiences stronger. Working on rest and grounding might help reduce this feeling.
174,I’m scared someone is following me.,"Thank you for sharing this. It’s a common experience in psychosis to feel watched or unsafe. You’re not alone, and we can unpack this together.",I feel tense all day.,Thank you for explaining. Let’s focus on one small step you can take to feel calmer right now.
175,I feel detached from reality.,"Thank you for sharing this. It’s a common experience in psychosis to feel watched or unsafe. You’re not alone, and we can unpack this together.",I feel tense all day.,You’re not in danger at this moment. Let’s check the evidence together and see what supports your safety.
176,I can’t focus; everything feels jumbled.,"That sounds frightening. I’m here with you. These experiences can feel very real, especially during stress. Can we explore what was happening before this started?",My routine has been disturbed.,Thank you for explaining. Let’s focus on one small step you can take to feel calmer right now.
177,I feel like someone is watching me.,I hear how intense this feels. These sensations can come from heightened stress. Let’s try to understand the situation better.,My routine has been disturbed.,Lack of sleep can make these experiences stronger. Working on rest and grounding might help reduce this feeling.
178,I think the TV is sending me messages.,It makes sense that this feels overwhelming. Sometimes the mind reacts this way when sleep or stress becomes difficult. Let’s look at what might be triggering this.,I feel tense all day.,Stress can amplify these perceptions. Let’s identify a coping strategy you can use right now.
179,I’m scared someone is following me.,That sounds very distressing. Let’s take it step by step. What made you feel this way today?,My routine has been disturbed.,You’re not in danger at this moment. Let’s check the evidence together and see what supports your safety.
180,Voices keep whispering my name.,I hear how intense this feels. These sensations can come from heightened stress. Let’s try to understand the situation better.,I haven't slept properly for days.,You’re not in danger at this moment. Let’s check the evidence together and see what supports your safety.
181,I think the TV is sending me messages.,It makes sense that this feels overwhelming. Sometimes the mind reacts this way when sleep or stress becomes difficult. Let’s look at what might be triggering this.,I feel tense all day.,Lack of sleep can make these experiences stronger. Working on rest and grounding might help reduce this feeling.
182,Voices keep whispering my name.,I hear how intense this feels. These sensations can come from heightened stress. Let’s try to understand the situation better.,It gets worse at night.,Lack of sleep can make these experiences stronger. Working on rest and grounding might help reduce this feeling.
183,I think the TV is sending me messages.,I hear how intense this feels. These sensations can come from heightened stress. Let’s try to understand the situation better.,I feel tense all day.,Stress can amplify these perceptions. Let’s identify a coping strategy you can use right now.
184,My thoughts don’t feel private.,I hear how intense this feels. These sensations can come from heightened stress. Let’s try to understand the situation better.,My routine has been disturbed.,You’re not in danger at this moment. Let’s check the evidence together and see what supports your safety.
185,I think the TV is sending me messages.,I hear how intense this feels. These sensations can come from heightened stress. Let’s try to understand the situation better.,I feel overwhelmed.,You’re not in danger at this moment. Let’s check the evidence together and see what supports your safety.
186,I’m scared someone is following me.,That sounds very distressing. Let’s take it step by step. What made you feel this way today?,I don’t know how to explain it.,Heightened anxiety can intensify these sensations. A grounding exercise might help bring clarity.
187,Voices keep whispering my name.,I hear how intense this feels. These sensations can come from heightened stress. Let’s try to understand the situation better.,I feel unsafe when I'm alone.,Lack of sleep can make these experiences stronger. Working on rest and grounding might help reduce this feeling.
188,I feel detached from reality.,I hear how intense this feels. These sensations can come from heightened stress. Let’s try to understand the situation better.,I feel overwhelmed.,Heightened anxiety can intensify these sensations. A grounding exercise might help bring clarity.
189,I feel like someone is watching me.,I hear how intense this feels. These sensations can come from heightened stress. Let’s try to understand the situation better.,It becomes stronger when I'm anxious.,Stress can amplify these perceptions. Let’s identify a coping strategy you can use right now.
190,I think the TV is sending me messages.,"Thank you for sharing this. It’s a common experience in psychosis to feel watched or unsafe. You’re not alone, and we can unpack this together.",It started after a stressful week.,Heightened anxiety can intensify these sensations. A grounding exercise might help bring clarity.
191,I feel like someone is watching me.,"That sounds frightening. I’m here with you. These experiences can feel very real, especially during stress. Can we explore what was happening before this started?",I feel unsafe when I'm alone.,You’re not in danger at this moment. Let’s check the evidence together and see what supports your safety.
192,I feel like someone is watching me.,It makes sense that this feels overwhelming. Sometimes the mind reacts this way when sleep or stress becomes difficult. Let’s look at what might be triggering this.,I don’t know how to explain it.,Lack of sleep can make these experiences stronger. Working on rest and grounding might help reduce this feeling.
193,I’m losing control of my mind.,"Thank you for sharing this. It’s a common experience in psychosis to feel watched or unsafe. You’re not alone, and we can unpack this together.",I feel unsafe when I'm alone.,Thank you for explaining. Let’s focus on one small step you can take to feel calmer right now.
194,I can’t trust my own thoughts.,It makes sense that this feels overwhelming. Sometimes the mind reacts this way when sleep or stress becomes difficult. Let’s look at what might be triggering this.,I feel unsafe when I'm alone.,You’re not in danger at this moment. Let’s check the evidence together and see what supports your safety.
195,Voices keep whispering my name.,I hear how intense this feels. These sensations can come from heightened stress. Let’s try to understand the situation better.,It happens suddenly and scares me.,You’re not in danger at this moment. Let’s check the evidence together and see what supports your safety.
196,I feel like my family is hiding something.,That sounds very distressing. Let’s take it step by step. What made you feel this way today?,I haven't slept properly for days.,You’re not in danger at this moment. Let’s check the evidence together and see what supports your safety.
197,Voices keep whispering my name.,It makes sense that this feels overwhelming. Sometimes the mind reacts this way when sleep or stress becomes difficult. Let’s look at what might be triggering this.,I feel unsafe when I'm alone.,You’re not in danger at this moment. Let’s check the evidence together and see what supports your safety.
198,I can’t focus; everything feels jumbled.,That sounds very distressing. Let’s take it step by step. What made you feel this way today?,It started after a stressful week.,Heightened anxiety can intensify these sensations. A grounding exercise might help bring clarity.
199,Voices keep whispering my name.,It makes sense that this feels overwhelming. Sometimes the mind reacts this way when sleep or stress becomes difficult. Let’s look at what might be triggering this.,I haven't slept properly for days.,You’re not in danger at this moment. Let’s check the evidence together and see what supports your safety.
200,I’m scared someone is following me.,I hear how intense this feels. These sensations can come from heightened stress. Let’s try to understand the situation better.,I feel unsafe when I'm alone.,Lack of sleep can make these experiences stronger. Working on rest and grounding might help reduce this feeling.
201,I’m scared someone is following me.,"Thank you for sharing this. It’s a common experience in psychosis to feel watched or unsafe. You’re not alone, and we can unpack this together.",I feel unsafe when I'm alone.,Thank you for explaining. Let’s focus on one small step you can take to feel calmer right now.
202,Voices keep whispering my name.,It makes sense that this feels overwhelming. Sometimes the mind reacts this way when sleep or stress becomes difficult. Let’s look at what might be triggering this.,I feel unsafe when I'm alone.,You’re not in danger at this moment. Let’s check the evidence together and see what supports your safety.
203,My thoughts don’t feel private.,"Thank you for sharing this. It’s a common experience in psychosis to feel watched or unsafe. You’re not alone, and we can unpack this together.",I feel overwhelmed.,Heightened anxiety can intensify these sensations. A grounding exercise might help bring clarity.
204,I’m scared someone is following me.,That sounds very distressing. Let’s take it step by step. What made you feel this way today?,I don’t know how to explain it.,Heightened anxiety can intensify these sensations. A grounding exercise might help bring clarity.
205,I’m losing control of my mind.,I hear how intense this feels. These sensations can come from heightened stress. Let’s try to understand the situation better.,I haven't slept properly for days.,Stress can amplify these perceptions. Let’s identify a coping strategy you can use right now.
206,I think the TV is sending me messages.,I hear how intense this feels. These sensations can come from heightened stress. Let’s try to understand the situation better.,I don’t know how to explain it.,You’re not in danger at this moment. Let’s check the evidence together and see what supports your safety.
207,Voices keep whispering my name.,"Thank you for sharing this. It’s a common experience in psychosis to feel watched or unsafe. You’re not alone, and we can unpack this together.",It becomes stronger when I'm anxious.,Lack of sleep can make these experiences stronger. Working on rest and grounding might help reduce this feeling.
208,I feel detached from reality.,"Thank you for sharing this. It’s a common experience in psychosis to feel watched or unsafe. You’re not alone, and we can unpack this together.",I feel unsafe when I'm alone.,You’re not in danger at this moment. Let’s check the evidence together and see what supports your safety.
209,I’m losing control of my mind.,That sounds very distressing. Let’s take it step by step. What made you feel this way today?,It happens suddenly and scares me.,Lack of sleep can make these experiences stronger. Working on rest and grounding might help reduce this feeling.
210,My thoughts don’t feel private.,That sounds very distressing. Let’s take it step by step. What made you feel this way today?,My routine has been disturbed.,Stress can amplify these perceptions. Let’s identify a coping strategy you can use right now.
211,I think the TV is sending me messages.,It makes sense that this feels overwhelming. Sometimes the mind reacts this way when sleep or stress becomes difficult. Let’s look at what might be triggering this.,I haven't slept properly for days.,Stress can amplify these perceptions. Let’s identify a coping strategy you can use right now.
212,I feel detached from reality.,It makes sense that this feels overwhelming. Sometimes the mind reacts this way when sleep or stress becomes difficult. Let’s look at what might be triggering this.,I feel overwhelmed.,Heightened anxiety can intensify these sensations. A grounding exercise might help bring clarity.
213,Voices keep whispering my name.,That sounds very distressing. Let’s take it step by step. What made you feel this way today?,I feel overwhelmed.,You’re not in danger at this moment. Let’s check the evidence together and see what supports your safety.
214,I feel like my family is hiding something.,"Thank you for sharing this. It’s a common experience in psychosis to feel watched or unsafe. You’re not alone, and we can unpack this together.",I don’t know how to explain it.,Stress can amplify these perceptions. Let’s identify a coping strategy you can use right now.
215,I can’t trust my own thoughts.,"Thank you for sharing this. It’s a common experience in psychosis to feel watched or unsafe. You’re not alone, and we can unpack this together.",I feel tense all day.,You’re not in danger at this moment. Let’s check the evidence together and see what supports your safety.
216,I feel like my family is hiding something.,"That sounds frightening. I’m here with you. These experiences can feel very real, especially during stress. Can we explore what was happening before this started?",It happens suddenly and scares me.,Lack of sleep can make these experiences stronger. Working on rest and grounding might help reduce this feeling.
217,I feel detached from reality.,That sounds very distressing. Let’s take it step by step. What made you feel this way today?,It gets worse at night.,Heightened anxiety can intensify these sensations. A grounding exercise might help bring clarity.
218,I think the TV is sending me messages.,"Thank you for sharing this. It’s a common experience in psychosis to feel watched or unsafe. You’re not alone, and we can unpack this together.",I feel tense all day.,Thank you for explaining. Let’s focus on one small step you can take to feel calmer right now.
219,I feel like my family is hiding something.,That sounds very distressing. Let’s take it step by step. What made you feel this way today?,I don’t know how to explain it.,Stress can amplify these perceptions. Let’s identify a coping strategy you can use right now.
220,I feel detached from reality.,I hear how intense this feels. These sensations can come from heightened stress. Let’s try to understand the situation better.,I haven't slept properly for days.,Lack of sleep can make these experiences stronger. Working on rest and grounding might help reduce this feeling.
221,I think the TV is sending me messages.,It makes sense that this feels overwhelming. Sometimes the mind reacts this way when sleep or stress becomes difficult. Let’s look at what might be triggering this.,It gets worse at night.,Thank you for explaining. Let’s focus on one small step you can take to feel calmer right now.
222,I feel like my family is hiding something.,"Thank you for sharing this. It’s a common experience in psychosis to feel watched or unsafe. You’re not alone, and we can unpack this together.",It becomes stronger when I'm anxious.,Thank you for explaining. Let’s focus on one small step you can take to feel calmer right now.
223,I’m scared someone is following me.,That sounds very distressing. Let’s take it step by step. What made you feel this way today?,My routine has been disturbed.,You’re not in danger at this moment. Let’s check the evidence together and see what supports your safety.
224,I can’t focus; everything feels jumbled.,"Thank you for sharing this. It’s a common experience in psychosis to feel watched or unsafe. You’re not alone, and we can unpack this together.",It becomes stronger when I'm anxious.,Lack of sleep can make these experiences stronger. Working on rest and grounding might help reduce this feeling.
225,My thoughts don’t feel private.,"That sounds frightening. I’m here with you. These experiences can feel very real, especially during stress. Can we explore what was happening before this started?",It happens suddenly and scares me.,You’re not in danger at this moment. Let’s check the evidence together and see what supports your safety.
226,I’m losing control of my mind.,It makes sense that this feels overwhelming. Sometimes the mind reacts this way when sleep or stress becomes difficult. Let’s look at what might be triggering this.,I don’t know how to explain it.,You’re not in danger at this moment. Let’s check the evidence together and see what supports your safety.
227,My thoughts don’t feel private.,It makes sense that this feels overwhelming. Sometimes the mind reacts this way when sleep or stress becomes difficult. Let’s look at what might be triggering this.,My routine has been disturbed.,Heightened anxiety can intensify these sensations. A grounding exercise might help bring clarity.
228,I feel detached from reality.,"Thank you for sharing this. It’s a common experience in psychosis to feel watched or unsafe. You’re not alone, and we can unpack this together.",It happens suddenly and scares me.,Stress can amplify these perceptions. Let’s identify a coping strategy you can use right now.
229,I’m scared someone is following me.,That sounds very distressing. Let’s take it step by step. What made you feel this way today?,I haven't slept properly for days.,You’re not in danger at this moment. Let’s check the evidence together and see what supports your safety.
230,I feel detached from reality.,It makes sense that this feels overwhelming. Sometimes the mind reacts this way when sleep or stress becomes difficult. Let’s look at what might be triggering this.,I feel unsafe when I'm alone.,Heightened anxiety can intensify these sensations. A grounding exercise might help bring clarity.
231,My thoughts don’t feel private.,That sounds very distressing. Let’s take it step by step. What made you feel this way today?,It becomes stronger when I'm anxious.,You’re not in danger at this moment. Let’s check the evidence together and see what supports your safety.
232,I feel like my family is hiding something.,I hear how intense this feels. These sensations can come from heightened stress. Let’s try to understand the situation better.,It happens suddenly and scares me.,You’re not in danger at this moment. Let’s check the evidence together and see what supports your safety.
233,I feel detached from reality.,I hear how intense this feels. These sensations can come from heightened stress. Let’s try to understand the situation better.,I feel tense all day.,You’re not in danger at this moment. Let’s check the evidence together and see what supports your safety.
234,Voices keep whispering my name.,"That sounds frightening. I’m here with you. These experiences can feel very real, especially during stress. Can we explore what was happening before this started?",It gets worse at night.,Heightened anxiety can intensify these sensations. A grounding exercise might help bring clarity.
235,I’m losing control of my mind.,That sounds very distressing. Let’s take it step by step. What made you feel this way today?,It becomes stronger when I'm anxious.,Thank you for explaining. Let’s focus on one small step you can take to feel calmer right now.
236,My thoughts don’t feel private.,"Thank you for sharing this. It’s a common experience in psychosis to feel watched or unsafe. You’re not alone, and we can unpack this together.",I don’t know how to explain it.,Thank you for explaining. Let’s focus on one small step you can take to feel calmer right now.
237,I feel detached from reality.,I hear how intense this feels. These sensations can come from heightened stress. Let’s try to understand the situation better.,I feel unsafe when I'm alone.,Lack of sleep can make these experiences stronger. Working on rest and grounding might help reduce this feeling.
238,I feel like someone is watching me.,"That sounds frightening. I’m here with you. These experiences can feel very real, especially during stress. Can we explore what was happening before this started?",It becomes stronger when I'm anxious.,Lack of sleep can make these experiences stronger. Working on rest and grounding might help reduce this feeling.
239,My thoughts don’t feel private.,"Thank you for sharing this. It’s a common experience in psychosis to feel watched or unsafe. You’re not alone, and we can unpack this together.",I don’t know how to explain it.,Lack of sleep can make these experiences stronger. Working on rest and grounding might help reduce this feeling.
240,I feel like someone is watching me.,"That sounds frightening. I’m here with you. These experiences can feel very real, especially during stress. Can we explore what was happening before this started?",I don’t know how to explain it.,Stress can amplify these perceptions. Let’s identify a coping strategy you can use right now.
241,I’m scared someone is following me.,That sounds very distressing. Let’s take it step by step. What made you feel this way today?,I haven't slept properly for days.,Lack of sleep can make these experiences stronger. Working on rest and grounding might help reduce this feeling.
242,My thoughts don’t feel private.,It makes sense that this feels overwhelming. Sometimes the mind reacts this way when sleep or stress becomes difficult. Let’s look at what might be triggering this.,I feel tense all day.,Thank you for explaining. Let’s focus on one small step you can take to feel calmer right now.
243,My thoughts don’t feel private.,"That sounds frightening. I’m here with you. These experiences can feel very real, especially during stress. Can we explore what was happening before this started?",I feel overwhelmed.,You’re not in danger at this moment. Let’s check the evidence together and see what supports your safety.
244,I feel like someone is watching me.,It makes sense that this feels overwhelming. Sometimes the mind reacts this way when sleep or stress becomes difficult. Let’s look at what might be triggering this.,It started after a stressful week.,Heightened anxiety can intensify these sensations. A grounding exercise might help bring clarity.
245,I can’t focus; everything feels jumbled.,I hear how intense this feels. These sensations can come from heightened stress. Let’s try to understand the situation better.,It started after a stressful week.,Thank you for explaining. Let’s focus on one small step you can take to feel calmer right now.
246,I can’t trust my own thoughts.,I hear how intense this feels. These sensations can come from heightened stress. Let’s try to understand the situation better.,I don’t know how to explain it.,Heightened anxiety can intensify these sensations. A grounding exercise might help bring clarity.
247,Voices keep whispering my name.,"Thank you for sharing this. It’s a common experience in psychosis to feel watched or unsafe. You’re not alone, and we can unpack this together.",It started after a stressful week.,Lack of sleep can make these experiences stronger. Working on rest and grounding might help reduce this feeling.
248,Voices keep whispering my name.,That sounds very distressing. Let’s take it step by step. What made you feel this way today?,It gets worse at night.,Heightened anxiety can intensify these sensations. A grounding exercise might help bring clarity.
249,I’m losing control of my mind.,That sounds very distressing. Let’s take it step by step. What made you feel this way today?,It gets worse at night.,Thank you for explaining. Let’s focus on one small step you can take to feel calmer right now.
250,I’m scared someone is following me.,That sounds very distressing. Let’s take it step by step. What made you feel this way today?,I feel overwhelmed.,Lack of sleep can make these experiences stronger. Working on rest and grounding might help reduce this feeling.
251,I think the TV is sending me messages.,That sounds very distressing. Let’s take it step by step. What made you feel this way today?,I haven't slept properly for days.,Stress can amplify these perceptions. Let’s identify a coping strategy you can use right now.
252,I can’t trust my own thoughts.,That sounds very distressing. Let’s take it step by step. What made you feel this way today?,My routine has been disturbed.,You’re not in danger at this moment. Let’s check the evidence together and see what supports your safety.
253,I feel detached from reality.,"That sounds frightening. I’m here with you. These experiences can feel very real, especially during stress. Can we explore what was happening before this started?",It gets worse at night.,Thank you for explaining. Let’s focus on one small step you can take to feel calmer right now.
254,I feel like my family is hiding something.,That sounds very distressing. Let’s take it step by step. What made you feel this way today?,I haven't slept properly for days.,Thank you for explaining. Let’s focus on one small step you can take to feel calmer right now.
255,I feel like my family is hiding something.,"Thank you for sharing this. It’s a common experience in psychosis to feel watched or unsafe. You’re not alone, and we can unpack this together.",It happens suddenly and scares me.,Lack of sleep can make these experiences stronger. Working on rest and grounding might help reduce this feeling.
256,I’m losing control of my mind.,"Thank you for sharing this. It’s a common experience in psychosis to feel watched or unsafe. You’re not alone, and we can unpack this together.",My routine has been disturbed.,Thank you for explaining. Let’s focus on one small step you can take to feel calmer right now.
257,I can’t focus; everything feels jumbled.,It makes sense that this feels overwhelming. Sometimes the mind reacts this way when sleep or stress becomes difficult. Let’s look at what might be triggering this.,I feel tense all day.,You’re not in danger at this moment. Let’s check the evidence together and see what supports your safety.
258,I can’t trust my own thoughts.,It makes sense that this feels overwhelming. Sometimes the mind reacts this way when sleep or stress becomes difficult. Let’s look at what might be triggering this.,I don’t know how to explain it.,Lack of sleep can make these experiences stronger. Working on rest and grounding might help reduce this feeling.
259,Voices keep whispering my name.,That sounds very distressing. Let’s take it step by step. What made you feel this way today?,I feel overwhelmed.,Heightened anxiety can intensify these sensations. A grounding exercise might help bring clarity.
260,I feel like my family is hiding something.,I hear how intense this feels. These sensations can come from heightened stress. Let’s try to understand the situation better.,I feel overwhelmed.,You’re not in danger at this moment. Let’s check the evidence together and see what supports your safety.
261,I feel like someone is watching me.,I hear how intense this feels. These sensations can come from heightened stress. Let’s try to understand the situation better.,I feel tense all day.,Stress can amplify these perceptions. Let’s identify a coping strategy you can use right now.
262,I think the TV is sending me messages.,"That sounds frightening. I’m here with you. These experiences can feel very real, especially during stress. Can we explore what was happening before this started?",It gets worse at night.,Heightened anxiety can intensify these sensations. A grounding exercise might help bring clarity.
263,I’m scared someone is following me.,I hear how intense this feels. These sensations can come from heightened stress. Let’s try to understand the situation better.,I don’t know how to explain it.,Stress can amplify these perceptions. Let’s identify a coping strategy you can use right now.
264,I’m losing control of my mind.,I hear how intense this feels. These sensations can come from heightened stress. Let’s try to understand the situation better.,I don’t know how to explain it.,Heightened anxiety can intensify these sensations. A grounding exercise might help bring clarity.
265,I’m scared someone is following me.,I hear how intense this feels. These sensations can come from heightened stress. Let’s try to understand the situation better.,I feel tense all day.,Lack of sleep can make these experiences stronger. Working on rest and grounding might help reduce this feeling.
266,I can’t focus; everything feels jumbled.,It makes sense that this feels overwhelming. Sometimes the mind reacts this way when sleep or stress becomes difficult. Let’s look at what might be triggering this.,I feel unsafe when I'm alone.,Thank you for explaining. Let’s focus on one small step you can take to feel calmer right now.
267,I feel like someone is watching me.,That sounds very distressing. Let’s take it step by step. What made you feel this way today?,It becomes stronger when I'm anxious.,Heightened anxiety can intensify these sensations. A grounding exercise might help bring clarity.
268,I feel like my family is hiding something.,"Thank you for sharing this. It’s a common experience in psychosis to feel watched or unsafe. You’re not alone, and we can unpack this together.",I feel tense all day.,You’re not in danger at this moment. Let’s check the evidence together and see what supports your safety.
269,I feel detached from reality.,"Thank you for sharing this. It’s a common experience in psychosis to feel watched or unsafe. You’re not alone, and we can unpack this together.",I haven't slept properly for days.,You’re not in danger at this moment. Let’s check the evidence together and see what supports your safety.
270,I feel like my family is hiding something.,I hear how intense this feels. These sensations can come from heightened stress. Let’s try to understand the situation better.,I don’t know how to explain it.,You’re not in danger at this moment. Let’s check the evidence together and see what supports your safety.
271,I feel like my family is hiding something.,"Thank you for sharing this. It’s a common experience in psychosis to feel watched or unsafe. You’re not alone, and we can unpack this together.",I feel overwhelmed.,Stress can amplify these perceptions. Let’s identify a coping strategy you can use right now.
272,I feel like someone is watching me.,It makes sense that this feels overwhelming. Sometimes the mind reacts this way when sleep or stress becomes difficult. Let’s look at what might be triggering this.,I haven't slept properly for days.,Stress can amplify these perceptions. Let’s identify a coping strategy you can use right now.
273,Voices keep whispering my name.,"Thank you for sharing this. It’s a common experience in psychosis to feel watched or unsafe. You’re not alone, and we can unpack this together.",I feel unsafe when I'm alone.,Heightened anxiety can intensify these sensations. A grounding exercise might help bring clarity.
274,Voices keep whispering my name.,"That sounds frightening. I’m here with you. These experiences can feel very real, especially during stress. Can we explore what was happening before this started?",My routine has been disturbed.,Heightened anxiety can intensify these sensations. A grounding exercise might help bring clarity.
275,I think the TV is sending me messages.,"Thank you for sharing this. It’s a common experience in psychosis to feel watched or unsafe. You’re not alone, and we can unpack this together.",It becomes stronger when I'm anxious.,Heightened anxiety can intensify these sensations. A grounding exercise might help bring clarity.
276,I’m scared someone is following me.,I hear how intense this feels. These sensations can come from heightened stress. Let’s try to understand the situation better.,I feel tense all day.,Heightened anxiety can intensify these sensations. A grounding exercise might help bring clarity.
277,I can’t trust my own thoughts.,That sounds very distressing. Let’s take it step by step. What made you feel this way today?,My routine has been disturbed.,Heightened anxiety can intensify these sensations. A grounding exercise might help bring clarity.
278,I’m losing control of my mind.,I hear how intense this feels. These sensations can come from heightened stress. Let’s try to understand the situation better.,I don’t know how to explain it.,Thank you for explaining. Let’s focus on one small step you can take to feel calmer right now.
279,I think the TV is sending me messages.,I hear how intense this feels. These sensations can come from heightened stress. Let’s try to understand the situation better.,My routine has been disturbed.,Heightened anxiety can intensify these sensations. A grounding exercise might help bring clarity.
280,I think the TV is sending me messages.,It makes sense that this feels overwhelming. Sometimes the mind reacts this way when sleep or stress becomes difficult. Let’s look at what might be triggering this.,I haven't slept properly for days.,Heightened anxiety can intensify these sensations. A grounding exercise might help bring clarity.
281,I feel detached from reality.,It makes sense that this feels overwhelming. Sometimes the mind reacts this way when sleep or stress becomes difficult. Let’s look at what might be triggering this.,It becomes stronger when I'm anxious.,Heightened anxiety can intensify these sensations. A grounding exercise might help bring clarity.
282,I think the TV is sending me messages.,"That sounds frightening. I’m here with you. These experiences can feel very real, especially during stress. Can we explore what was happening before this started?",My routine has been disturbed.,Heightened anxiety can intensify these sensations. A grounding exercise might help bring clarity.
283,I feel detached from reality.,"That sounds frightening. I’m here with you. These experiences can feel very real, especially during stress. Can we explore what was happening before this started?",It becomes stronger when I'm anxious.,Lack of sleep can make these experiences stronger. Working on rest and grounding might help reduce this feeling.
284,I’m losing control of my mind.,I hear how intense this feels. These sensations can come from heightened stress. Let’s try to understand the situation better.,I feel unsafe when I'm alone.,Stress can amplify these perceptions. Let’s identify a coping strategy you can use right now.
285,I feel like someone is watching me.,"Thank you for sharing this. It’s a common experience in psychosis to feel watched or unsafe. You’re not alone, and we can unpack this together.",It becomes stronger when I'm anxious.,Lack of sleep can make these experiences stronger. Working on rest and grounding might help reduce this feeling.
286,I can’t trust my own thoughts.,"Thank you for sharing this. It’s a common experience in psychosis to feel watched or unsafe. You’re not alone, and we can unpack this together.",I don’t know how to explain it.,Heightened anxiety can intensify these sensations. A grounding exercise might help bring clarity.
287,I’m losing control of my mind.,I hear how intense this feels. These sensations can come from heightened stress. Let’s try to understand the situation better.,I feel overwhelmed.,Stress can amplify these perceptions. Let’s identify a coping strategy you can use right now.
288,I can’t trust my own thoughts.,It makes sense that this feels overwhelming. Sometimes the mind reacts this way when sleep or stress becomes difficult. Let’s look at what might be triggering this.,I don’t know how to explain it.,Stress can amplify these perceptions. Let’s identify a coping strategy you can use right now.
289,I feel like my family is hiding something.,"Thank you for sharing this. It’s a common experience in psychosis to feel watched or unsafe. You’re not alone, and we can unpack this together.",I feel tense all day.,Stress can amplify these perceptions. Let’s identify a coping strategy you can use right now.
290,I feel like my family is hiding something.,I hear how intense this feels. These sensations can come from heightened stress. Let’s try to understand the situation better.,I feel overwhelmed.,Stress can amplify these perceptions. Let’s identify a coping strategy you can use right now.
291,I can’t trust my own thoughts.,"Thank you for sharing this. It’s a common experience in psychosis to feel watched or unsafe. You’re not alone, and we can unpack this together.",It becomes stronger when I'm anxious.,Lack of sleep can make these experiences stronger. Working on rest and grounding might help reduce this feeling.
292,Voices keep whispering my name.,"That sounds frightening. I’m here with you. These experiences can feel very real, especially during stress. Can we explore what was happening before this started?",My routine has been disturbed.,You’re not in danger at this moment. Let’s check the evidence together and see what supports your safety.
293,I can’t focus; everything feels jumbled.,It makes sense that this feels overwhelming. Sometimes the mind reacts this way when sleep or stress becomes difficult. Let’s look at what might be triggering this.,It started after a stressful week.,Stress can amplify these perceptions. Let’s identify a coping strategy you can use right now.
294,Voices keep whispering my name.,It makes sense that this feels overwhelming. Sometimes the mind reacts this way when sleep or stress becomes difficult. Let’s look at what might be triggering this.,It becomes stronger when I'm anxious.,Lack of sleep can make these experiences stronger. Working on rest and grounding might help reduce this feeling.
295,I feel like someone is watching me.,"That sounds frightening. I’m here with you. These experiences can feel very real, especially during stress. Can we explore what was happening before this started?",I haven't slept properly for days.,Thank you for explaining. Let’s focus on one small step you can take to feel calmer right now.
296,I think the TV is sending me messages.,It makes sense that this feels overwhelming. Sometimes the mind reacts this way when sleep or stress becomes difficult. Let’s look at what might be triggering this.,I feel overwhelmed.,Stress can amplify these perceptions. Let’s identify a coping strategy you can use right now.
297,I can’t focus; everything feels jumbled.,"That sounds frightening. I’m here with you. These experiences can feel very real, especially during stress. Can we explore what was happening before this started?",It gets worse at night.,Heightened anxiety can intensify these sensations. A grounding exercise might help bring clarity.
298,I feel like my family is hiding something.,"That sounds frightening. I’m here with you. These experiences can feel very real, especially during stress. Can we explore what was happening before this started?",It gets worse at night.,Heightened anxiety can intensify these sensations. A grounding exercise might help bring clarity.
299,I can’t focus; everything feels jumbled.,"Thank you for sharing this. It’s a common experience in psychosis to feel watched or unsafe. You’re not alone, and we can unpack this together.",I feel tense all day.,Lack of sleep can make these experiences stronger. Working on rest and grounding might help reduce this feeling.
300,Voices keep whispering my name.,"Thank you for sharing this. It’s a common experience in psychosis to feel watched or unsafe. You’re not alone, and we can unpack this together.",It happens suddenly and scares me.,You’re not in danger at this moment. Let’s check the evidence together and see what supports your safety.
301,I feel detached from reality.,I hear how intense this feels. These sensations can come from heightened stress. Let’s try to understand the situation better.,I feel unsafe when I'm alone.,Lack of sleep can make these experiences stronger. Working on rest and grounding might help reduce this feeling.
302,Voices keep whispering my name.,I hear how intense this feels. These sensations can come from heightened stress. Let’s try to understand the situation better.,I feel overwhelmed.,Lack of sleep can make these experiences stronger. Working on rest and grounding might help reduce this feeling.
303,I’m losing control of my mind.,It makes sense that this feels overwhelming. Sometimes the mind reacts this way when sleep or stress becomes difficult. Let’s look at what might be triggering this.,It gets worse at night.,Stress can amplify these perceptions. Let’s identify a coping strategy you can use right now.
304,My thoughts don’t feel private.,That sounds very distressing. Let’s take it step by step. What made you feel this way today?,My routine has been disturbed.,Heightened anxiety can intensify these sensations. A grounding exercise might help bring clarity.
305,I feel detached from reality.,"Thank you for sharing this. It’s a common experience in psychosis to feel watched or unsafe. You’re not alone, and we can unpack this together.",I haven't slept properly for days.,Lack of sleep can make these experiences stronger. Working on rest and grounding might help reduce this feeling.
306,I think the TV is sending me messages.,"That sounds frightening. I’m here with you. These experiences can feel very real, especially during stress. Can we explore what was happening before this started?",It gets worse at night.,Thank you for explaining. Let’s focus on one small step you can take to feel calmer right now.
307,I feel like someone is watching me.,"That sounds frightening. I’m here with you. These experiences can feel very real, especially during stress. Can we explore what was happening before this started?",I feel tense all day.,You’re not in danger at this moment. Let’s check the evidence together and see what supports your safety.
308,My thoughts don’t feel private.,That sounds very distressing. Let’s take it step by step. What made you feel this way today?,It gets worse at night.,You’re not in danger at this moment. Let’s check the evidence together and see what supports your safety.
309,I can’t trust my own thoughts.,That sounds very distressing. Let’s take it step by step. What made you feel this way today?,It started after a stressful week.,Thank you for explaining. Let’s focus on one small step you can take to feel calmer right now.
310,I’m losing control of my mind.,It makes sense that this feels overwhelming. Sometimes the mind reacts this way when sleep or stress becomes difficult. Let’s look at what might be triggering this.,I don’t know how to explain it.,Lack of sleep can make these experiences stronger. Working on rest and grounding might help reduce this feeling.
311,I feel like someone is watching me.,That sounds very distressing. Let’s take it step by step. What made you feel this way today?,I feel tense all day.,Lack of sleep can make these experiences stronger. Working on rest and grounding might help reduce this feeling.
312,I can’t trust my own thoughts.,"Thank you for sharing this. It’s a common experience in psychosis to feel watched or unsafe. You’re not alone, and we can unpack this together.",It becomes stronger when I'm anxious.,Stress can amplify these perceptions. Let’s identify a coping strategy you can use right now.
313,I can’t trust my own thoughts.,I hear how intense this feels. These sensations can come from heightened stress. Let’s try to understand the situation better.,I haven't slept properly for days.,Thank you for explaining. Let’s focus on one small step you can take to feel calmer right now.
314,I feel like my family is hiding something.,I hear how intense this feels. These sensations can come from heightened stress. Let’s try to understand the situation better.,I feel unsafe when I'm alone.,Lack of sleep can make these experiences stronger. Working on rest and grounding might help reduce this feeling.
315,I can’t focus; everything feels jumbled.,It makes sense that this feels overwhelming. Sometimes the mind reacts this way when sleep or stress becomes difficult. Let’s look at what might be triggering this.,It happens suddenly and scares me.,Heightened anxiety can intensify these sensations. A grounding exercise might help bring clarity.
316,I feel like my family is hiding something.,"Thank you for sharing this. It’s a common experience in psychosis to feel watched or unsafe. You’re not alone, and we can unpack this together.",It started after a stressful week.,Heightened anxiety can intensify these sensations. A grounding exercise might help bring clarity.
317,I feel detached from reality.,"That sounds frightening. I’m here with you. These experiences can feel very real, especially during stress. Can we explore what was happening before this started?",It happens suddenly and scares me.,You’re not in danger at this moment. Let’s check the evidence together and see what supports your safety.
318,I can’t trust my own thoughts.,"Thank you for sharing this. It’s a common experience in psychosis to feel watched or unsafe. You’re not alone, and we can unpack this together.",It becomes stronger when I'm anxious.,Stress can amplify these perceptions. Let’s identify a coping strategy you can use right now.
319,I feel like someone is watching me.,That sounds very distressing. Let’s take it step by step. What made you feel this way today?,I feel overwhelmed.,Heightened anxiety can intensify these sensations. A grounding exercise might help bring clarity.
320,I feel like my family is hiding something.,I hear how intense this feels. These sensations can come from heightened stress. Let’s try to understand the situation better.,I feel tense all day.,Heightened anxiety can intensify these sensations. A grounding exercise might help bring clarity.
321,Voices keep whispering my name.,I hear how intense this feels. These sensations can come from heightened stress. Let’s try to understand the situation better.,It becomes stronger when I'm anxious.,Stress can amplify these perceptions. Let’s identify a coping strategy you can use right now.
322,I can’t trust my own thoughts.,"Thank you for sharing this. It’s a common experience in psychosis to feel watched or unsafe. You’re not alone, and we can unpack this together.",I haven't slept properly for days.,Thank you for explaining. Let’s focus on one small step you can take to feel calmer right now.
323,I’m losing control of my mind.,"That sounds frightening. I’m here with you. These experiences can feel very real, especially during stress. Can we explore what was happening before this started?",It started after a stressful week.,Heightened anxiety can intensify these sensations. A grounding exercise might help bring clarity.
324,I feel like someone is watching me.,That sounds very distressing. Let’s take it step by step. What made you feel this way today?,I feel overwhelmed.,Stress can amplify these perceptions. Let’s identify a coping strategy you can use right now.
325,Voices keep whispering my name.,It makes sense that this feels overwhelming. Sometimes the mind reacts this way when sleep or stress becomes difficult. Let’s look at what might be triggering this.,It happens suddenly and scares me.,Heightened anxiety can intensify these sensations. A grounding exercise might help bring clarity.
326,I can’t trust my own thoughts.,That sounds very distressing. Let’s take it step by step. What made you feel this way today?,It becomes stronger when I'm anxious.,Stress can amplify these perceptions. Let’s identify a coping strategy you can use right now.
327,I can’t focus; everything feels jumbled.,I hear how intense this feels. These sensations can come from heightened stress. Let’s try to understand the situation better.,It becomes stronger when I'm anxious.,Heightened anxiety can intensify these sensations. A grounding exercise might help bring clarity.
328,I’m losing control of my mind.,"That sounds frightening. I’m here with you. These experiences can feel very real, especially during stress. Can we explore what was happening before this started?",It started after a stressful week.,Thank you for explaining. Let’s focus on one small step you can take to feel calmer right now.
329,I can’t focus; everything feels jumbled.,That sounds very distressing. Let’s take it step by step. What made you feel this way today?,It started after a stressful week.,Stress can amplify these perceptions. Let’s identify a coping strategy you can use right now.
330,I’m losing control of my mind.,"That sounds frightening. I’m here with you. These experiences can feel very real, especially during stress. Can we explore what was happening before this started?",I feel overwhelmed.,Thank you for explaining. Let’s focus on one small step you can take to feel calmer right now.
331,I feel like my family is hiding something.,It makes sense that this feels overwhelming. Sometimes the mind reacts this way when sleep or stress becomes difficult. Let’s look at what might be triggering this.,I feel overwhelmed.,Thank you for explaining. Let’s focus on one small step you can take to feel calmer right now.
332,I’m scared someone is following me.,That sounds very distressing. Let’s take it step by step. What made you feel this way today?,I feel tense all day.,Thank you for explaining. Let’s focus on one small step you can take to feel calmer right now.
333,I feel like someone is watching me.,I hear how intense this feels. These sensations can come from heightened stress. Let’s try to understand the situation better.,I don’t know how to explain it.,Stress can amplify these perceptions. Let’s identify a coping strategy you can use right now.
334,Voices keep whispering my name.,I hear how intense this feels. These sensations can come from heightened stress. Let’s try to understand the situation better.,It started after a stressful week.,Stress can amplify these perceptions. Let’s identify a coping strategy you can use right now.
335,I feel like my family is hiding something.,"That sounds frightening. I’m here with you. These experiences can feel very real, especially during stress. Can we explore what was happening before this started?",I feel overwhelmed.,You’re not in danger at this moment. Let’s check the evidence together and see what supports your safety.
336,I think the TV is sending me messages.,I hear how intense this feels. These sensations can come from heightened stress. Let’s try to understand the situation better.,It happens suddenly and scares me.,Lack of sleep can make these experiences stronger. Working on rest and grounding might help reduce this feeling.
337,I can’t trust my own thoughts.,"Thank you for sharing this. It’s a common experience in psychosis to feel watched or unsafe. You’re not alone, and we can unpack this together.",I don’t know how to explain it.,Stress can amplify these perceptions. Let’s identify a coping strategy you can use right now.
338,I feel detached from reality.,It makes sense that this feels overwhelming. Sometimes the mind reacts this way when sleep or stress becomes difficult. Let’s look at what might be triggering this.,It started after a stressful week.,You’re not in danger at this moment. Let’s check the evidence together and see what supports your safety.
339,I can’t trust my own thoughts.,I hear how intense this feels. These sensations can come from heightened stress. Let’s try to understand the situation better.,I feel unsafe when I'm alone.,Heightened anxiety can intensify these sensations. A grounding exercise might help bring clarity.
340,I feel like my family is hiding something.,That sounds very distressing. Let’s take it step by step. What made you feel this way today?,I feel overwhelmed.,You’re not in danger at this moment. Let’s check the evidence together and see what supports your safety.
341,I’m losing control of my mind.,"Thank you for sharing this. It’s a common experience in psychosis to feel watched or unsafe. You’re not alone, and we can unpack this together.",I feel overwhelmed.,Thank you for explaining. Let’s focus on one small step you can take to feel calmer right now.
342,I’m scared someone is following me.,It makes sense that this feels overwhelming. Sometimes the mind reacts this way when sleep or stress becomes difficult. Let’s look at what might be triggering this.,I feel unsafe when I'm alone.,Thank you for explaining. Let’s focus on one small step you can take to feel calmer right now.
343,Voices keep whispering my name.,"That sounds frightening. I’m here with you. These experiences can feel very real, especially during stress. Can we explore what was happening before this started?",It becomes stronger when I'm anxious.,Lack of sleep can make these experiences stronger. Working on rest and grounding might help reduce this feeling.
344,I’m losing control of my mind.,It makes sense that this feels overwhelming. Sometimes the mind reacts this way when sleep or stress becomes difficult. Let’s look at what might be triggering this.,I don’t know how to explain it.,Thank you for explaining. Let’s focus on one small step you can take to feel calmer right now.
345,I feel detached from reality.,It makes sense that this feels overwhelming. Sometimes the mind reacts this way when sleep or stress becomes difficult. Let’s look at what might be triggering this.,I feel unsafe when I'm alone.,Stress can amplify these perceptions. Let’s identify a coping strategy you can use right now.
346,I feel detached from reality.,"That sounds frightening. I’m here with you. These experiences can feel very real, especially during stress. Can we explore what was happening before this started?",I feel overwhelmed.,Thank you for explaining. Let’s focus on one small step you can take to feel calmer right now.
347,I’m losing control of my mind.,"That sounds frightening. I’m here with you. These experiences can feel very real, especially during stress. Can we explore what was happening before this started?",My routine has been disturbed.,Heightened anxiety can intensify these sensations. A grounding exercise might help bring clarity.
348,I’m scared someone is following me.,I hear how intense this feels. These sensations can come from heightened stress. Let’s try to understand the situation better.,It happens suddenly and scares me.,Stress can amplify these perceptions. Let’s identify a coping strategy you can use right now.
349,I think the TV is sending me messages.,It makes sense that this feels overwhelming. Sometimes the mind reacts this way when sleep or stress becomes difficult. Let’s look at what might be triggering this.,I feel overwhelmed.,Lack of sleep can make these experiences stronger. Working on rest and grounding might help reduce this feeling.
350,I feel detached from reality.,That sounds very distressing. Let’s take it step by step. What made you feel this way today?,I don’t know how to explain it.,Lack of sleep can make these experiences stronger. Working on rest and grounding might help reduce this feeling.
351,I feel detached from reality.,I hear how intense this feels. These sensations can come from heightened stress. Let’s try to understand the situation better.,I feel tense all day.,Stress can amplify these perceptions. Let’s identify a coping strategy you can use right now.
352,Voices keep whispering my name.,That sounds very distressing. Let’s take it step by step. What made you feel this way today?,My routine has been disturbed.,Thank you for explaining. Let’s focus on one small step you can take to feel calmer right now.
353,My thoughts don’t feel private.,"That sounds frightening. I’m here with you. These experiences can feel very real, especially during stress. Can we explore what was happening before this started?",I don’t know how to explain it.,Stress can amplify these perceptions. Let’s identify a coping strategy you can use right now.
354,Voices keep whispering my name.,It makes sense that this feels overwhelming. Sometimes the mind reacts this way when sleep or stress becomes difficult. Let’s look at what might be triggering this.,It happens suddenly and scares me.,Heightened anxiety can intensify these sensations. A grounding exercise might help bring clarity.
355,I think the TV is sending me messages.,"That sounds frightening. I’m here with you. These experiences can feel very real, especially during stress. Can we explore what was happening before this started?",I don’t know how to explain it.,Heightened anxiety can intensify these sensations. A grounding exercise might help bring clarity.
356,I think the TV is sending me messages.,It makes sense that this feels overwhelming. Sometimes the mind reacts this way when sleep or stress becomes difficult. Let’s look at what might be triggering this.,It gets worse at night.,Lack of sleep can make these experiences stronger. Working on rest and grounding might help reduce this feeling.
357,Voices keep whispering my name.,"Thank you for sharing this. It’s a common experience in psychosis to feel watched or unsafe. You’re not alone, and we can unpack this together.",It started after a stressful week.,Lack of sleep can make these experiences stronger. Working on rest and grounding might help reduce this feeling.
358,My thoughts don’t feel private.,"Thank you for sharing this. It’s a common experience in psychosis to feel watched or unsafe. You’re not alone, and we can unpack this together.",I haven't slept properly for days.,Stress can amplify these perceptions. Let’s identify a coping strategy you can use right now.
359,I can’t focus; everything feels jumbled.,"Thank you for sharing this. It’s a common experience in psychosis to feel watched or unsafe. You’re not alone, and we can unpack this together.",It becomes stronger when I'm anxious.,You’re not in danger at this moment. Let’s check the evidence together and see what supports your safety.
360,Voices keep whispering my name.,"That sounds frightening. I’m here with you. These experiences can feel very real, especially during stress. Can we explore what was happening before this started?",I haven't slept properly for days.,Lack of sleep can make these experiences stronger. Working on rest and grounding might help reduce this feeling.
361,I feel detached from reality.,I hear how intense this feels. These sensations can come from heightened stress. Let’s try to understand the situation better.,It becomes stronger when I'm anxious.,Lack of sleep can make these experiences stronger. Working on rest and grounding might help reduce this feeling.
362,I can’t focus; everything feels jumbled.,I hear how intense this feels. These sensations can come from heightened stress. Let’s try to understand the situation better.,It becomes stronger when I'm anxious.,You’re not in danger at this moment. Let’s check the evidence together and see what supports your safety.
363,I feel detached from reality.,I hear how intense this feels. These sensations can come from heightened stress. Let’s try to understand the situation better.,It started after a stressful week.,Heightened anxiety can intensify these sensations. A grounding exercise might help bring clarity.
364,I’m losing control of my mind.,That sounds very distressing. Let’s take it step by step. What made you feel this way today?,I feel overwhelmed.,Heightened anxiety can intensify these sensations. A grounding exercise might help bring clarity.
365,I think the TV is sending me messages.,"Thank you for sharing this. It’s a common experience in psychosis to feel watched or unsafe. You’re not alone, and we can unpack this together.",I feel overwhelmed.,You’re not in danger at this moment. Let’s check the evidence together and see what supports your safety.
366,My thoughts don’t feel private.,That sounds very distressing. Let’s take it step by step. What made you feel this way today?,I haven't slept properly for days.,Stress can amplify these perceptions. Let’s identify a coping strategy you can use right now.
367,I’m losing control of my mind.,That sounds very distressing. Let’s take it step by step. What made you feel this way today?,I feel tense all day.,You’re not in danger at this moment. Let’s check the evidence together and see what supports your safety.
368,I feel like someone is watching me.,I hear how intense this feels. These sensations can come from heightened stress. Let’s try to understand the situation better.,It becomes stronger when I'm anxious.,You’re not in danger at this moment. Let’s check the evidence together and see what supports your safety.
369,I feel like my family is hiding something.,"Thank you for sharing this. It’s a common experience in psychosis to feel watched or unsafe. You’re not alone, and we can unpack this together.",It gets worse at night.,Thank you for explaining. Let’s focus on one small step you can take to feel calmer right now.
370,I’m scared someone is following me.,"That sounds frightening. I’m here with you. These experiences can feel very real, especially during stress. Can we explore what was happening before this started?",It happens suddenly and scares me.,Heightened anxiety can intensify these sensations. A grounding exercise might help bring clarity.
371,I’m losing control of my mind.,"Thank you for sharing this. It’s a common experience in psychosis to feel watched or unsafe. You’re not alone, and we can unpack this together.",It gets worse at night.,Stress can amplify these perceptions. Let’s identify a coping strategy you can use right now.
372,I feel detached from reality.,That sounds very distressing. Let’s take it step by step. What made you feel this way today?,It becomes stronger when I'm anxious.,Heightened anxiety can intensify these sensations. A grounding exercise might help bring clarity.
373,I can’t trust my own thoughts.,I hear how intense this feels. These sensations can come from heightened stress. Let’s try to understand the situation better.,I feel overwhelmed.,You’re not in danger at this moment. Let’s check the evidence together and see what supports your safety.
374,I can’t focus; everything feels jumbled.,I hear how intense this feels. These sensations can come from heightened stress. Let’s try to understand the situation better.,I feel tense all day.,You’re not in danger at this moment. Let’s check the evidence together and see what supports your safety.
375,I can’t focus; everything feels jumbled.,"Thank you for sharing this. It’s a common experience in psychosis to feel watched or unsafe. You’re not alone, and we can unpack this together.",It becomes stronger when I'm anxious.,Lack of sleep can make these experiences stronger. Working on rest and grounding might help reduce this feeling.
376,I’m losing control of my mind.,That sounds very distressing. Let’s take it step by step. What made you feel this way today?,It gets worse at night.,Lack of sleep can make these experiences stronger. Working on rest and grounding might help reduce this feeling.
377,I think the TV is sending me messages.,It makes sense that this feels overwhelming. Sometimes the mind reacts this way when sleep or stress becomes difficult. Let’s look at what might be triggering this.,I haven't slept properly for days.,Heightened anxiety can intensify these sensations. A grounding exercise might help bring clarity.
378,My thoughts don’t feel private.,"Thank you for sharing this. It’s a common experience in psychosis to feel watched or unsafe. You’re not alone, and we can unpack this together.",I don’t know how to explain it.,Stress can amplify these perceptions. Let’s identify a coping strategy you can use right now.
379,I feel like my family is hiding something.,I hear how intense this feels. These sensations can come from heightened stress. Let’s try to understand the situation better.,I feel tense all day.,Lack of sleep can make these experiences stronger. Working on rest and grounding might help reduce this feeling.
380,I think the TV is sending me messages.,"Thank you for sharing this. It’s a common experience in psychosis to feel watched or unsafe. You’re not alone, and we can unpack this together.",I feel overwhelmed.,Thank you for explaining. Let’s focus on one small step you can take to feel calmer right now.
381,I’m scared someone is following me.,It makes sense that this feels overwhelming. Sometimes the mind reacts this way when sleep or stress becomes difficult. Let’s look at what might be triggering this.,It becomes stronger when I'm anxious.,Stress can amplify these perceptions. Let’s identify a coping strategy you can use right now.
382,I’m losing control of my mind.,That sounds very distressing. Let’s take it step by step. What made you feel this way today?,It started after a stressful week.,Stress can amplify these perceptions. Let’s identify a coping strategy you can use right now.
383,I think the TV is sending me messages.,I hear how intense this feels. These sensations can come from heightened stress. Let’s try to understand the situation better.,I don’t know how to explain it.,Thank you for explaining. Let’s focus on one small step you can take to feel calmer right now.
384,My thoughts don’t feel private.,It makes sense that this feels overwhelming. Sometimes the mind reacts this way when sleep or stress becomes difficult. Let’s look at what might be triggering this.,I haven't slept properly for days.,Lack of sleep can make these experiences stronger. Working on rest and grounding might help reduce this feeling.
385,I’m losing control of my mind.,It makes sense that this feels overwhelming. Sometimes the mind reacts this way when sleep or stress becomes difficult. Let’s look at what might be triggering this.,It gets worse at night.,Stress can amplify these perceptions. Let’s identify a coping strategy you can use right now.
386,I think the TV is sending me messages.,That sounds very distressing. Let’s take it step by step. What made you feel this way today?,I feel overwhelmed.,Heightened anxiety can intensify these sensations. A grounding exercise might help bring clarity.
387,Voices keep whispering my name.,It makes sense that this feels overwhelming. Sometimes the mind reacts this way when sleep or stress becomes difficult. Let’s look at what might be triggering this.,I feel unsafe when I'm alone.,Stress can amplify these perceptions. Let’s identify a coping strategy you can use right now.
388,I feel like my family is hiding something.,"Thank you for sharing this. It’s a common experience in psychosis to feel watched or unsafe. You’re not alone, and we can unpack this together.",My routine has been disturbed.,You’re not in danger at this moment. Let’s check the evidence together and see what supports your safety.
389,I think the TV is sending me messages.,That sounds very distressing. Let’s take it step by step. What made you feel this way today?,I feel unsafe when I'm alone.,Heightened anxiety can intensify these sensations. A grounding exercise might help bring clarity.
390,I can’t focus; everything feels jumbled.,That sounds very distressing. Let’s take it step by step. What made you feel this way today?,It gets worse at night.,Heightened anxiety can intensify these sensations. A grounding exercise might help bring clarity.
391,I feel like someone is watching me.,That sounds very distressing. Let’s take it step by step. What made you feel this way today?,I don’t know how to explain it.,Heightened anxiety can intensify these sensations. A grounding exercise might help bring clarity.
392,I can’t trust my own thoughts.,It makes sense that this feels overwhelming. Sometimes the mind reacts this way when sleep or stress becomes difficult. Let’s look at what might be triggering this.,It happens suddenly and scares me.,Lack of sleep can make these experiences stronger. Working on rest and grounding might help reduce this feeling.
393,I’m scared someone is following me.,That sounds very distressing. Let’s take it step by step. What made you feel this way today?,My routine has been disturbed.,Stress can amplify these perceptions. Let’s identify a coping strategy you can use right now.
394,Voices keep whispering my name.,"Thank you for sharing this. It’s a common experience in psychosis to feel watched or unsafe. You’re not alone, and we can unpack this together.",It gets worse at night.,Lack of sleep can make these experiences stronger. Working on rest and grounding might help reduce this feeling.
395,I feel like someone is watching me.,I hear how intense this feels. These sensations can come from heightened stress. Let’s try to understand the situation better.,It started after a stressful week.,Lack of sleep can make these experiences stronger. Working on rest and grounding might help reduce this feeling.
396,I feel detached from reality.,"Thank you for sharing this. It’s a common experience in psychosis to feel watched or unsafe. You’re not alone, and we can unpack this together.",It becomes stronger when I'm anxious.,Thank you for explaining. Let’s focus on one small step you can take to feel calmer right now.
397,I think the TV is sending me messages.,"That sounds frightening. I’m here with you. These experiences can feel very real, especially during stress. Can we explore what was happening before this started?",I feel overwhelmed.,Heightened anxiety can intensify these sensations. A grounding exercise might help bring clarity.
398,My thoughts don’t feel private.,That sounds very distressing. Let’s take it step by step. What made you feel this way today?,It started after a stressful week.,Heightened anxiety can intensify these sensations. A grounding exercise might help bring clarity.
399,I feel like my family is hiding something.,"That sounds frightening. I’m here with you. These experiences can feel very real, especially during stress. Can we explore what was happening before this started?",I don’t know how to explain it.,Thank you for explaining. Let’s focus on one small step you can take to feel calmer right now.
400,I’m scared someone is following me.,That sounds very distressing. Let’s take it step by step. What made you feel this way today?,It started after a stressful week.,You’re not in danger at this moment. Let’s check the evidence together and see what supports your safety.
401,I can’t trust my own thoughts.,It makes sense that this feels overwhelming. Sometimes the mind reacts this way when sleep or stress becomes difficult. Let’s look at what might be triggering this.,It started after a stressful week.,Heightened anxiety can intensify these sensations. A grounding exercise might help bring clarity.
402,I can’t trust my own thoughts.,"Thank you for sharing this. It’s a common experience in psychosis to feel watched or unsafe. You’re not alone, and we can unpack this together.",I haven't slept properly for days.,You’re not in danger at this moment. Let’s check the evidence together and see what supports your safety.
403,I feel like my family is hiding something.,That sounds very distressing. Let’s take it step by step. What made you feel this way today?,I feel unsafe when I'm alone.,Stress can amplify these perceptions. Let’s identify a coping strategy you can use right now.
404,I think the TV is sending me messages.,"Thank you for sharing this. It’s a common experience in psychosis to feel watched or unsafe. You’re not alone, and we can unpack this together.",I feel tense all day.,Stress can amplify these perceptions. Let’s identify a coping strategy you can use right now.
405,I feel detached from reality.,"Thank you for sharing this. It’s a common experience in psychosis to feel watched or unsafe. You’re not alone, and we can unpack this together.",It started after a stressful week.,You’re not in danger at this moment. Let’s check the evidence together and see what supports your safety.
406,I feel detached from reality.,That sounds very distressing. Let’s take it step by step. What made you feel this way today?,It gets worse at night.,You’re not in danger at this moment. Let’s check the evidence together and see what supports your safety.
407,I can’t trust my own thoughts.,I hear how intense this feels. These sensations can come from heightened stress. Let’s try to understand the situation better.,I feel overwhelmed.,Stress can amplify these perceptions. Let’s identify a coping strategy you can use right now.
408,Voices keep whispering my name.,"That sounds frightening. I’m here with you. These experiences can feel very real, especially during stress. Can we explore what was happening before this started?",It happens suddenly and scares me.,Heightened anxiety can intensify these sensations. A grounding exercise might help bring clarity.
409,I think the TV is sending me messages.,"Thank you for sharing this. It’s a common experience in psychosis to feel watched or unsafe. You’re not alone, and we can unpack this together.",It becomes stronger when I'm anxious.,Thank you for explaining. Let’s focus on one small step you can take to feel calmer right now.
410,I’m scared someone is following me.,That sounds very distressing. Let’s take it step by step. What made you feel this way today?,It becomes stronger when I'm anxious.,Thank you for explaining. Let’s focus on one small step you can take to feel calmer right now.
411,I think the TV is sending me messages.,"Thank you for sharing this. It’s a common experience in psychosis to feel watched or unsafe. You’re not alone, and we can unpack this together.",It becomes stronger when I'm anxious.,Heightened anxiety can intensify these sensations. A grounding exercise might help bring clarity.
412,I can’t trust my own thoughts.,I hear how intense this feels. These sensations can come from heightened stress. Let’s try to understand the situation better.,I feel overwhelmed.,Thank you for explaining. Let’s focus on one small step you can take to feel calmer right now.
413,I think the TV is sending me messages.,That sounds very distressing. Let’s take it step by step. What made you feel this way today?,I don’t know how to explain it.,Thank you for explaining. Let’s focus on one small step you can take to feel calmer right now.
414,My thoughts don’t feel private.,"That sounds frightening. I’m here with you. These experiences can feel very real, especially during stress. Can we explore what was happening before this started?",I haven't slept properly for days.,Stress can amplify these perceptions. Let’s identify a coping strategy you can use right now.
415,I’m losing control of my mind.,"That sounds frightening. I’m here with you. These experiences can feel very real, especially during stress. Can we explore what was happening before this started?",It becomes stronger when I'm anxious.,Thank you for explaining. Let’s focus on one small step you can take to feel calmer right now.
416,I’m losing control of my mind.,That sounds very distressing. Let’s take it step by step. What made you feel this way today?,I feel overwhelmed.,Heightened anxiety can intensify these sensations. A grounding exercise might help bring clarity.
417,Voices keep whispering my name.,"That sounds frightening. I’m here with you. These experiences can feel very real, especially during stress. Can we explore what was happening before this started?",I haven't slept properly for days.,Thank you for explaining. Let’s focus on one small step you can take to feel calmer right now.
418,I think the TV is sending me messages.,That sounds very distressing. Let’s take it step by step. What made you feel this way today?,It gets worse at night.,Stress can amplify these perceptions. Let’s identify a coping strategy you can use right now.
419,I can’t trust my own thoughts.,That sounds very distressing. Let’s take it step by step. What made you feel this way today?,It becomes stronger when I'm anxious.,Stress can amplify these perceptions. Let’s identify a coping strategy you can use right now.
420,Voices keep whispering my name.,It makes sense that this feels overwhelming. Sometimes the mind reacts this way when sleep or stress becomes difficult. Let’s look at what might be triggering this.,It started after a stressful week.,Heightened anxiety can intensify these sensations. A grounding exercise might help bring clarity.
421,I’m scared someone is following me.,I hear how intense this feels. These sensations can come from heightened stress. Let’s try to understand the situation better.,It becomes stronger when I'm anxious.,Lack of sleep can make these experiences stronger. Working on rest and grounding might help reduce this feeling.
422,I can’t trust my own thoughts.,"Thank you for sharing this. It’s a common experience in psychosis to feel watched or unsafe. You’re not alone, and we can unpack this together.",I feel tense all day.,Heightened anxiety can intensify these sensations. A grounding exercise might help bring clarity.
423,I think the TV is sending me messages.,That sounds very distressing. Let’s take it step by step. What made you feel this way today?,I don’t know how to explain it.,Lack of sleep can make these experiences stronger. Working on rest and grounding might help reduce this feeling.
424,I feel detached from reality.,"Thank you for sharing this. It’s a common experience in psychosis to feel watched or unsafe. You’re not alone, and we can unpack this together.",It started after a stressful week.,Stress can amplify these perceptions. Let’s identify a coping strategy you can use right now.
425,I feel like someone is watching me.,I hear how intense this feels. These sensations can come from heightened stress. Let’s try to understand the situation better.,I haven't slept properly for days.,Stress can amplify these perceptions. Let’s identify a coping strategy you can use right now.
426,I can’t focus; everything feels jumbled.,"That sounds frightening. I’m here with you. These experiences can feel very real, especially during stress. Can we explore what was happening before this started?",I haven't slept properly for days.,Thank you for explaining. Let’s focus on one small step you can take to feel calmer right now.
427,I feel detached from reality.,That sounds very distressing. Let’s take it step by step. What made you feel this way today?,It happens suddenly and scares me.,Heightened anxiety can intensify these sensations. A grounding exercise might help bring clarity.
428,Voices keep whispering my name.,I hear how intense this feels. These sensations can come from heightened stress. Let’s try to understand the situation better.,I feel unsafe when I'm alone.,You’re not in danger at this moment. Let’s check the evidence together and see what supports your safety.
429,I’m scared someone is following me.,"Thank you for sharing this. It’s a common experience in psychosis to feel watched or unsafe. You’re not alone, and we can unpack this together.",It happens suddenly and scares me.,Lack of sleep can make these experiences stronger. Working on rest and grounding might help reduce this feeling.
430,I’m scared someone is following me.,"Thank you for sharing this. It’s a common experience in psychosis to feel watched or unsafe. You’re not alone, and we can unpack this together.",I feel overwhelmed.,Lack of sleep can make these experiences stronger. Working on rest and grounding might help reduce this feeling.
431,I can’t focus; everything feels jumbled.,"That sounds frightening. I’m here with you. These experiences can feel very real, especially during stress. Can we explore what was happening before this started?",It happens suddenly and scares me.,Lack of sleep can make these experiences stronger. Working on rest and grounding might help reduce this feeling.
432,I can’t focus; everything feels jumbled.,That sounds very distressing. Let’s take it step by step. What made you feel this way today?,It gets worse at night.,Stress can amplify these perceptions. Let’s identify a coping strategy you can use right now.
433,I feel like someone is watching me.,I hear how intense this feels. These sensations can come from heightened stress. Let’s try to understand the situation better.,I haven't slept properly for days.,Lack of sleep can make these experiences stronger. Working on rest and grounding might help reduce this feeling.
434,I can’t focus; everything feels jumbled.,I hear how intense this feels. These sensations can come from heightened stress. Let’s try to understand the situation better.,I feel overwhelmed.,Lack of sleep can make these experiences stronger. Working on rest and grounding might help reduce this feeling.
435,Voices keep whispering my name.,That sounds very distressing. Let’s take it step by step. What made you feel this way today?,I feel overwhelmed.,Heightened anxiety can intensify these sensations. A grounding exercise might help bring clarity.
436,I’m scared someone is following me.,I hear how intense this feels. These sensations can come from heightened stress. Let’s try to understand the situation better.,I feel unsafe when I'm alone.,Thank you for explaining. Let’s focus on one small step you can take to feel calmer right now.
437,I’m losing control of my mind.,It makes sense that this feels overwhelming. Sometimes the mind reacts this way when sleep or stress becomes difficult. Let’s look at what might be triggering this.,It gets worse at night.,You’re not in danger at this moment. Let’s check the evidence together and see what supports your safety.
438,I feel like my family is hiding something.,I hear how intense this feels. These sensations can come from heightened stress. Let’s try to understand the situation better.,It gets worse at night.,Thank you for explaining. Let’s focus on one small step you can take to feel calmer right now.
439,I feel like someone is watching me.,I hear how intense this feels. These sensations can come from heightened stress. Let’s try to understand the situation better.,It happens suddenly and scares me.,Thank you for explaining. Let’s focus on one small step you can take to feel calmer right now.
440,I can’t trust my own thoughts.,I hear how intense this feels. These sensations can come from heightened stress. Let’s try to understand the situation better.,I haven't slept properly for days.,You’re not in danger at this moment. Let’s check the evidence together and see what supports your safety.
441,I’m scared someone is following me.,"Thank you for sharing this. It’s a common experience in psychosis to feel watched or unsafe. You’re not alone, and we can unpack this together.",I don’t know how to explain it.,Heightened anxiety can intensify these sensations. A grounding exercise might help bring clarity.
442,I can’t focus; everything feels jumbled.,"That sounds frightening. I’m here with you. These experiences can feel very real, especially during stress. Can we explore what was happening before this started?",I don’t know how to explain it.,Stress can amplify these perceptions. Let’s identify a coping strategy you can use right now.
443,I feel detached from reality.,"That sounds frightening. I’m here with you. These experiences can feel very real, especially during stress. Can we explore what was happening before this started?",My routine has been disturbed.,Thank you for explaining. Let’s focus on one small step you can take to feel calmer right now.
444,Voices keep whispering my name.,It makes sense that this feels overwhelming. Sometimes the mind reacts this way when sleep or stress becomes difficult. Let’s look at what might be triggering this.,I feel overwhelmed.,You’re not in danger at this moment. Let’s check the evidence together and see what supports your safety.
445,I can’t trust my own thoughts.,That sounds very distressing. Let’s take it step by step. What made you feel this way today?,It started after a stressful week.,Heightened anxiety can intensify these sensations. A grounding exercise might help bring clarity.
446,I’m losing control of my mind.,It makes sense that this feels overwhelming. Sometimes the mind reacts this way when sleep or stress becomes difficult. Let’s look at what might be triggering this.,It happens suddenly and scares me.,Thank you for explaining. Let’s focus on one small step you can take to feel calmer right now.
447,I’m scared someone is following me.,That sounds very distressing. Let’s take it step by step. What made you feel this way today?,It started after a stressful week.,You’re not in danger at this moment. Let’s check the evidence together and see what supports your safety.
448,I feel like my family is hiding something.,That sounds very distressing. Let’s take it step by step. What made you feel this way today?,My routine has been disturbed.,Thank you for explaining. Let’s focus on one small step you can take to feel calmer right now.
449,I can’t trust my own thoughts.,It makes sense that this feels overwhelming. Sometimes the mind reacts this way when sleep or stress becomes difficult. Let’s look at what might be triggering this.,It started after a stressful week.,Lack of sleep can make these experiences stronger. Working on rest and grounding might help reduce this feeling.
450,I feel detached from reality.,"That sounds frightening. I’m here with you. These experiences can feel very real, especially during stress. Can we explore what was happening before this started?",It gets worse at night.,Stress can amplify these perceptions. Let’s identify a coping strategy you can use right now.
451,I’m losing control of my mind.,"That sounds frightening. I’m here with you. These experiences can feel very real, especially during stress. Can we explore what was happening before this started?",I feel unsafe when I'm alone.,Heightened anxiety can intensify these sensations. A grounding exercise might help bring clarity.
452,I’m losing control of my mind.,I hear how intense this feels. These sensations can come from heightened stress. Let’s try to understand the situation better.,I feel overwhelmed.,Heightened anxiety can intensify these sensations. A grounding exercise might help bring clarity.
453,Voices keep whispering my name.,That sounds very distressing. Let’s take it step by step. What made you feel this way today?,It started after a stressful week.,Lack of sleep can make these experiences stronger. Working on rest and grounding might help reduce this feeling.
454,I feel detached from reality.,"That sounds frightening. I’m here with you. These experiences can feel very real, especially during stress. Can we explore what was happening before this started?",I don’t know how to explain it.,Heightened anxiety can intensify these sensations. A grounding exercise might help bring clarity.
455,I feel like someone is watching me.,It makes sense that this feels overwhelming. Sometimes the mind reacts this way when sleep or stress becomes difficult. Let’s look at what might be triggering this.,It becomes stronger when I'm anxious.,Lack of sleep can make these experiences stronger. Working on rest and grounding might help reduce this feeling.
456,I’m losing control of my mind.,That sounds very distressing. Let’s take it step by step. What made you feel this way today?,It becomes stronger when I'm anxious.,Stress can amplify these perceptions. Let’s identify a coping strategy you can use right now.
457,I’m scared someone is following me.,"Thank you for sharing this. It’s a common experience in psychosis to feel watched or unsafe. You’re not alone, and we can unpack this together.",It started after a stressful week.,Heightened anxiety can intensify these sensations. A grounding exercise might help bring clarity.
458,Voices keep whispering my name.,"That sounds frightening. I’m here with you. These experiences can feel very real, especially during stress. Can we explore what was happening before this started?",It happens suddenly and scares me.,Heightened anxiety can intensify these sensations. A grounding exercise might help bring clarity.
459,I think the TV is sending me messages.,I hear how intense this feels. These sensations can come from heightened stress. Let’s try to understand the situation better.,It started after a stressful week.,You’re not in danger at this moment. Let’s check the evidence together and see what supports your safety.
460,I think the TV is sending me messages.,I hear how intense this feels. These sensations can come from heightened stress. Let’s try to understand the situation better.,I feel unsafe when I'm alone.,Stress can amplify these perceptions. Let’s identify a coping strategy you can use right now.
461,I can’t trust my own thoughts.,"Thank you for sharing this. It’s a common experience in psychosis to feel watched or unsafe. You’re not alone, and we can unpack this together.",I haven't slept properly for days.,Heightened anxiety can intensify these sensations. A grounding exercise might help bring clarity.
462,I’m losing control of my mind.,"Thank you for sharing this. It’s a common experience in psychosis to feel watched or unsafe. You’re not alone, and we can unpack this together.",It started after a stressful week.,Thank you for explaining. Let’s focus on one small step you can take to feel calmer right now.
463,I feel like someone is watching me.,It makes sense that this feels overwhelming. Sometimes the mind reacts this way when sleep or stress becomes difficult. Let’s look at what might be triggering this.,I don’t know how to explain it.,Thank you for explaining. Let’s focus on one small step you can take to feel calmer right now.
464,My thoughts don’t feel private.,It makes sense that this feels overwhelming. Sometimes the mind reacts this way when sleep or stress becomes difficult. Let’s look at what might be triggering this.,It becomes stronger when I'm anxious.,Thank you for explaining. Let’s focus on one small step you can take to feel calmer right now.
465,My thoughts don’t feel private.,I hear how intense this feels. These sensations can come from heightened stress. Let’s try to understand the situation better.,It becomes stronger when I'm anxious.,Thank you for explaining. Let’s focus on one small step you can take to feel calmer right now.
466,I can’t trust my own thoughts.,"That sounds frightening. I’m here with you. These experiences can feel very real, especially during stress. Can we explore what was happening before this started?",It started after a stressful week.,Thank you for explaining. Let’s focus on one small step you can take to feel calmer right now.
467,I feel like someone is watching me.,"Thank you for sharing this. It’s a common experience in psychosis to feel watched or unsafe. You’re not alone, and we can unpack this together.",It becomes stronger when I'm anxious.,Stress can amplify these perceptions. Let’s identify a coping strategy you can use right now.
468,My thoughts don’t feel private.,"That sounds frightening. I’m here with you. These experiences can feel very real, especially during stress. Can we explore what was happening before this started?",It becomes stronger when I'm anxious.,Thank you for explaining. Let’s focus on one small step you can take to feel calmer right now.
469,I feel like my family is hiding something.,"That sounds frightening. I’m here with you. These experiences can feel very real, especially during stress. Can we explore what was happening before this started?",I feel unsafe when I'm alone.,Stress can amplify these perceptions. Let’s identify a coping strategy you can use right now.
470,My thoughts don’t feel private.,"Thank you for sharing this. It’s a common experience in psychosis to feel watched or unsafe. You’re not alone, and we can unpack this together.",I don’t know how to explain it.,You’re not in danger at this moment. Let’s check the evidence together and see what supports your safety.
471,I’m losing control of my mind.,That sounds very distressing. Let’s take it step by step. What made you feel this way today?,It becomes stronger when I'm anxious.,You’re not in danger at this moment. Let’s check the evidence together and see what supports your safety.
472,I feel detached from reality.,"Thank you for sharing this. It’s a common experience in psychosis to feel watched or unsafe. You’re not alone, and we can unpack this together.",I feel unsafe when I'm alone.,Thank you for explaining. Let’s focus on one small step you can take to feel calmer right now.
473,I’m losing control of my mind.,It makes sense that this feels overwhelming. Sometimes the mind reacts this way when sleep or stress becomes difficult. Let’s look at what might be triggering this.,I feel unsafe when I'm alone.,You’re not in danger at this moment. Let’s check the evidence together and see what supports your safety.
474,My thoughts don’t feel private.,It makes sense that this feels overwhelming. Sometimes the mind reacts this way when sleep or stress becomes difficult. Let’s look at what might be triggering this.,I haven't slept properly for days.,Stress can amplify these perceptions. Let’s identify a coping strategy you can use right now.
475,I’m losing control of my mind.,"That sounds frightening. I’m here with you. These experiences can feel very real, especially during stress. Can we explore what was happening before this started?",It gets worse at night.,Lack of sleep can make these experiences stronger. Working on rest and grounding might help reduce this feeling.
476,My thoughts don’t feel private.,That sounds very distressing. Let’s take it step by step. What made you feel this way today?,I feel unsafe when I'm alone.,Heightened anxiety can intensify these sensations. A grounding exercise might help bring clarity.
477,I feel like someone is watching me.,"That sounds frightening. I’m here with you. These experiences can feel very real, especially during stress. Can we explore what was happening before this started?",My routine has been disturbed.,Heightened anxiety can intensify these sensations. A grounding exercise might help bring clarity.
478,I think the TV is sending me messages.,That sounds very distressing. Let’s take it step by step. What made you feel this way today?,I feel unsafe when I'm alone.,Heightened anxiety can intensify these sensations. A grounding exercise might help bring clarity.
479,I think the TV is sending me messages.,That sounds very distressing. Let’s take it step by step. What made you feel this way today?,My routine has been disturbed.,Thank you for explaining. Let’s focus on one small step you can take to feel calmer right now.
480,My thoughts don’t feel private.,"Thank you for sharing this. It’s a common experience in psychosis to feel watched or unsafe. You’re not alone, and we can unpack this together.",I feel overwhelmed.,Thank you for explaining. Let’s focus on one small step you can take to feel calmer right now.
481,I can’t focus; everything feels jumbled.,It makes sense that this feels overwhelming. Sometimes the mind reacts this way when sleep or stress becomes difficult. Let’s look at what might be triggering this.,I haven't slept properly for days.,Thank you for explaining. Let’s focus on one small step you can take to feel calmer right now.
482,My thoughts don’t feel private.,"Thank you for sharing this. It’s a common experience in psychosis to feel watched or unsafe. You’re not alone, and we can unpack this together.",I don’t know how to explain it.,Lack of sleep can make these experiences stronger. Working on rest and grounding might help reduce this feeling.
483,I feel detached from reality.,"That sounds frightening. I’m here with you. These experiences can feel very real, especially during stress. Can we explore what was happening before this started?",It gets worse at night.,Lack of sleep can make these experiences stronger. Working on rest and grounding might help reduce this feeling.
484,My thoughts don’t feel private.,"That sounds frightening. I’m here with you. These experiences can feel very real, especially during stress. Can we explore what was happening before this started?",I feel unsafe when I'm alone.,Heightened anxiety can intensify these sensations. A grounding exercise might help bring clarity.
485,I can’t focus; everything feels jumbled.,I hear how intense this feels. These sensations can come from heightened stress. Let’s try to understand the situation better.,I haven't slept properly for days.,Thank you for explaining. Let’s focus on one small step you can take to feel calmer right now.
486,I can’t focus; everything feels jumbled.,It makes sense that this feels overwhelming. Sometimes the mind reacts this way when sleep or stress becomes difficult. Let’s look at what might be triggering this.,It gets worse at night.,Stress can amplify these perceptions. Let’s identify a coping strategy you can use right now.
487,I can’t trust my own thoughts.,It makes sense that this feels overwhelming. Sometimes the mind reacts this way when sleep or stress becomes difficult. Let’s look at what might be triggering this.,I feel tense all day.,Stress can amplify these perceptions. Let’s identify a coping strategy you can use right now.
488,I can’t trust my own thoughts.,"That sounds frightening. I’m here with you. These experiences can feel very real, especially during stress. Can we explore what was happening before this started?",It happens suddenly and scares me.,Heightened anxiety can intensify these sensations. A grounding exercise might help bring clarity.
489,I think the TV is sending me messages.,"Thank you for sharing this. It’s a common experience in psychosis to feel watched or unsafe. You’re not alone, and we can unpack this together.",I don’t know how to explain it.,You’re not in danger at this moment. Let’s check the evidence together and see what supports your safety.
490,I can’t focus; everything feels jumbled.,That sounds very distressing. Let’s take it step by step. What made you feel this way today?,It happens suddenly and scares me.,Heightened anxiety can intensify these sensations. A grounding exercise might help bring clarity.
491,I feel like my family is hiding something.,It makes sense that this feels overwhelming. Sometimes the mind reacts this way when sleep or stress becomes difficult. Let’s look at what might be triggering this.,It happens suddenly and scares me.,Stress can amplify these perceptions. Let’s identify a coping strategy you can use right now.
492,Voices keep whispering my name.,"That sounds frightening. I’m here with you. These experiences can feel very real, especially during stress. Can we explore what was happening before this started?",I don’t know how to explain it.,Thank you for explaining. Let’s focus on one small step you can take to feel calmer right now.
493,My thoughts don’t feel private.,"That sounds frightening. I’m here with you. These experiences can feel very real, especially during stress. Can we explore what was happening before this started?",It becomes stronger when I'm anxious.,Lack of sleep can make these experiences stronger. Working on rest and grounding might help reduce this feeling.
494,I feel detached from reality.,That sounds very distressing. Let’s take it step by step. What made you feel this way today?,It becomes stronger when I'm anxious.,Heightened anxiety can intensify these sensations. A grounding exercise might help bring clarity.
495,I feel like my family is hiding something.,That sounds very distressing. Let’s take it step by step. What made you feel this way today?,I feel tense all day.,Lack of sleep can make these experiences stronger. Working on rest and grounding might help reduce this feeling.
496,My thoughts don’t feel private.,"Thank you for sharing this. It’s a common experience in psychosis to feel watched or unsafe. You’re not alone, and we can unpack this together.",It started after a stressful week.,Thank you for explaining. Let’s focus on one small step you can take to feel calmer right now.
497,I feel detached from reality.,"That sounds frightening. I’m here with you. These experiences can feel very real, especially during stress. Can we explore what was happening before this started?",It gets worse at night.,Heightened anxiety can intensify these sensations. A grounding exercise might help bring clarity.
498,I’m losing control of my mind.,That sounds very distressing. Let’s take it step by step. What made you feel this way today?,I feel tense all day.,Heightened anxiety can intensify these sensations. A grounding exercise might help bring clarity.
499,Voices keep whispering my name.,I hear how intense this feels. These sensations can come from heightened stress. Let’s try to understand the situation better.,I feel tense all day.,Heightened anxiety can intensify these sensations. A grounding exercise might help bring clarity.
500,I’m losing control of my mind.,I hear how intense this feels. These sensations can come from heightened stress. Let’s try to understand the situation better.,I don’t know how to explain it.,Stress can amplify these perceptions. Let’s identify a coping strategy you can use right now.
501,Voices keep whispering my name.,"That sounds frightening. I’m here with you. These experiences can feel very real, especially during stress. Can we explore what was happening before this started?",I feel unsafe when I'm alone.,Thank you for explaining. Let’s focus on one small step you can take to feel calmer right now.
502,I can’t focus; everything feels jumbled.,That sounds very distressing. Let’s take it step by step. What made you feel this way today?,It becomes stronger when I'm anxious.,You’re not in danger at this moment. Let’s check the evidence together and see what supports your safety.
503,I think the TV is sending me messages.,That sounds very distressing. Let’s take it step by step. What made you feel this way today?,I don’t know how to explain it.,You’re not in danger at this moment. Let’s check the evidence together and see what supports your safety.
504,I think the TV is sending me messages.,"That sounds frightening. I’m here with you. These experiences can feel very real, especially during stress. Can we explore what was happening before this started?",It becomes stronger when I'm anxious.,Lack of sleep can make these experiences stronger. Working on rest and grounding might help reduce this feeling.
505,I feel like someone is watching me.,"Thank you for sharing this. It’s a common experience in psychosis to feel watched or unsafe. You’re not alone, and we can unpack this together.",I haven't slept properly for days.,Heightened anxiety can intensify these sensations. A grounding exercise might help bring clarity.
506,My thoughts don’t feel private.,"That sounds frightening. I’m here with you. These experiences can feel very real, especially during stress. Can we explore what was happening before this started?",It started after a stressful week.,Lack of sleep can make these experiences stronger. Working on rest and grounding might help reduce this feeling.
507,Voices keep whispering my name.,I hear how intense this feels. These sensations can come from heightened stress. Let’s try to understand the situation better.,It started after a stressful week.,Thank you for explaining. Let’s focus on one small step you can take to feel calmer right now.
508,I can’t focus; everything feels jumbled.,"That sounds frightening. I’m here with you. These experiences can feel very real, especially during stress. Can we explore what was happening before this started?",It started after a stressful week.,Lack of sleep can make these experiences stronger. Working on rest and grounding might help reduce this feeling.
509,I feel detached from reality.,"Thank you for sharing this. It’s a common experience in psychosis to feel watched or unsafe. You’re not alone, and we can unpack this together.",I feel unsafe when I'm alone.,Stress can amplify these perceptions. Let’s identify a coping strategy you can use right now.
510,I can’t focus; everything feels jumbled.,"Thank you for sharing this. It’s a common experience in psychosis to feel watched or unsafe. You’re not alone, and we can unpack this together.",It gets worse at night.,Stress can amplify these perceptions. Let’s identify a coping strategy you can use right now.
511,I’m scared someone is following me.,"That sounds frightening. I’m here with you. These experiences can feel very real, especially during stress. Can we explore what was happening before this started?",My routine has been disturbed.,Stress can amplify these perceptions. Let’s identify a coping strategy you can use right now.
512,I’m losing control of my mind.,"That sounds frightening. I’m here with you. These experiences can feel very real, especially during stress. Can we explore what was happening before this started?",I haven't slept properly for days.,Lack of sleep can make these experiences stronger. Working on rest and grounding might help reduce this feeling.
513,I can’t trust my own thoughts.,"That sounds frightening. I’m here with you. These experiences can feel very real, especially during stress. Can we explore what was happening before this started?",My routine has been disturbed.,You’re not in danger at this moment. Let’s check the evidence together and see what supports your safety.
514,I feel like my family is hiding something.,I hear how intense this feels. These sensations can come from heightened stress. Let’s try to understand the situation better.,It started after a stressful week.,You’re not in danger at this moment. Let’s check the evidence together and see what supports your safety.
515,My thoughts don’t feel private.,It makes sense that this feels overwhelming. Sometimes the mind reacts this way when sleep or stress becomes difficult. Let’s look at what might be triggering this.,It becomes stronger when I'm anxious.,Stress can amplify these perceptions. Let’s identify a coping strategy you can use right now.
516,My thoughts don’t feel private.,It makes sense that this feels overwhelming. Sometimes the mind reacts this way when sleep or stress becomes difficult. Let’s look at what might be triggering this.,I don’t know how to explain it.,You’re not in danger at this moment. Let’s check the evidence together and see what supports your safety.
517,Voices keep whispering my name.,"Thank you for sharing this. It’s a common experience in psychosis to feel watched or unsafe. You’re not alone, and we can unpack this together.",It started after a stressful week.,Stress can amplify these perceptions. Let’s identify a coping strategy you can use right now.
518,I’m scared someone is following me.,That sounds very distressing. Let’s take it step by step. What made you feel this way today?,I feel tense all day.,Lack of sleep can make these experiences stronger. Working on rest and grounding might help reduce this feeling.
519,I feel like someone is watching me.,"That sounds frightening. I’m here with you. These experiences can feel very real, especially during stress. Can we explore what was happening before this started?",I feel tense all day.,Heightened anxiety can intensify these sensations. A grounding exercise might help bring clarity.
520,I’m losing control of my mind.,"Thank you for sharing this. It’s a common experience in psychosis to feel watched or unsafe. You’re not alone, and we can unpack this together.",It started after a stressful week.,Heightened anxiety can intensify these sensations. A grounding exercise might help bring clarity.
521,My thoughts don’t feel private.,It makes sense that this feels overwhelming. Sometimes the mind reacts this way when sleep or stress becomes difficult. Let’s look at what might be triggering this.,It becomes stronger when I'm anxious.,Thank you for explaining. Let’s focus on one small step you can take to feel calmer right now.
522,I feel like someone is watching me.,It makes sense that this feels overwhelming. Sometimes the mind reacts this way when sleep or stress becomes difficult. Let’s look at what might be triggering this.,It becomes stronger when I'm anxious.,Heightened anxiety can intensify these sensations. A grounding exercise might help bring clarity.
523,Voices keep whispering my name.,"Thank you for sharing this. It’s a common experience in psychosis to feel watched or unsafe. You’re not alone, and we can unpack this together.",I feel unsafe when I'm alone.,Heightened anxiety can intensify these sensations. A grounding exercise might help bring clarity.
524,Voices keep whispering my name.,"That sounds frightening. I’m here with you. These experiences can feel very real, especially during stress. Can we explore what was happening before this started?",My routine has been disturbed.,Lack of sleep can make these experiences stronger. Working on rest and grounding might help reduce this feeling.
525,I think the TV is sending me messages.,I hear how intense this feels. These sensations can come from heightened stress. Let’s try to understand the situation better.,I don’t know how to explain it.,You’re not in danger at this moment. Let’s check the evidence together and see what supports your safety.
526,I’m scared someone is following me.,"That sounds frightening. I’m here with you. These experiences can feel very real, especially during stress. Can we explore what was happening before this started?",I don’t know how to explain it.,Heightened anxiety can intensify these sensations. A grounding exercise might help bring clarity.
527,I think the TV is sending me messages.,"That sounds frightening. I’m here with you. These experiences can feel very real, especially during stress. Can we explore what was happening before this started?",I haven't slept properly for days.,Heightened anxiety can intensify these sensations. A grounding exercise might help bring clarity.
528,My thoughts don’t feel private.,"That sounds frightening. I’m here with you. These experiences can feel very real, especially during stress. Can we explore what was happening before this started?",I feel unsafe when I'm alone.,You’re not in danger at this moment. Let’s check the evidence together and see what supports your safety.
529,I feel like my family is hiding something.,"That sounds frightening. I’m here with you. These experiences can feel very real, especially during stress. Can we explore what was happening before this started?",It becomes stronger when I'm anxious.,Lack of sleep can make these experiences stronger. Working on rest and grounding might help reduce this feeling.
530,My thoughts don’t feel private.,That sounds very distressing. Let’s take it step by step. What made you feel this way today?,It happens suddenly and scares me.,Stress can amplify these perceptions. Let’s identify a coping strategy you can use right now.
531,I’m scared someone is following me.,That sounds very distressing. Let’s take it step by step. What made you feel this way today?,I don’t know how to explain it.,Thank you for explaining. Let’s focus on one small step you can take to feel calmer right now.
532,I feel like someone is watching me.,That sounds very distressing. Let’s take it step by step. What made you feel this way today?,My routine has been disturbed.,Lack of sleep can make these experiences stronger. Working on rest and grounding might help reduce this feeling.
533,I can’t focus; everything feels jumbled.,"That sounds frightening. I’m here with you. These experiences can feel very real, especially during stress. Can we explore what was happening before this started?",I don’t know how to explain it.,Heightened anxiety can intensify these sensations. A grounding exercise might help bring clarity.
534,I can’t trust my own thoughts.,I hear how intense this feels. These sensations can come from heightened stress. Let’s try to understand the situation better.,I feel unsafe when I'm alone.,Heightened anxiety can intensify these sensations. A grounding exercise might help bring clarity.
535,I’m scared someone is following me.,I hear how intense this feels. These sensations can come from heightened stress. Let’s try to understand the situation better.,I feel overwhelmed.,Stress can amplify these perceptions. Let’s identify a coping strategy you can use right now.
536,I’m scared someone is following me.,It makes sense that this feels overwhelming. Sometimes the mind reacts this way when sleep or stress becomes difficult. Let’s look at what might be triggering this.,It started after a stressful week.,You’re not in danger at this moment. Let’s check the evidence together and see what supports your safety.
537,I feel like someone is watching me.,I hear how intense this feels. These sensations can come from heightened stress. Let’s try to understand the situation better.,I don’t know how to explain it.,Lack of sleep can make these experiences stronger. Working on rest and grounding might help reduce this feeling.
538,My thoughts don’t feel private.,I hear how intense this feels. These sensations can come from heightened stress. Let’s try to understand the situation better.,I haven't slept properly for days.,Lack of sleep can make these experiences stronger. Working on rest and grounding might help reduce this feeling.
539,Voices keep whispering my name.,"That sounds frightening. I’m here with you. These experiences can feel very real, especially during stress. Can we explore what was happening before this started?",It becomes stronger when I'm anxious.,Lack of sleep can make these experiences stronger. Working on rest and grounding might help reduce this feeling.
540,I can’t trust my own thoughts.,It makes sense that this feels overwhelming. Sometimes the mind reacts this way when sleep or stress becomes difficult. Let’s look at what might be triggering this.,It becomes stronger when I'm anxious.,Thank you for explaining. Let’s focus on one small step you can take to feel calmer right now.
541,I can’t focus; everything feels jumbled.,It makes sense that this feels overwhelming. Sometimes the mind reacts this way when sleep or stress becomes difficult. Let’s look at what might be triggering this.,My routine has been disturbed.,You’re not in danger at this moment. Let’s check the evidence together and see what supports your safety.
542,I’m scared someone is following me.,It makes sense that this feels overwhelming. Sometimes the mind reacts this way when sleep or stress becomes difficult. Let’s look at what might be triggering this.,I feel tense all day.,Thank you for explaining. Let’s focus on one small step you can take to feel calmer right now.
543,My thoughts don’t feel private.,It makes sense that this feels overwhelming. Sometimes the mind reacts this way when sleep or stress becomes difficult. Let’s look at what might be triggering this.,I don’t know how to explain it.,Heightened anxiety can intensify these sensations. A grounding exercise might help bring clarity.
544,I feel detached from reality.,"Thank you for sharing this. It’s a common experience in psychosis to feel watched or unsafe. You’re not alone, and we can unpack this together.",It becomes stronger when I'm anxious.,Heightened anxiety can intensify these sensations. A grounding exercise might help bring clarity.
545,Voices keep whispering my name.,"That sounds frightening. I’m here with you. These experiences can feel very real, especially during stress. Can we explore what was happening before this started?",It started after a stressful week.,Thank you for explaining. Let’s focus on one small step you can take to feel calmer right now.
546,I feel like my family is hiding something.,"Thank you for sharing this. It’s a common experience in psychosis to feel watched or unsafe. You’re not alone, and we can unpack this together.",It happens suddenly and scares me.,Thank you for explaining. Let’s focus on one small step you can take to feel calmer right now.
547,I’m scared someone is following me.,"That sounds frightening. I’m here with you. These experiences can feel very real, especially during stress. Can we explore what was happening before this started?",I haven't slept properly for days.,Heightened anxiety can intensify these sensations. A grounding exercise might help bring clarity.
548,I can’t focus; everything feels jumbled.,I hear how intense this feels. These sensations can come from heightened stress. Let’s try to understand the situation better.,I haven't slept properly for days.,Thank you for explaining. Let’s focus on one small step you can take to feel calmer right now.
549,I can’t focus; everything feels jumbled.,"Thank you for sharing this. It’s a common experience in psychosis to feel watched or unsafe. You’re not alone, and we can unpack this together.",It gets worse at night.,Lack of sleep can make these experiences stronger. Working on rest and grounding might help reduce this feeling.
550,My thoughts don’t feel private.,"That sounds frightening. I’m here with you. These experiences can feel very real, especially during stress. Can we explore what was happening before this started?",I feel tense all day.,Lack of sleep can make these experiences stronger. Working on rest and grounding might help reduce this feeling.
551,I feel like someone is watching me.,"That sounds frightening. I’m here with you. These experiences can feel very real, especially during stress. Can we explore what was happening before this started?",It happens suddenly and scares me.,Stress can amplify these perceptions. Let’s identify a coping strategy you can use right now.
552,I’m scared someone is following me.,"Thank you for sharing this. It’s a common experience in psychosis to feel watched or unsafe. You’re not alone, and we can unpack this together.",It happens suddenly and scares me.,Stress can amplify these perceptions. Let’s identify a coping strategy you can use right now.
553,I feel like my family is hiding something.,"Thank you for sharing this. It’s a common experience in psychosis to feel watched or unsafe. You’re not alone, and we can unpack this together.",It becomes stronger when I'm anxious.,Lack of sleep can make these experiences stronger. Working on rest and grounding might help reduce this feeling.
554,I think the TV is sending me messages.,I hear how intense this feels. These sensations can come from heightened stress. Let’s try to understand the situation better.,I feel overwhelmed.,Lack of sleep can make these experiences stronger. Working on rest and grounding might help reduce this feeling.
555,Voices keep whispering my name.,I hear how intense this feels. These sensations can come from heightened stress. Let’s try to understand the situation better.,I feel overwhelmed.,Stress can amplify these perceptions. Let’s identify a coping strategy you can use right now.
556,I’m scared someone is following me.,It makes sense that this feels overwhelming. Sometimes the mind reacts this way when sleep or stress becomes difficult. Let’s look at what might be triggering this.,It becomes stronger when I'm anxious.,You’re not in danger at this moment. Let’s check the evidence together and see what supports your safety.
557,I’m scared someone is following me.,"Thank you for sharing this. It’s a common experience in psychosis to feel watched or unsafe. You’re not alone, and we can unpack this together.",I feel tense all day.,Heightened anxiety can intensify these sensations. A grounding exercise might help bring clarity.
558,I feel like someone is watching me.,It makes sense that this feels overwhelming. Sometimes the mind reacts this way when sleep or stress becomes difficult. Let’s look at what might be triggering this.,I feel unsafe when I'm alone.,You’re not in danger at this moment. Let’s check the evidence together and see what supports your safety.
559,Voices keep whispering my name.,I hear how intense this feels. These sensations can come from heightened stress. Let’s try to understand the situation better.,I feel tense all day.,Lack of sleep can make these experiences stronger. Working on rest and grounding might help reduce this feeling.
560,Voices keep whispering my name.,"That sounds frightening. I’m here with you. These experiences can feel very real, especially during stress. Can we explore what was happening before this started?",I feel overwhelmed.,Stress can amplify these perceptions. Let’s identify a coping strategy you can use right now.
561,Voices keep whispering my name.,I hear how intense this feels. These sensations can come from heightened stress. Let’s try to understand the situation better.,I haven't slept properly for days.,Heightened anxiety can intensify these sensations. A grounding exercise might help bring clarity.
562,I feel like someone is watching me.,I hear how intense this feels. These sensations can come from heightened stress. Let’s try to understand the situation better.,It happens suddenly and scares me.,Lack of sleep can make these experiences stronger. Working on rest and grounding might help reduce this feeling.
563,I feel detached from reality.,"Thank you for sharing this. It’s a common experience in psychosis to feel watched or unsafe. You’re not alone, and we can unpack this together.",It happens suddenly and scares me.,Stress can amplify these perceptions. Let’s identify a coping strategy you can use right now.
564,I’m losing control of my mind.,"Thank you for sharing this. It’s a common experience in psychosis to feel watched or unsafe. You’re not alone, and we can unpack this together.",My routine has been disturbed.,Stress can amplify these perceptions. Let’s identify a coping strategy you can use right now.
565,I can’t trust my own thoughts.,I hear how intense this feels. These sensations can come from heightened stress. Let’s try to understand the situation better.,My routine has been disturbed.,You’re not in danger at this moment. Let’s check the evidence together and see what supports your safety.
566,I can’t trust my own thoughts.,That sounds very distressing. Let’s take it step by step. What made you feel this way today?,I feel unsafe when I'm alone.,Stress can amplify these perceptions. Let’s identify a coping strategy you can use right now.
567,I’m scared someone is following me.,That sounds very distressing. Let’s take it step by step. What made you feel this way today?,It becomes stronger when I'm anxious.,Stress can amplify these perceptions. Let’s identify a coping strategy you can use right now.
568,I’m scared someone is following me.,"That sounds frightening. I’m here with you. These experiences can feel very real, especially during stress. Can we explore what was happening before this started?",I haven't slept properly for days.,Thank you for explaining. Let’s focus on one small step you can take to feel calmer right now.
569,I feel detached from reality.,"Thank you for sharing this. It’s a common experience in psychosis to feel watched or unsafe. You’re not alone, and we can unpack this together.",I don’t know how to explain it.,Thank you for explaining. Let’s focus on one small step you can take to feel calmer right now.
570,I can’t focus; everything feels jumbled.,"That sounds frightening. I’m here with you. These experiences can feel very real, especially during stress. Can we explore what was happening before this started?",My routine has been disturbed.,You’re not in danger at this moment. Let’s check the evidence together and see what supports your safety.
571,I feel detached from reality.,"Thank you for sharing this. It’s a common experience in psychosis to feel watched or unsafe. You’re not alone, and we can unpack this together.",I don’t know how to explain it.,You’re not in danger at this moment. Let’s check the evidence together and see what supports your safety.
572,I’m losing control of my mind.,"That sounds frightening. I’m here with you. These experiences can feel very real, especially during stress. Can we explore what was happening before this started?",I feel tense all day.,Heightened anxiety can intensify these sensations. A grounding exercise might help bring clarity.
573,I’m losing control of my mind.,"Thank you for sharing this. It’s a common experience in psychosis to feel watched or unsafe. You’re not alone, and we can unpack this together.",It happens suddenly and scares me.,Heightened anxiety can intensify these sensations. A grounding exercise might help bring clarity.
574,Voices keep whispering my name.,I hear how intense this feels. These sensations can come from heightened stress. Let’s try to understand the situation better.,I feel overwhelmed.,Stress can amplify these perceptions. Let’s identify a coping strategy you can use right now.
575,Voices keep whispering my name.,It makes sense that this feels overwhelming. Sometimes the mind reacts this way when sleep or stress becomes difficult. Let’s look at what might be triggering this.,It gets worse at night.,Thank you for explaining. Let’s focus on one small step you can take to feel calmer right now.
576,I’m losing control of my mind.,It makes sense that this feels overwhelming. Sometimes the mind reacts this way when sleep or stress becomes difficult. Let’s look at what might be triggering this.,It started after a stressful week.,Stress can amplify these perceptions. Let’s identify a coping strategy you can use right now.
577,I feel detached from reality.,"That sounds frightening. I’m here with you. These experiences can feel very real, especially during stress. Can we explore what was happening before this started?",I don’t know how to explain it.,You’re not in danger at this moment. Let’s check the evidence together and see what supports your safety.
578,I can’t trust my own thoughts.,That sounds very distressing. Let’s take it step by step. What made you feel this way today?,My routine has been disturbed.,You’re not in danger at this moment. Let’s check the evidence together and see what supports your safety.
579,I feel detached from reality.,"That sounds frightening. I’m here with you. These experiences can feel very real, especially during stress. Can we explore what was happening before this started?",It started after a stressful week.,Stress can amplify these perceptions. Let’s identify a coping strategy you can use right now.
580,I can’t trust my own thoughts.,"That sounds frightening. I’m here with you. These experiences can feel very real, especially during stress. Can we explore what was happening before this started?",I haven't slept properly for days.,Stress can amplify these perceptions. Let’s identify a coping strategy you can use right now.
581,I’m losing control of my mind.,I hear how intense this feels. These sensations can come from heightened stress. Let’s try to understand the situation better.,It becomes stronger when I'm anxious.,You’re not in danger at this moment. Let’s check the evidence together and see what supports your safety.
582,I think the TV is sending me messages.,I hear how intense this feels. These sensations can come from heightened stress. Let’s try to understand the situation better.,My routine has been disturbed.,Thank you for explaining. Let’s focus on one small step you can take to feel calmer right now.
583,I’m scared someone is following me.,It makes sense that this feels overwhelming. Sometimes the mind reacts this way when sleep or stress becomes difficult. Let’s look at what might be triggering this.,I feel unsafe when I'm alone.,Stress can amplify these perceptions. Let’s identify a coping strategy you can use right now.
584,Voices keep whispering my name.,I hear how intense this feels. These sensations can come from heightened stress. Let’s try to understand the situation better.,It becomes stronger when I'm anxious.,Stress can amplify these perceptions. Let’s identify a coping strategy you can use right now.
585,I feel detached from reality.,It makes sense that this feels overwhelming. Sometimes the mind reacts this way when sleep or stress becomes difficult. Let’s look at what might be triggering this.,It becomes stronger when I'm anxious.,Heightened anxiety can intensify these sensations. A grounding exercise might help bring clarity.
586,I think the TV is sending me messages.,"Thank you for sharing this. It’s a common experience in psychosis to feel watched or unsafe. You’re not alone, and we can unpack this together.",I don’t know how to explain it.,Stress can amplify these perceptions. Let’s identify a coping strategy you can use right now.
587,I can’t trust my own thoughts.,That sounds very distressing. Let’s take it step by step. What made you feel this way today?,I don’t know how to explain it.,Stress can amplify these perceptions. Let’s identify a coping strategy you can use right now.
588,I can’t focus; everything feels jumbled.,"That sounds frightening. I’m here with you. These experiences can feel very real, especially during stress. Can we explore what was happening before this started?",It becomes stronger when I'm anxious.,You’re not in danger at this moment. Let’s check the evidence together and see what supports your safety.
589,I can’t focus; everything feels jumbled.,I hear how intense this feels. These sensations can come from heightened stress. Let’s try to understand the situation better.,I feel unsafe when I'm alone.,Heightened anxiety can intensify these sensations. A grounding exercise might help bring clarity.
590,I feel detached from reality.,I hear how intense this feels. These sensations can come from heightened stress. Let’s try to understand the situation better.,I feel overwhelmed.,Stress can amplify these perceptions. Let’s identify a coping strategy you can use right now.
591,I feel detached from reality.,That sounds very distressing. Let’s take it step by step. What made you feel this way today?,It gets worse at night.,You’re not in danger at this moment. Let’s check the evidence together and see what supports your safety.
592,My thoughts don’t feel private.,That sounds very distressing. Let’s take it step by step. What made you feel this way today?,I don’t know how to explain it.,Stress can amplify these perceptions. Let’s identify a coping strategy you can use right now.
593,I can’t trust my own thoughts.,It makes sense that this feels overwhelming. Sometimes the mind reacts this way when sleep or stress becomes difficult. Let’s look at what might be triggering this.,My routine has been disturbed.,Stress can amplify these perceptions. Let’s identify a coping strategy you can use right now.
594,I feel like someone is watching me.,"Thank you for sharing this. It’s a common experience in psychosis to feel watched or unsafe. You’re not alone, and we can unpack this together.",I feel tense all day.,Stress can amplify these perceptions. Let’s identify a coping strategy you can use right now.
595,I feel like someone is watching me.,I hear how intense this feels. These sensations can come from heightened stress. Let’s try to understand the situation better.,It gets worse at night.,Lack of sleep can make these experiences stronger. Working on rest and grounding might help reduce this feeling.
596,I can’t focus; everything feels jumbled.,"That sounds frightening. I’m here with you. These experiences can feel very real, especially during stress. Can we explore what was happening before this started?",I haven't slept properly for days.,Stress can amplify these perceptions. Let’s identify a coping strategy you can use right now.
597,I can’t trust my own thoughts.,That sounds very distressing. Let’s take it step by step. What made you feel this way today?,I haven't slept properly for days.,Stress can amplify these perceptions. Let’s identify a coping strategy you can use right now.
598,I can’t focus; everything feels jumbled.,I hear how intense this feels. These sensations can come from heightened stress. Let’s try to understand the situation better.,I feel unsafe when I'm alone.,Lack of sleep can make these experiences stronger. Working on rest and grounding might help reduce this feeling.
599,I feel detached from reality.,"Thank you for sharing this. It’s a common experience in psychosis to feel watched or unsafe. You’re not alone, and we can unpack this together.",I feel overwhelmed.,You’re not in danger at this moment. Let’s check the evidence together and see what supports your safety.
600,I feel detached from reality.,"Thank you for sharing this. It’s a common experience in psychosis to feel watched or unsafe. You’re not alone, and we can unpack this together.",I feel tense all day.,Thank you for explaining. Let’s focus on one small step you can take to feel calmer right now.
601,I think the TV is sending me messages.,"Thank you for sharing this. It’s a common experience in psychosis to feel watched or unsafe. You’re not alone, and we can unpack this together.",It becomes stronger when I'm anxious.,Lack of sleep can make these experiences stronger. Working on rest and grounding might help reduce this feeling.
602,I can’t trust my own thoughts.,"That sounds frightening. I’m here with you. These experiences can feel very real, especially during stress. Can we explore what was happening before this started?",I feel tense all day.,Thank you for explaining. Let’s focus on one small step you can take to feel calmer right now.
603,I’m scared someone is following me.,I hear how intense this feels. These sensations can come from heightened stress. Let’s try to understand the situation better.,It started after a stressful week.,Lack of sleep can make these experiences stronger. Working on rest and grounding might help reduce this feeling.
604,I can’t focus; everything feels jumbled.,"That sounds frightening. I’m here with you. These experiences can feel very real, especially during stress. Can we explore what was happening before this started?",It happens suddenly and scares me.,Stress can amplify these perceptions. Let’s identify a coping strategy you can use right now.
605,I’m scared someone is following me.,I hear how intense this feels. These sensations can come from heightened stress. Let’s try to understand the situation better.,I feel overwhelmed.,Stress can amplify these perceptions. Let’s identify a coping strategy you can use right now.
606,Voices keep whispering my name.,"That sounds frightening. I’m here with you. These experiences can feel very real, especially during stress. Can we explore what was happening before this started?",It gets worse at night.,Lack of sleep can make these experiences stronger. Working on rest and grounding might help reduce this feeling.
607,I can’t trust my own thoughts.,I hear how intense this feels. These sensations can come from heightened stress. Let’s try to understand the situation better.,I haven't slept properly for days.,You’re not in danger at this moment. Let’s check the evidence together and see what supports your safety.
608,I’m scared someone is following me.,"That sounds frightening. I’m here with you. These experiences can feel very real, especially during stress. Can we explore what was happening before this started?",My routine has been disturbed.,Stress can amplify these perceptions. Let’s identify a coping strategy you can use right now.
609,My thoughts don’t feel private.,That sounds very distressing. Let’s take it step by step. What made you feel this way today?,It gets worse at night.,You’re not in danger at this moment. Let’s check the evidence together and see what supports your safety.
610,I feel like my family is hiding something.,That sounds very distressing. Let’s take it step by step. What made you feel this way today?,I feel tense all day.,Heightened anxiety can intensify these sensations. A grounding exercise might help bring clarity.
611,I’m losing control of my mind.,"That sounds frightening. I’m here with you. These experiences can feel very real, especially during stress. Can we explore what was happening before this started?",I feel unsafe when I'm alone.,Heightened anxiety can intensify these sensations. A grounding exercise might help bring clarity.
612,I feel like my family is hiding something.,I hear how intense this feels. These sensations can come from heightened stress. Let’s try to understand the situation better.,It happens suddenly and scares me.,Heightened anxiety can intensify these sensations. A grounding exercise might help bring clarity.
613,I can’t focus; everything feels jumbled.,I hear how intense this feels. These sensations can come from heightened stress. Let’s try to understand the situation better.,It gets worse at night.,You’re not in danger at this moment. Let’s check the evidence together and see what supports your safety.
614,I think the TV is sending me messages.,"That sounds frightening. I’m here with you. These experiences can feel very real, especially during stress. Can we explore what was happening before this started?",It started after a stressful week.,Stress can amplify these perceptions. Let’s identify a coping strategy you can use right now.
615,I feel like my family is hiding something.,That sounds very distressing. Let’s take it step by step. What made you feel this way today?,It becomes stronger when I'm anxious.,Stress can amplify these perceptions. Let’s identify a coping strategy you can use right now.
616,I feel like my family is hiding something.,I hear how intense this feels. These sensations can come from heightened stress. Let’s try to understand the situation better.,It becomes stronger when I'm anxious.,Heightened anxiety can intensify these sensations. A grounding exercise might help bring clarity.
617,Voices keep whispering my name.,"That sounds frightening. I’m here with you. These experiences can feel very real, especially during stress. Can we explore what was happening before this started?",It gets worse at night.,Stress can amplify these perceptions. Let’s identify a coping strategy you can use right now.
618,Voices keep whispering my name.,It makes sense that this feels overwhelming. Sometimes the mind reacts this way when sleep or stress becomes difficult. Let’s look at what might be triggering this.,I feel overwhelmed.,Thank you for explaining. Let’s focus on one small step you can take to feel calmer right now.
619,I feel detached from reality.,That sounds very distressing. Let’s take it step by step. What made you feel this way today?,It happens suddenly and scares me.,Heightened anxiety can intensify these sensations. A grounding exercise might help bring clarity.
620,I can’t focus; everything feels jumbled.,That sounds very distressing. Let’s take it step by step. What made you feel this way today?,I feel tense all day.,Thank you for explaining. Let’s focus on one small step you can take to feel calmer right now.
621,I’m losing control of my mind.,"That sounds frightening. I’m here with you. These experiences can feel very real, especially during stress. Can we explore what was happening before this started?",It started after a stressful week.,Heightened anxiety can intensify these sensations. A grounding exercise might help bring clarity.
622,I can’t focus; everything feels jumbled.,I hear how intense this feels. These sensations can come from heightened stress. Let’s try to understand the situation better.,I feel tense all day.,You’re not in danger at this moment. Let’s check the evidence together and see what supports your safety.
623,I feel like my family is hiding something.,I hear how intense this feels. These sensations can come from heightened stress. Let’s try to understand the situation better.,My routine has been disturbed.,You’re not in danger at this moment. Let’s check the evidence together and see what supports your safety.
624,I’m losing control of my mind.,I hear how intense this feels. These sensations can come from heightened stress. Let’s try to understand the situation better.,It becomes stronger when I'm anxious.,Stress can amplify these perceptions. Let’s identify a coping strategy you can use right now.
625,I can’t trust my own thoughts.,It makes sense that this feels overwhelming. Sometimes the mind reacts this way when sleep or stress becomes difficult. Let’s look at what might be triggering this.,I feel unsafe when I'm alone.,Stress can amplify these perceptions. Let’s identify a coping strategy you can use right now.
626,I feel like someone is watching me.,That sounds very distressing. Let’s take it step by step. What made you feel this way today?,I feel unsafe when I'm alone.,Lack of sleep can make these experiences stronger. Working on rest and grounding might help reduce this feeling.
627,Voices keep whispering my name.,"That sounds frightening. I’m here with you. These experiences can feel very real, especially during stress. Can we explore what was happening before this started?",I feel overwhelmed.,Lack of sleep can make these experiences stronger. Working on rest and grounding might help reduce this feeling.
628,I’m scared someone is following me.,That sounds very distressing. Let’s take it step by step. What made you feel this way today?,It becomes stronger when I'm anxious.,Thank you for explaining. Let’s focus on one small step you can take to feel calmer right now.
629,I feel detached from reality.,It makes sense that this feels overwhelming. Sometimes the mind reacts this way when sleep or stress becomes difficult. Let’s look at what might be triggering this.,I don’t know how to explain it.,You’re not in danger at this moment. Let’s check the evidence together and see what supports your safety.
630,I can’t trust my own thoughts.,"That sounds frightening. I’m here with you. These experiences can feel very real, especially during stress. Can we explore what was happening before this started?",I feel tense all day.,Stress can amplify these perceptions. Let’s identify a coping strategy you can use right now.
631,I think the TV is sending me messages.,That sounds very distressing. Let’s take it step by step. What made you feel this way today?,It gets worse at night.,Thank you for explaining. Let’s focus on one small step you can take to feel calmer right now.
632,I can’t focus; everything feels jumbled.,I hear how intense this feels. These sensations can come from heightened stress. Let’s try to understand the situation better.,It started after a stressful week.,Lack of sleep can make these experiences stronger. Working on rest and grounding might help reduce this feeling.
633,Voices keep whispering my name.,That sounds very distressing. Let’s take it step by step. What made you feel this way today?,I feel unsafe when I'm alone.,Lack of sleep can make these experiences stronger. Working on rest and grounding might help reduce this feeling.
634,My thoughts don’t feel private.,That sounds very distressing. Let’s take it step by step. What made you feel this way today?,It happens suddenly and scares me.,You’re not in danger at this moment. Let’s check the evidence together and see what supports your safety.
635,Voices keep whispering my name.,It makes sense that this feels overwhelming. Sometimes the mind reacts this way when sleep or stress becomes difficult. Let’s look at what might be triggering this.,It happens suddenly and scares me.,Heightened anxiety can intensify these sensations. A grounding exercise might help bring clarity.
636,I’m scared someone is following me.,"That sounds frightening. I’m here with you. These experiences can feel very real, especially during stress. Can we explore what was happening before this started?",It gets worse at night.,Thank you for explaining. Let’s focus on one small step you can take to feel calmer right now.
637,I’m scared someone is following me.,"That sounds frightening. I’m here with you. These experiences can feel very real, especially during stress. Can we explore what was happening before this started?",I feel tense all day.,Lack of sleep can make these experiences stronger. Working on rest and grounding might help reduce this feeling.
638,My thoughts don’t feel private.,That sounds very distressing. Let’s take it step by step. What made you feel this way today?,It becomes stronger when I'm anxious.,Heightened anxiety can intensify these sensations. A grounding exercise might help bring clarity.
639,Voices keep whispering my name.,That sounds very distressing. Let’s take it step by step. What made you feel this way today?,It started after a stressful week.,Thank you for explaining. Let’s focus on one small step you can take to feel calmer right now.
640,Voices keep whispering my name.,"That sounds frightening. I’m here with you. These experiences can feel very real, especially during stress. Can we explore what was happening before this started?",It gets worse at night.,Lack of sleep can make these experiences stronger. Working on rest and grounding might help reduce this feeling.
641,I’m losing control of my mind.,I hear how intense this feels. These sensations can come from heightened stress. Let’s try to understand the situation better.,My routine has been disturbed.,Lack of sleep can make these experiences stronger. Working on rest and grounding might help reduce this feeling.
642,I’m scared someone is following me.,It makes sense that this feels overwhelming. Sometimes the mind reacts this way when sleep or stress becomes difficult. Let’s look at what might be triggering this.,It started after a stressful week.,Thank you for explaining. Let’s focus on one small step you can take to feel calmer right now.
643,I feel like someone is watching me.,That sounds very distressing. Let’s take it step by step. What made you feel this way today?,I feel tense all day.,Heightened anxiety can intensify these sensations. A grounding exercise might help bring clarity.
644,I’m scared someone is following me.,I hear how intense this feels. These sensations can come from heightened stress. Let’s try to understand the situation better.,It started after a stressful week.,Heightened anxiety can intensify these sensations. A grounding exercise might help bring clarity.
645,I can’t trust my own thoughts.,"That sounds frightening. I’m here with you. These experiences can feel very real, especially during stress. Can we explore what was happening before this started?",It happens suddenly and scares me.,Stress can amplify these perceptions. Let’s identify a coping strategy you can use right now.
646,I feel detached from reality.,I hear how intense this feels. These sensations can come from heightened stress. Let’s try to understand the situation better.,I feel tense all day.,Stress can amplify these perceptions. Let’s identify a coping strategy you can use right now.
647,I feel detached from reality.,That sounds very distressing. Let’s take it step by step. What made you feel this way today?,I haven't slept properly for days.,Lack of sleep can make these experiences stronger. Working on rest and grounding might help reduce this feeling.
648,My thoughts don’t feel private.,"Thank you for sharing this. It’s a common experience in psychosis to feel watched or unsafe. You’re not alone, and we can unpack this together.",I feel tense all day.,You’re not in danger at this moment. Let’s check the evidence together and see what supports your safety.
649,I can’t focus; everything feels jumbled.,I hear how intense this feels. These sensations can come from heightened stress. Let’s try to understand the situation better.,It started after a stressful week.,Lack of sleep can make these experiences stronger. Working on rest and grounding might help reduce this feeling.
650,Voices keep whispering my name.,"Thank you for sharing this. It’s a common experience in psychosis to feel watched or unsafe. You’re not alone, and we can unpack this together.",It gets worse at night.,You’re not in danger at this moment. Let’s check the evidence together and see what supports your safety.
651,I feel like someone is watching me.,It makes sense that this feels overwhelming. Sometimes the mind reacts this way when sleep or stress becomes difficult. Let’s look at what might be triggering this.,It happens suddenly and scares me.,Stress can amplify these perceptions. Let’s identify a coping strategy you can use right now.
652,I feel like someone is watching me.,It makes sense that this feels overwhelming. Sometimes the mind reacts this way when sleep or stress becomes difficult. Let’s look at what might be triggering this.,It happens suddenly and scares me.,Thank you for explaining. Let’s focus on one small step you can take to feel calmer right now.
653,I can’t trust my own thoughts.,I hear how intense this feels. These sensations can come from heightened stress. Let’s try to understand the situation better.,It becomes stronger when I'm anxious.,Heightened anxiety can intensify these sensations. A grounding exercise might help bring clarity.
654,I think the TV is sending me messages.,"Thank you for sharing this. It’s a common experience in psychosis to feel watched or unsafe. You’re not alone, and we can unpack this together.",I don’t know how to explain it.,Heightened anxiety can intensify these sensations. A grounding exercise might help bring clarity.
655,My thoughts don’t feel private.,"Thank you for sharing this. It’s a common experience in psychosis to feel watched or unsafe. You’re not alone, and we can unpack this together.",It gets worse at night.,You’re not in danger at this moment. Let’s check the evidence together and see what supports your safety.
656,I feel like my family is hiding something.,It makes sense that this feels overwhelming. Sometimes the mind reacts this way when sleep or stress becomes difficult. Let’s look at what might be triggering this.,I feel overwhelmed.,Stress can amplify these perceptions. Let’s identify a coping strategy you can use right now.
657,I think the TV is sending me messages.,"That sounds frightening. I’m here with you. These experiences can feel very real, especially during stress. Can we explore what was happening before this started?",I feel overwhelmed.,Lack of sleep can make these experiences stronger. Working on rest and grounding might help reduce this feeling.
658,I think the TV is sending me messages.,I hear how intense this feels. These sensations can come from heightened stress. Let’s try to understand the situation better.,It gets worse at night.,Stress can amplify these perceptions. Let’s identify a coping strategy you can use right now.
659,I can’t trust my own thoughts.,It makes sense that this feels overwhelming. Sometimes the mind reacts this way when sleep or stress becomes difficult. Let’s look at what might be triggering this.,I don’t know how to explain it.,Heightened anxiety can intensify these sensations. A grounding exercise might help bring clarity.
660,I feel like my family is hiding something.,I hear how intense this feels. These sensations can come from heightened stress. Let’s try to understand the situation better.,It becomes stronger when I'm anxious.,Lack of sleep can make these experiences stronger. Working on rest and grounding might help reduce this feeling.
661,I think the TV is sending me messages.,"Thank you for sharing this. It’s a common experience in psychosis to feel watched or unsafe. You’re not alone, and we can unpack this together.",It started after a stressful week.,You’re not in danger at this moment. Let’s check the evidence together and see what supports your safety.
662,I feel like my family is hiding something.,"Thank you for sharing this. It’s a common experience in psychosis to feel watched or unsafe. You’re not alone, and we can unpack this together.",I haven't slept properly for days.,Lack of sleep can make these experiences stronger. Working on rest and grounding might help reduce this feeling.
663,I can’t trust my own thoughts.,"That sounds frightening. I’m here with you. These experiences can feel very real, especially during stress. Can we explore what was happening before this started?",It happens suddenly and scares me.,You’re not in danger at this moment. Let’s check the evidence together and see what supports your safety.
664,I’m losing control of my mind.,I hear how intense this feels. These sensations can come from heightened stress. Let’s try to understand the situation better.,It happens suddenly and scares me.,You’re not in danger at this moment. Let’s check the evidence together and see what supports your safety.
665,I think the TV is sending me messages.,It makes sense that this feels overwhelming. Sometimes the mind reacts this way when sleep or stress becomes difficult. Let’s look at what might be triggering this.,I haven't slept properly for days.,Heightened anxiety can intensify these sensations. A grounding exercise might help bring clarity.
666,I’m scared someone is following me.,It makes sense that this feels overwhelming. Sometimes the mind reacts this way when sleep or stress becomes difficult. Let’s look at what might be triggering this.,It gets worse at night.,You’re not in danger at this moment. Let’s check the evidence together and see what supports your safety.
667,I can’t focus; everything feels jumbled.,"That sounds frightening. I’m here with you. These experiences can feel very real, especially during stress. Can we explore what was happening before this started?",It started after a stressful week.,Thank you for explaining. Let’s focus on one small step you can take to feel calmer right now.
668,I feel detached from reality.,It makes sense that this feels overwhelming. Sometimes the mind reacts this way when sleep or stress becomes difficult. Let’s look at what might be triggering this.,I feel unsafe when I'm alone.,Lack of sleep can make these experiences stronger. Working on rest and grounding might help reduce this feeling.
669,I can’t focus; everything feels jumbled.,I hear how intense this feels. These sensations can come from heightened stress. Let’s try to understand the situation better.,I haven't slept properly for days.,You’re not in danger at this moment. Let’s check the evidence together and see what supports your safety.
670,Voices keep whispering my name.,It makes sense that this feels overwhelming. Sometimes the mind reacts this way when sleep or stress becomes difficult. Let’s look at what might be triggering this.,I feel tense all day.,You’re not in danger at this moment. Let’s check the evidence together and see what supports your safety.
671,Voices keep whispering my name.,It makes sense that this feels overwhelming. Sometimes the mind reacts this way when sleep or stress becomes difficult. Let’s look at what might be triggering this.,My routine has been disturbed.,Thank you for explaining. Let’s focus on one small step you can take to feel calmer right now.
672,My thoughts don’t feel private.,It makes sense that this feels overwhelming. Sometimes the mind reacts this way when sleep or stress becomes difficult. Let’s look at what might be triggering this.,It happens suddenly and scares me.,Lack of sleep can make these experiences stronger. Working on rest and grounding might help reduce this feeling.
673,I’m losing control of my mind.,"That sounds frightening. I’m here with you. These experiences can feel very real, especially during stress. Can we explore what was happening before this started?",It becomes stronger when I'm anxious.,Stress can amplify these perceptions. Let’s identify a coping strategy you can use right now.
674,I can’t focus; everything feels jumbled.,I hear how intense this feels. These sensations can come from heightened stress. Let’s try to understand the situation better.,I feel unsafe when I'm alone.,Lack of sleep can make these experiences stronger. Working on rest and grounding might help reduce this feeling.
675,I can’t trust my own thoughts.,I hear how intense this feels. These sensations can come from heightened stress. Let’s try to understand the situation better.,I feel unsafe when I'm alone.,You’re not in danger at this moment. Let’s check the evidence together and see what supports your safety.
676,I can’t focus; everything feels jumbled.,"Thank you for sharing this. It’s a common experience in psychosis to feel watched or unsafe. You’re not alone, and we can unpack this together.",I feel unsafe when I'm alone.,Stress can amplify these perceptions. Let’s identify a coping strategy you can use right now.
677,I can’t trust my own thoughts.,I hear how intense this feels. These sensations can come from heightened stress. Let’s try to understand the situation better.,My routine has been disturbed.,Lack of sleep can make these experiences stronger. Working on rest and grounding might help reduce this feeling.
678,I feel detached from reality.,That sounds very distressing. Let’s take it step by step. What made you feel this way today?,It becomes stronger when I'm anxious.,Lack of sleep can make these experiences stronger. Working on rest and grounding might help reduce this feeling.
679,I can’t trust my own thoughts.,I hear how intense this feels. These sensations can come from heightened stress. Let’s try to understand the situation better.,It started after a stressful week.,Lack of sleep can make these experiences stronger. Working on rest and grounding might help reduce this feeling.
680,I can’t focus; everything feels jumbled.,"That sounds frightening. I’m here with you. These experiences can feel very real, especially during stress. Can we explore what was happening before this started?",My routine has been disturbed.,Thank you for explaining. Let’s focus on one small step you can take to feel calmer right now.
681,Voices keep whispering my name.,That sounds very distressing. Let’s take it step by step. What made you feel this way today?,I haven't slept properly for days.,Thank you for explaining. Let’s focus on one small step you can take to feel calmer right now.
682,I feel detached from reality.,"That sounds frightening. I’m here with you. These experiences can feel very real, especially during stress. Can we explore what was happening before this started?",I feel tense all day.,Heightened anxiety can intensify these sensations. A grounding exercise might help bring clarity.
683,I can’t trust my own thoughts.,That sounds very distressing. Let’s take it step by step. What made you feel this way today?,I feel overwhelmed.,Lack of sleep can make these experiences stronger. Working on rest and grounding might help reduce this feeling.
684,I feel like my family is hiding something.,"That sounds frightening. I’m here with you. These experiences can feel very real, especially during stress. Can we explore what was happening before this started?",It happens suddenly and scares me.,Lack of sleep can make these experiences stronger. Working on rest and grounding might help reduce this feeling.
685,I’m losing control of my mind.,It makes sense that this feels overwhelming. Sometimes the mind reacts this way when sleep or stress becomes difficult. Let’s look at what might be triggering this.,I don’t know how to explain it.,Heightened anxiety can intensify these sensations. A grounding exercise might help bring clarity.
686,I think the TV is sending me messages.,"Thank you for sharing this. It’s a common experience in psychosis to feel watched or unsafe. You’re not alone, and we can unpack this together.",I feel unsafe when I'm alone.,Thank you for explaining. Let’s focus on one small step you can take to feel calmer right now.
687,I feel like someone is watching me.,It makes sense that this feels overwhelming. Sometimes the mind reacts this way when sleep or stress becomes difficult. Let’s look at what might be triggering this.,I feel tense all day.,Stress can amplify these perceptions. Let’s identify a coping strategy you can use right now.
688,I think the TV is sending me messages.,That sounds very distressing. Let’s take it step by step. What made you feel this way today?,It started after a stressful week.,Stress can amplify these perceptions. Let’s identify a coping strategy you can use right now.
689,I feel detached from reality.,"That sounds frightening. I’m here with you. These experiences can feel very real, especially during stress. Can we explore what was happening before this started?",It started after a stressful week.,Lack of sleep can make these experiences stronger. Working on rest and grounding might help reduce this feeling.
690,My thoughts don’t feel private.,That sounds very distressing. Let’s take it step by step. What made you feel this way today?,It started after a stressful week.,Heightened anxiety can intensify these sensations. A grounding exercise might help bring clarity.
691,Voices keep whispering my name.,It makes sense that this feels overwhelming. Sometimes the mind reacts this way when sleep or stress becomes difficult. Let’s look at what might be triggering this.,It happens suddenly and scares me.,Stress can amplify these perceptions. Let’s identify a coping strategy you can use right now.
692,I’m scared someone is following me.,"Thank you for sharing this. It’s a common experience in psychosis to feel watched or unsafe. You’re not alone, and we can unpack this together.",It becomes stronger when I'm anxious.,Thank you for explaining. Let’s focus on one small step you can take to feel calmer right now.
693,I feel like someone is watching me.,"Thank you for sharing this. It’s a common experience in psychosis to feel watched or unsafe. You’re not alone, and we can unpack this together.",I haven't slept properly for days.,Thank you for explaining. Let’s focus on one small step you can take to feel calmer right now.
694,I’m scared someone is following me.,I hear how intense this feels. These sensations can come from heightened stress. Let’s try to understand the situation better.,It happens suddenly and scares me.,Stress can amplify these perceptions. Let’s identify a coping strategy you can use right now.
695,My thoughts don’t feel private.,It makes sense that this feels overwhelming. Sometimes the mind reacts this way when sleep or stress becomes difficult. Let’s look at what might be triggering this.,I haven't slept properly for days.,Stress can amplify these perceptions. Let’s identify a coping strategy you can use right now.
696,I can’t trust my own thoughts.,"That sounds frightening. I’m here with you. These experiences can feel very real, especially during stress. Can we explore what was happening before this started?",I feel unsafe when I'm alone.,Lack of sleep can make these experiences stronger. Working on rest and grounding might help reduce this feeling.
697,I can’t focus; everything feels jumbled.,I hear how intense this feels. These sensations can come from heightened stress. Let’s try to understand the situation better.,It gets worse at night.,Lack of sleep can make these experiences stronger. Working on rest and grounding might help reduce this feeling.
698,I feel like my family is hiding something.,"That sounds frightening. I’m here with you. These experiences can feel very real, especially during stress. Can we explore what was happening before this started?",My routine has been disturbed.,Lack of sleep can make these experiences stronger. Working on rest and grounding might help reduce this feeling.
699,Voices keep whispering my name.,I hear how intense this feels. These sensations can come from heightened stress. Let’s try to understand the situation better.,I feel unsafe when I'm alone.,You’re not in danger at this moment. Let’s check the evidence together and see what supports your safety.
700,Voices keep whispering my name.,I hear how intense this feels. These sensations can come from heightened stress. Let’s try to understand the situation better.,I feel unsafe when I'm alone.,You’re not in danger at this moment. Let’s check the evidence together and see what supports your safety.
701,Voices keep whispering my name.,I hear how intense this feels. These sensations can come from heightened stress. Let’s try to understand the situation better.,I feel unsafe when I'm alone.,Stress can amplify these perceptions. Let’s identify a coping strategy you can use right now.
702,I can’t focus; everything feels jumbled.,"That sounds frightening. I’m here with you. These experiences can feel very real, especially during stress. Can we explore what was happening before this started?",I feel unsafe when I'm alone.,Stress can amplify these perceptions. Let’s identify a coping strategy you can use right now.
703,Voices keep whispering my name.,"That sounds frightening. I’m here with you. These experiences can feel very real, especially during stress. Can we explore what was happening before this started?",My routine has been disturbed.,You’re not in danger at this moment. Let’s check the evidence together and see what supports your safety.
704,I’m scared someone is following me.,"That sounds frightening. I’m here with you. These experiences can feel very real, especially during stress. Can we explore what was happening before this started?",It started after a stressful week.,Stress can amplify these perceptions. Let’s identify a coping strategy you can use right now.
705,I can’t trust my own thoughts.,"That sounds frightening. I’m here with you. These experiences can feel very real, especially during stress. Can we explore what was happening before this started?",I feel overwhelmed.,Heightened anxiety can intensify these sensations. A grounding exercise might help bring clarity.
706,I feel like my family is hiding something.,"Thank you for sharing this. It’s a common experience in psychosis to feel watched or unsafe. You’re not alone, and we can unpack this together.",I haven't slept properly for days.,Lack of sleep can make these experiences stronger. Working on rest and grounding might help reduce this feeling.
707,My thoughts don’t feel private.,I hear how intense this feels. These sensations can come from heightened stress. Let’s try to understand the situation better.,It happens suddenly and scares me.,Lack of sleep can make these experiences stronger. Working on rest and grounding might help reduce this feeling.
708,Voices keep whispering my name.,"That sounds frightening. I’m here with you. These experiences can feel very real, especially during stress. Can we explore what was happening before this started?",It happens suddenly and scares me.,You’re not in danger at this moment. Let’s check the evidence together and see what supports your safety.
709,My thoughts don’t feel private.,"Thank you for sharing this. It’s a common experience in psychosis to feel watched or unsafe. You’re not alone, and we can unpack this together.",I haven't slept properly for days.,Thank you for explaining. Let’s focus on one small step you can take to feel calmer right now.
710,I think the TV is sending me messages.,That sounds very distressing. Let’s take it step by step. What made you feel this way today?,I feel tense all day.,Lack of sleep can make these experiences stronger. Working on rest and grounding might help reduce this feeling.
711,I feel like someone is watching me.,That sounds very distressing. Let’s take it step by step. What made you feel this way today?,My routine has been disturbed.,Stress can amplify these perceptions. Let’s identify a coping strategy you can use right now.
712,Voices keep whispering my name.,I hear how intense this feels. These sensations can come from heightened stress. Let’s try to understand the situation better.,I haven't slept properly for days.,Lack of sleep can make these experiences stronger. Working on rest and grounding might help reduce this feeling.
713,Voices keep whispering my name.,"Thank you for sharing this. It’s a common experience in psychosis to feel watched or unsafe. You’re not alone, and we can unpack this together.",It gets worse at night.,Lack of sleep can make these experiences stronger. Working on rest and grounding might help reduce this feeling.
714,Voices keep whispering my name.,I hear how intense this feels. These sensations can come from heightened stress. Let’s try to understand the situation better.,It becomes stronger when I'm anxious.,Heightened anxiety can intensify these sensations. A grounding exercise might help bring clarity.
715,I feel like my family is hiding something.,It makes sense that this feels overwhelming. Sometimes the mind reacts this way when sleep or stress becomes difficult. Let’s look at what might be triggering this.,It becomes stronger when I'm anxious.,Heightened anxiety can intensify these sensations. A grounding exercise might help bring clarity.
716,I feel like my family is hiding something.,I hear how intense this feels. These sensations can come from heightened stress. Let’s try to understand the situation better.,I feel tense all day.,Thank you for explaining. Let’s focus on one small step you can take to feel calmer right now.
717,I can’t trust my own thoughts.,I hear how intense this feels. These sensations can come from heightened stress. Let’s try to understand the situation better.,My routine has been disturbed.,You’re not in danger at this moment. Let’s check the evidence together and see what supports your safety.
718,I’m losing control of my mind.,It makes sense that this feels overwhelming. Sometimes the mind reacts this way when sleep or stress becomes difficult. Let’s look at what might be triggering this.,I haven't slept properly for days.,Thank you for explaining. Let’s focus on one small step you can take to feel calmer right now.
719,My thoughts don’t feel private.,That sounds very distressing. Let’s take it step by step. What made you feel this way today?,It started after a stressful week.,You’re not in danger at this moment. Let’s check the evidence together and see what supports your safety.
720,My thoughts don’t feel private.,It makes sense that this feels overwhelming. Sometimes the mind reacts this way when sleep or stress becomes difficult. Let’s look at what might be triggering this.,It becomes stronger when I'm anxious.,Thank you for explaining. Let’s focus on one small step you can take to feel calmer right now.
721,My thoughts don’t feel private.,I hear how intense this feels. These sensations can come from heightened stress. Let’s try to understand the situation better.,I feel unsafe when I'm alone.,Heightened anxiety can intensify these sensations. A grounding exercise might help bring clarity.
722,I feel detached from reality.,It makes sense that this feels overwhelming. Sometimes the mind reacts this way when sleep or stress becomes difficult. Let’s look at what might be triggering this.,It happens suddenly and scares me.,Lack of sleep can make these experiences stronger. Working on rest and grounding might help reduce this feeling.
723,I’m losing control of my mind.,I hear how intense this feels. These sensations can come from heightened stress. Let’s try to understand the situation better.,I feel unsafe when I'm alone.,Heightened anxiety can intensify these sensations. A grounding exercise might help bring clarity.
724,Voices keep whispering my name.,That sounds very distressing. Let’s take it step by step. What made you feel this way today?,I feel unsafe when I'm alone.,Thank you for explaining. Let’s focus on one small step you can take to feel calmer right now.
725,I’m scared someone is following me.,That sounds very distressing. Let’s take it step by step. What made you feel this way today?,I feel overwhelmed.,Lack of sleep can make these experiences stronger. Working on rest and grounding might help reduce this feeling.
726,I feel like my family is hiding something.,That sounds very distressing. Let’s take it step by step. What made you feel this way today?,It gets worse at night.,Heightened anxiety can intensify these sensations. A grounding exercise might help bring clarity.
727,I’m losing control of my mind.,"Thank you for sharing this. It’s a common experience in psychosis to feel watched or unsafe. You’re not alone, and we can unpack this together.",It happens suddenly and scares me.,Heightened anxiety can intensify these sensations. A grounding exercise might help bring clarity.
728,Voices keep whispering my name.,I hear how intense this feels. These sensations can come from heightened stress. Let’s try to understand the situation better.,I don’t know how to explain it.,Heightened anxiety can intensify these sensations. A grounding exercise might help bring clarity.
729,My thoughts don’t feel private.,It makes sense that this feels overwhelming. Sometimes the mind reacts this way when sleep or stress becomes difficult. Let’s look at what might be triggering this.,I feel tense all day.,You’re not in danger at this moment. Let’s check the evidence together and see what supports your safety.
730,I feel like someone is watching me.,"That sounds frightening. I’m here with you. These experiences can feel very real, especially during stress. Can we explore what was happening before this started?",My routine has been disturbed.,Lack of sleep can make these experiences stronger. Working on rest and grounding might help reduce this feeling.
731,Voices keep whispering my name.,I hear how intense this feels. These sensations can come from heightened stress. Let’s try to understand the situation better.,I haven't slept properly for days.,Stress can amplify these perceptions. Let’s identify a coping strategy you can use right now.
732,I’m losing control of my mind.,"Thank you for sharing this. It’s a common experience in psychosis to feel watched or unsafe. You’re not alone, and we can unpack this together.",It happens suddenly and scares me.,Lack of sleep can make these experiences stronger. Working on rest and grounding might help reduce this feeling.
733,I’m scared someone is following me.,That sounds very distressing. Let’s take it step by step. What made you feel this way today?,It gets worse at night.,Stress can amplify these perceptions. Let’s identify a coping strategy you can use right now.
734,I feel like someone is watching me.,That sounds very distressing. Let’s take it step by step. What made you feel this way today?,I feel overwhelmed.,You’re not in danger at this moment. Let’s check the evidence together and see what supports your safety.
735,I can’t focus; everything feels jumbled.,I hear how intense this feels. These sensations can come from heightened stress. Let’s try to understand the situation better.,I feel tense all day.,Lack of sleep can make these experiences stronger. Working on rest and grounding might help reduce this feeling.
736,I can’t focus; everything feels jumbled.,"That sounds frightening. I’m here with you. These experiences can feel very real, especially during stress. Can we explore what was happening before this started?",I feel overwhelmed.,Stress can amplify these perceptions. Let’s identify a coping strategy you can use right now.
737,I feel like my family is hiding something.,"Thank you for sharing this. It’s a common experience in psychosis to feel watched or unsafe. You’re not alone, and we can unpack this together.",I feel overwhelmed.,Lack of sleep can make these experiences stronger. Working on rest and grounding might help reduce this feeling.
738,I feel like someone is watching me.,That sounds very distressing. Let’s take it step by step. What made you feel this way today?,It happens suddenly and scares me.,Heightened anxiety can intensify these sensations. A grounding exercise might help bring clarity.
739,I feel like my family is hiding something.,I hear how intense this feels. These sensations can come from heightened stress. Let’s try to understand the situation better.,I haven't slept properly for days.,Lack of sleep can make these experiences stronger. Working on rest and grounding might help reduce this feeling.
740,My thoughts don’t feel private.,"Thank you for sharing this. It’s a common experience in psychosis to feel watched or unsafe. You’re not alone, and we can unpack this together.",It gets worse at night.,Lack of sleep can make these experiences stronger. Working on rest and grounding might help reduce this feeling.
741,My thoughts don’t feel private.,"Thank you for sharing this. It’s a common experience in psychosis to feel watched or unsafe. You’re not alone, and we can unpack this together.",I haven't slept properly for days.,Stress can amplify these perceptions. Let’s identify a coping strategy you can use right now.
742,I can’t focus; everything feels jumbled.,"Thank you for sharing this. It’s a common experience in psychosis to feel watched or unsafe. You’re not alone, and we can unpack this together.",I feel tense all day.,You’re not in danger at this moment. Let’s check the evidence together and see what supports your safety.
743,I feel like someone is watching me.,"Thank you for sharing this. It’s a common experience in psychosis to feel watched or unsafe. You’re not alone, and we can unpack this together.",I don’t know how to explain it.,You’re not in danger at this moment. Let’s check the evidence together and see what supports your safety.
744,I think the TV is sending me messages.,I hear how intense this feels. These sensations can come from heightened stress. Let’s try to understand the situation better.,It started after a stressful week.,Thank you for explaining. Let’s focus on one small step you can take to feel calmer right now.
745,My thoughts don’t feel private.,That sounds very distressing. Let’s take it step by step. What made you feel this way today?,I feel overwhelmed.,Stress can amplify these perceptions. Let’s identify a coping strategy you can use right now.
746,I think the TV is sending me messages.,I hear how intense this feels. These sensations can come from heightened stress. Let’s try to understand the situation better.,It started after a stressful week.,Thank you for explaining. Let’s focus on one small step you can take to feel calmer right now.
747,I feel detached from reality.,"Thank you for sharing this. It’s a common experience in psychosis to feel watched or unsafe. You’re not alone, and we can unpack this together.",I feel tense all day.,Stress can amplify these perceptions. Let’s identify a coping strategy you can use right now.
748,I feel like someone is watching me.,"That sounds frightening. I’m here with you. These experiences can feel very real, especially during stress. Can we explore what was happening before this started?",I feel tense all day.,You’re not in danger at this moment. Let’s check the evidence together and see what supports your safety.
749,I feel like my family is hiding something.,"Thank you for sharing this. It’s a common experience in psychosis to feel watched or unsafe. You’re not alone, and we can unpack this together.",I haven't slept properly for days.,Stress can amplify these perceptions. Let’s identify a coping strategy you can use right now.
750,My thoughts don’t feel private.,"Thank you for sharing this. It’s a common experience in psychosis to feel watched or unsafe. You’re not alone, and we can unpack this together.",It happens suddenly and scares me.,You’re not in danger at this moment. Let’s check the evidence together and see what supports your safety.
751,My thoughts don’t feel private.,I hear how intense this feels. These sensations can come from heightened stress. Let’s try to understand the situation better.,My routine has been disturbed.,Stress can amplify these perceptions. Let’s identify a coping strategy you can use right now.
752,I feel like someone is watching me.,I hear how intense this feels. These sensations can come from heightened stress. Let’s try to understand the situation better.,I haven't slept properly for days.,Lack of sleep can make these experiences stronger. Working on rest and grounding might help reduce this feeling.
753,I feel like my family is hiding something.,"Thank you for sharing this. It’s a common experience in psychosis to feel watched or unsafe. You’re not alone, and we can unpack this together.",It happens suddenly and scares me.,Stress can amplify these perceptions. Let’s identify a coping strategy you can use right now.
754,I feel like my family is hiding something.,It makes sense that this feels overwhelming. Sometimes the mind reacts this way when sleep or stress becomes difficult. Let’s look at what might be triggering this.,I haven't slept properly for days.,Stress can amplify these perceptions. Let’s identify a coping strategy you can use right now.
755,I can’t focus; everything feels jumbled.,"That sounds frightening. I’m here with you. These experiences can feel very real, especially during stress. Can we explore what was happening before this started?",I haven't slept properly for days.,Heightened anxiety can intensify these sensations. A grounding exercise might help bring clarity.
756,I’m losing control of my mind.,"Thank you for sharing this. It’s a common experience in psychosis to feel watched or unsafe. You’re not alone, and we can unpack this together.",It gets worse at night.,Lack of sleep can make these experiences stronger. Working on rest and grounding might help reduce this feeling.
757,I feel like someone is watching me.,"Thank you for sharing this. It’s a common experience in psychosis to feel watched or unsafe. You’re not alone, and we can unpack this together.",I haven't slept properly for days.,You’re not in danger at this moment. Let’s check the evidence together and see what supports your safety.
758,I can’t trust my own thoughts.,It makes sense that this feels overwhelming. Sometimes the mind reacts this way when sleep or stress becomes difficult. Let’s look at what might be triggering this.,It gets worse at night.,Lack of sleep can make these experiences stronger. Working on rest and grounding might help reduce this feeling.
759,I’m scared someone is following me.,"Thank you for sharing this. It’s a common experience in psychosis to feel watched or unsafe. You’re not alone, and we can unpack this together.",I feel unsafe when I'm alone.,You’re not in danger at this moment. Let’s check the evidence together and see what supports your safety.
760,I think the TV is sending me messages.,"Thank you for sharing this. It’s a common experience in psychosis to feel watched or unsafe. You’re not alone, and we can unpack this together.",It gets worse at night.,You’re not in danger at this moment. Let’s check the evidence together and see what supports your safety.
761,I think the TV is sending me messages.,I hear how intense this feels. These sensations can come from heightened stress. Let’s try to understand the situation better.,I feel tense all day.,Thank you for explaining. Let’s focus on one small step you can take to feel calmer right now.
762,I feel detached from reality.,It makes sense that this feels overwhelming. Sometimes the mind reacts this way when sleep or stress becomes difficult. Let’s look at what might be triggering this.,It becomes stronger when I'm anxious.,Stress can amplify these perceptions. Let’s identify a coping strategy you can use right now.
763,I feel like my family is hiding something.,"That sounds frightening. I’m here with you. These experiences can feel very real, especially during stress. Can we explore what was happening before this started?",I don’t know how to explain it.,Heightened anxiety can intensify these sensations. A grounding exercise might help bring clarity.
764,I feel detached from reality.,It makes sense that this feels overwhelming. Sometimes the mind reacts this way when sleep or stress becomes difficult. Let’s look at what might be triggering this.,I feel tense all day.,Stress can amplify these perceptions. Let’s identify a coping strategy you can use right now.
765,Voices keep whispering my name.,That sounds very distressing. Let’s take it step by step. What made you feel this way today?,I don’t know how to explain it.,Heightened anxiety can intensify these sensations. A grounding exercise might help bring clarity.
766,I’m scared someone is following me.,"Thank you for sharing this. It’s a common experience in psychosis to feel watched or unsafe. You’re not alone, and we can unpack this together.",I feel overwhelmed.,You’re not in danger at this moment. Let’s check the evidence together and see what supports your safety.
767,My thoughts don’t feel private.,It makes sense that this feels overwhelming. Sometimes the mind reacts this way when sleep or stress becomes difficult. Let’s look at what might be triggering this.,I feel unsafe when I'm alone.,Stress can amplify these perceptions. Let’s identify a coping strategy you can use right now.
768,My thoughts don’t feel private.,"That sounds frightening. I’m here with you. These experiences can feel very real, especially during stress. Can we explore what was happening before this started?",I haven't slept properly for days.,You’re not in danger at this moment. Let’s check the evidence together and see what supports your safety.
769,My thoughts don’t feel private.,It makes sense that this feels overwhelming. Sometimes the mind reacts this way when sleep or stress becomes difficult. Let’s look at what might be triggering this.,I feel unsafe when I'm alone.,Lack of sleep can make these experiences stronger. Working on rest and grounding might help reduce this feeling.
770,I feel detached from reality.,It makes sense that this feels overwhelming. Sometimes the mind reacts this way when sleep or stress becomes difficult. Let’s look at what might be triggering this.,I feel tense all day.,Thank you for explaining. Let’s focus on one small step you can take to feel calmer right now.
771,I can’t focus; everything feels jumbled.,That sounds very distressing. Let’s take it step by step. What made you feel this way today?,It happens suddenly and scares me.,Stress can amplify these perceptions. Let’s identify a coping strategy you can use right now.
772,I’m losing control of my mind.,I hear how intense this feels. These sensations can come from heightened stress. Let’s try to understand the situation better.,It becomes stronger when I'm anxious.,Heightened anxiety can intensify these sensations. A grounding exercise might help bring clarity.
773,I feel like my family is hiding something.,"That sounds frightening. I’m here with you. These experiences can feel very real, especially during stress. Can we explore what was happening before this started?",I feel tense all day.,Thank you for explaining. Let’s focus on one small step you can take to feel calmer right now.
774,I feel like my family is hiding something.,"Thank you for sharing this. It’s a common experience in psychosis to feel watched or unsafe. You’re not alone, and we can unpack this together.",I don’t know how to explain it.,Thank you for explaining. Let’s focus on one small step you can take to feel calmer right now.
775,I can’t focus; everything feels jumbled.,That sounds very distressing. Let’s take it step by step. What made you feel this way today?,I feel tense all day.,You’re not in danger at this moment. Let’s check the evidence together and see what supports your safety.
776,My thoughts don’t feel private.,I hear how intense this feels. These sensations can come from heightened stress. Let’s try to understand the situation better.,It started after a stressful week.,Thank you for explaining. Let’s focus on one small step you can take to feel calmer right now.
777,I feel detached from reality.,"Thank you for sharing this. It’s a common experience in psychosis to feel watched or unsafe. You’re not alone, and we can unpack this together.",My routine has been disturbed.,Heightened anxiety can intensify these sensations. A grounding exercise might help bring clarity.
778,I feel like someone is watching me.,I hear how intense this feels. These sensations can come from heightened stress. Let’s try to understand the situation better.,I haven't slept properly for days.,Thank you for explaining. Let’s focus on one small step you can take to feel calmer right now.
779,I’m scared someone is following me.,It makes sense that this feels overwhelming. Sometimes the mind reacts this way when sleep or stress becomes difficult. Let’s look at what might be triggering this.,My routine has been disturbed.,Thank you for explaining. Let’s focus on one small step you can take to feel calmer right now.
780,My thoughts don’t feel private.,It makes sense that this feels overwhelming. Sometimes the mind reacts this way when sleep or stress becomes difficult. Let’s look at what might be triggering this.,It becomes stronger when I'm anxious.,Heightened anxiety can intensify these sensations. A grounding exercise might help bring clarity.
781,I can’t trust my own thoughts.,That sounds very distressing. Let’s take it step by step. What made you feel this way today?,I feel unsafe when I'm alone.,You’re not in danger at this moment. Let’s check the evidence together and see what supports your safety.
782,I can’t focus; everything feels jumbled.,"Thank you for sharing this. It’s a common experience in psychosis to feel watched or unsafe. You’re not alone, and we can unpack this together.",I don’t know how to explain it.,Thank you for explaining. Let’s focus on one small step you can take to feel calmer right now.
783,I feel like my family is hiding something.,"Thank you for sharing this. It’s a common experience in psychosis to feel watched or unsafe. You’re not alone, and we can unpack this together.",I feel unsafe when I'm alone.,Thank you for explaining. Let’s focus on one small step you can take to feel calmer right now.
784,I feel detached from reality.,"That sounds frightening. I’m here with you. These experiences can feel very real, especially during stress. Can we explore what was happening before this started?",I feel overwhelmed.,Heightened anxiety can intensify these sensations. A grounding exercise might help bring clarity.
785,My thoughts don’t feel private.,That sounds very distressing. Let’s take it step by step. What made you feel this way today?,I don’t know how to explain it.,Stress can amplify these perceptions. Let’s identify a coping strategy you can use right now.
786,I can’t trust my own thoughts.,"Thank you for sharing this. It’s a common experience in psychosis to feel watched or unsafe. You’re not alone, and we can unpack this together.",I haven't slept properly for days.,Heightened anxiety can intensify these sensations. A grounding exercise might help bring clarity.
787,I can’t focus; everything feels jumbled.,"Thank you for sharing this. It’s a common experience in psychosis to feel watched or unsafe. You’re not alone, and we can unpack this together.",My routine has been disturbed.,Stress can amplify these perceptions. Let’s identify a coping strategy you can use right now.
788,I think the TV is sending me messages.,That sounds very distressing. Let’s take it step by step. What made you feel this way today?,It gets worse at night.,Stress can amplify these perceptions. Let’s identify a coping strategy you can use right now.
789,My thoughts don’t feel private.,It makes sense that this feels overwhelming. Sometimes the mind reacts this way when sleep or stress becomes difficult. Let’s look at what might be triggering this.,I feel overwhelmed.,Thank you for explaining. Let’s focus on one small step you can take to feel calmer right now.
790,I feel like someone is watching me.,That sounds very distressing. Let’s take it step by step. What made you feel this way today?,I don’t know how to explain it.,Heightened anxiety can intensify these sensations. A grounding exercise might help bring clarity.
791,I can’t trust my own thoughts.,"Thank you for sharing this. It’s a common experience in psychosis to feel watched or unsafe. You’re not alone, and we can unpack this together.",I don’t know how to explain it.,Lack of sleep can make these experiences stronger. Working on rest and grounding might help reduce this feeling.
792,I can’t focus; everything feels jumbled.,"Thank you for sharing this. It’s a common experience in psychosis to feel watched or unsafe. You’re not alone, and we can unpack this together.",It started after a stressful week.,Heightened anxiety can intensify these sensations. A grounding exercise might help bring clarity.
793,I feel like my family is hiding something.,I hear how intense this feels. These sensations can come from heightened stress. Let’s try to understand the situation better.,I haven't slept properly for days.,Stress can amplify these perceptions. Let’s identify a coping strategy you can use right now.
794,I feel like my family is hiding something.,It makes sense that this feels overwhelming. Sometimes the mind reacts this way when sleep or stress becomes difficult. Let’s look at what might be triggering this.,It started after a stressful week.,You’re not in danger at this moment. Let’s check the evidence together and see what supports your safety.
795,I feel detached from reality.,I hear how intense this feels. These sensations can come from heightened stress. Let’s try to understand the situation better.,I feel tense all day.,Stress can amplify these perceptions. Let’s identify a coping strategy you can use right now.
796,I think the TV is sending me messages.,It makes sense that this feels overwhelming. Sometimes the mind reacts this way when sleep or stress becomes difficult. Let’s look at what might be triggering this.,It becomes stronger when I'm anxious.,Heightened anxiety can intensify these sensations. A grounding exercise might help bring clarity.
797,My thoughts don’t feel private.,"Thank you for sharing this. It’s a common experience in psychosis to feel watched or unsafe. You’re not alone, and we can unpack this together.",It started after a stressful week.,Thank you for explaining. Let’s focus on one small step you can take to feel calmer right now.
798,I can’t focus; everything feels jumbled.,It makes sense that this feels overwhelming. Sometimes the mind reacts this way when sleep or stress becomes difficult. Let’s look at what might be triggering this.,I haven't slept properly for days.,Thank you for explaining. Let’s focus on one small step you can take to feel calmer right now.
799,I’m scared someone is following me.,I hear how intense this feels. These sensations can come from heightened stress. Let’s try to understand the situation better.,I feel overwhelmed.,Heightened anxiety can intensify these sensations. A grounding exercise might help bring clarity.
800,I feel detached from reality.,It makes sense that this feels overwhelming. Sometimes the mind reacts this way when sleep or stress becomes difficult. Let’s look at what might be triggering this.,It gets worse at night.,Lack of sleep can make these experiences stronger. Working on rest and grounding might help reduce this feeling.
801,My thoughts don’t feel private.,"Thank you for sharing this. It’s a common experience in psychosis to feel watched or unsafe. You’re not alone, and we can unpack this together.",It started after a stressful week.,Heightened anxiety can intensify these sensations. A grounding exercise might help bring clarity.
802,Voices keep whispering my name.,"That sounds frightening. I’m here with you. These experiences can feel very real, especially during stress. Can we explore what was happening before this started?",It becomes stronger when I'm anxious.,Thank you for explaining. Let’s focus on one small step you can take to feel calmer right now.
803,Voices keep whispering my name.,That sounds very distressing. Let’s take it step by step. What made you feel this way today?,I feel overwhelmed.,Heightened anxiety can intensify these sensations. A grounding exercise might help bring clarity.
804,I’m losing control of my mind.,That sounds very distressing. Let’s take it step by step. What made you feel this way today?,It becomes stronger when I'm anxious.,Heightened anxiety can intensify these sensations. A grounding exercise might help bring clarity.
805,Voices keep whispering my name.,I hear how intense this feels. These sensations can come from heightened stress. Let’s try to understand the situation better.,My routine has been disturbed.,Lack of sleep can make these experiences stronger. Working on rest and grounding might help reduce this feeling.
806,I think the TV is sending me messages.,That sounds very distressing. Let’s take it step by step. What made you feel this way today?,I feel unsafe when I'm alone.,You’re not in danger at this moment. Let’s check the evidence together and see what supports your safety.
807,I feel like someone is watching me.,It makes sense that this feels overwhelming. Sometimes the mind reacts this way when sleep or stress becomes difficult. Let’s look at what might be triggering this.,My routine has been disturbed.,You’re not in danger at this moment. Let’s check the evidence together and see what supports your safety.
808,I’m losing control of my mind.,I hear how intense this feels. These sensations can come from heightened stress. Let’s try to understand the situation better.,It happens suddenly and scares me.,You’re not in danger at this moment. Let’s check the evidence together and see what supports your safety.
809,I can’t trust my own thoughts.,"Thank you for sharing this. It’s a common experience in psychosis to feel watched or unsafe. You’re not alone, and we can unpack this together.",I don’t know how to explain it.,Lack of sleep can make these experiences stronger. Working on rest and grounding might help reduce this feeling.
810,I think the TV is sending me messages.,That sounds very distressing. Let’s take it step by step. What made you feel this way today?,I feel unsafe when I'm alone.,Thank you for explaining. Let’s focus on one small step you can take to feel calmer right now.
811,I feel like my family is hiding something.,"That sounds frightening. I’m here with you. These experiences can feel very real, especially during stress. Can we explore what was happening before this started?",I don’t know how to explain it.,Lack of sleep can make these experiences stronger. Working on rest and grounding might help reduce this feeling.
812,I feel like someone is watching me.,That sounds very distressing. Let’s take it step by step. What made you feel this way today?,It happens suddenly and scares me.,Stress can amplify these perceptions. Let’s identify a coping strategy you can use right now.
813,I feel like someone is watching me.,That sounds very distressing. Let’s take it step by step. What made you feel this way today?,It gets worse at night.,Lack of sleep can make these experiences stronger. Working on rest and grounding might help reduce this feeling.
814,Voices keep whispering my name.,That sounds very distressing. Let’s take it step by step. What made you feel this way today?,I don’t know how to explain it.,Stress can amplify these perceptions. Let’s identify a coping strategy you can use right now.
815,I’m scared someone is following me.,I hear how intense this feels. These sensations can come from heightened stress. Let’s try to understand the situation better.,It gets worse at night.,Heightened anxiety can intensify these sensations. A grounding exercise might help bring clarity.
816,I’m scared someone is following me.,"Thank you for sharing this. It’s a common experience in psychosis to feel watched or unsafe. You’re not alone, and we can unpack this together.",I feel tense all day.,Stress can amplify these perceptions. Let’s identify a coping strategy you can use right now.
817,I feel like someone is watching me.,"That sounds frightening. I’m here with you. These experiences can feel very real, especially during stress. Can we explore what was happening before this started?",I feel unsafe when I'm alone.,Thank you for explaining. Let’s focus on one small step you can take to feel calmer right now.
818,Voices keep whispering my name.,"That sounds frightening. I’m here with you. These experiences can feel very real, especially during stress. Can we explore what was happening before this started?",I haven't slept properly for days.,You’re not in danger at this moment. Let’s check the evidence together and see what supports your safety.
819,I feel like my family is hiding something.,It makes sense that this feels overwhelming. Sometimes the mind reacts this way when sleep or stress becomes difficult. Let’s look at what might be triggering this.,It becomes stronger when I'm anxious.,Thank you for explaining. Let’s focus on one small step you can take to feel calmer right now.
820,Voices keep whispering my name.,"Thank you for sharing this. It’s a common experience in psychosis to feel watched or unsafe. You’re not alone, and we can unpack this together.",It started after a stressful week.,Lack of sleep can make these experiences stronger. Working on rest and grounding might help reduce this feeling.
821,I feel detached from reality.,"That sounds frightening. I’m here with you. These experiences can feel very real, especially during stress. Can we explore what was happening before this started?",It happens suddenly and scares me.,Lack of sleep can make these experiences stronger. Working on rest and grounding might help reduce this feeling.
822,I feel detached from reality.,"Thank you for sharing this. It’s a common experience in psychosis to feel watched or unsafe. You’re not alone, and we can unpack this together.",I feel unsafe when I'm alone.,Heightened anxiety can intensify these sensations. A grounding exercise might help bring clarity.
823,My thoughts don’t feel private.,"That sounds frightening. I’m here with you. These experiences can feel very real, especially during stress. Can we explore what was happening before this started?",I haven't slept properly for days.,Lack of sleep can make these experiences stronger. Working on rest and grounding might help reduce this feeling.
824,My thoughts don’t feel private.,I hear how intense this feels. These sensations can come from heightened stress. Let’s try to understand the situation better.,It happens suddenly and scares me.,Heightened anxiety can intensify these sensations. A grounding exercise might help bring clarity.
825,I’m losing control of my mind.,I hear how intense this feels. These sensations can come from heightened stress. Let’s try to understand the situation better.,I don’t know how to explain it.,Thank you for explaining. Let’s focus on one small step you can take to feel calmer right now.
826,I feel detached from reality.,That sounds very distressing. Let’s take it step by step. What made you feel this way today?,I don’t know how to explain it.,Stress can amplify these perceptions. Let’s identify a coping strategy you can use right now.
827,I feel detached from reality.,"Thank you for sharing this. It’s a common experience in psychosis to feel watched or unsafe. You’re not alone, and we can unpack this together.",I haven't slept properly for days.,Thank you for explaining. Let’s focus on one small step you can take to feel calmer right now.
828,I feel like my family is hiding something.,"Thank you for sharing this. It’s a common experience in psychosis to feel watched or unsafe. You’re not alone, and we can unpack this together.",I haven't slept properly for days.,Stress can amplify these perceptions. Let’s identify a coping strategy you can use right now.
829,I feel detached from reality.,"Thank you for sharing this. It’s a common experience in psychosis to feel watched or unsafe. You’re not alone, and we can unpack this together.",I feel overwhelmed.,Lack of sleep can make these experiences stronger. Working on rest and grounding might help reduce this feeling.
830,I feel like someone is watching me.,That sounds very distressing. Let’s take it step by step. What made you feel this way today?,My routine has been disturbed.,Heightened anxiety can intensify these sensations. A grounding exercise might help bring clarity.
831,I’m scared someone is following me.,It makes sense that this feels overwhelming. Sometimes the mind reacts this way when sleep or stress becomes difficult. Let’s look at what might be triggering this.,It becomes stronger when I'm anxious.,Thank you for explaining. Let’s focus on one small step you can take to feel calmer right now.
832,I’m scared someone is following me.,It makes sense that this feels overwhelming. Sometimes the mind reacts this way when sleep or stress becomes difficult. Let’s look at what might be triggering this.,It started after a stressful week.,You’re not in danger at this moment. Let’s check the evidence together and see what supports your safety.
833,I feel like my family is hiding something.,I hear how intense this feels. These sensations can come from heightened stress. Let’s try to understand the situation better.,I feel unsafe when I'm alone.,Heightened anxiety can intensify these sensations. A grounding exercise might help bring clarity.
834,I feel detached from reality.,That sounds very distressing. Let’s take it step by step. What made you feel this way today?,I don’t know how to explain it.,Thank you for explaining. Let’s focus on one small step you can take to feel calmer right now.
835,I feel detached from reality.,It makes sense that this feels overwhelming. Sometimes the mind reacts this way when sleep or stress becomes difficult. Let’s look at what might be triggering this.,It gets worse at night.,You’re not in danger at this moment. Let’s check the evidence together and see what supports your safety.
836,I’m losing control of my mind.,"That sounds frightening. I’m here with you. These experiences can feel very real, especially during stress. Can we explore what was happening before this started?",It gets worse at night.,Heightened anxiety can intensify these sensations. A grounding exercise might help bring clarity.
837,I feel detached from reality.,That sounds very distressing. Let’s take it step by step. What made you feel this way today?,It happens suddenly and scares me.,Thank you for explaining. Let’s focus on one small step you can take to feel calmer right now.
838,I feel detached from reality.,"That sounds frightening. I’m here with you. These experiences can feel very real, especially during stress. Can we explore what was happening before this started?",My routine has been disturbed.,Heightened anxiety can intensify these sensations. A grounding exercise might help bring clarity.
839,I think the TV is sending me messages.,I hear how intense this feels. These sensations can come from heightened stress. Let’s try to understand the situation better.,I feel tense all day.,Lack of sleep can make these experiences stronger. Working on rest and grounding might help reduce this feeling.
840,I can’t trust my own thoughts.,That sounds very distressing. Let’s take it step by step. What made you feel this way today?,It becomes stronger when I'm anxious.,Thank you for explaining. Let’s focus on one small step you can take to feel calmer right now.
841,I feel like my family is hiding something.,It makes sense that this feels overwhelming. Sometimes the mind reacts this way when sleep or stress becomes difficult. Let’s look at what might be triggering this.,I feel unsafe when I'm alone.,Stress can amplify these perceptions. Let’s identify a coping strategy you can use right now.
842,I feel like my family is hiding something.,"Thank you for sharing this. It’s a common experience in psychosis to feel watched or unsafe. You’re not alone, and we can unpack this together.",It started after a stressful week.,Lack of sleep can make these experiences stronger. Working on rest and grounding might help reduce this feeling.
843,My thoughts don’t feel private.,"That sounds frightening. I’m here with you. These experiences can feel very real, especially during stress. Can we explore what was happening before this started?",I haven't slept properly for days.,Stress can amplify these perceptions. Let’s identify a coping strategy you can use right now.
844,I’m losing control of my mind.,It makes sense that this feels overwhelming. Sometimes the mind reacts this way when sleep or stress becomes difficult. Let’s look at what might be triggering this.,I don’t know how to explain it.,Heightened anxiety can intensify these sensations. A grounding exercise might help bring clarity.
845,My thoughts don’t feel private.,That sounds very distressing. Let’s take it step by step. What made you feel this way today?,I feel overwhelmed.,Stress can amplify these perceptions. Let’s identify a coping strategy you can use right now.
846,I can’t focus; everything feels jumbled.,"Thank you for sharing this. It’s a common experience in psychosis to feel watched or unsafe. You’re not alone, and we can unpack this together.",I don’t know how to explain it.,Heightened anxiety can intensify these sensations. A grounding exercise might help bring clarity.
847,My thoughts don’t feel private.,"Thank you for sharing this. It’s a common experience in psychosis to feel watched or unsafe. You’re not alone, and we can unpack this together.",I haven't slept properly for days.,Heightened anxiety can intensify these sensations. A grounding exercise might help bring clarity.
848,I feel detached from reality.,It makes sense that this feels overwhelming. Sometimes the mind reacts this way when sleep or stress becomes difficult. Let’s look at what might be triggering this.,It happens suddenly and scares me.,Heightened anxiety can intensify these sensations. A grounding exercise might help bring clarity.
849,I’m losing control of my mind.,It makes sense that this feels overwhelming. Sometimes the mind reacts this way when sleep or stress becomes difficult. Let’s look at what might be triggering this.,It becomes stronger when I'm anxious.,Heightened anxiety can intensify these sensations. A grounding exercise might help bring clarity.
850,I think the TV is sending me messages.,That sounds very distressing. Let’s take it step by step. What made you feel this way today?,I feel tense all day.,Heightened anxiety can intensify these sensations. A grounding exercise might help bring clarity.
851,I can’t trust my own thoughts.,"That sounds frightening. I’m here with you. These experiences can feel very real, especially during stress. Can we explore what was happening before this started?",I feel unsafe when I'm alone.,You’re not in danger at this moment. Let’s check the evidence together and see what supports your safety.
852,My thoughts don’t feel private.,That sounds very distressing. Let’s take it step by step. What made you feel this way today?,It happens suddenly and scares me.,Stress can amplify these perceptions. Let’s identify a coping strategy you can use right now.
853,I feel detached from reality.,That sounds very distressing. Let’s take it step by step. What made you feel this way today?,I feel unsafe when I'm alone.,Heightened anxiety can intensify these sensations. A grounding exercise might help bring clarity.
854,My thoughts don’t feel private.,That sounds very distressing. Let’s take it step by step. What made you feel this way today?,It gets worse at night.,You’re not in danger at this moment. Let’s check the evidence together and see what supports your safety.
855,I can’t focus; everything feels jumbled.,That sounds very distressing. Let’s take it step by step. What made you feel this way today?,I don’t know how to explain it.,Thank you for explaining. Let’s focus on one small step you can take to feel calmer right now.
856,Voices keep whispering my name.,I hear how intense this feels. These sensations can come from heightened stress. Let’s try to understand the situation better.,I feel tense all day.,You’re not in danger at this moment. Let’s check the evidence together and see what supports your safety.
857,Voices keep whispering my name.,That sounds very distressing. Let’s take it step by step. What made you feel this way today?,I don’t know how to explain it.,Heightened anxiety can intensify these sensations. A grounding exercise might help bring clarity.
858,My thoughts don’t feel private.,"Thank you for sharing this. It’s a common experience in psychosis to feel watched or unsafe. You’re not alone, and we can unpack this together.",It becomes stronger when I'm anxious.,Lack of sleep can make these experiences stronger. Working on rest and grounding might help reduce this feeling.
859,I’m scared someone is following me.,I hear how intense this feels. These sensations can come from heightened stress. Let’s try to understand the situation better.,It gets worse at night.,Thank you for explaining. Let’s focus on one small step you can take to feel calmer right now.
860,I feel like someone is watching me.,I hear how intense this feels. These sensations can come from heightened stress. Let’s try to understand the situation better.,I feel overwhelmed.,You’re not in danger at this moment. Let’s check the evidence together and see what supports your safety.
861,I think the TV is sending me messages.,That sounds very distressing. Let’s take it step by step. What made you feel this way today?,I feel unsafe when I'm alone.,Thank you for explaining. Let’s focus on one small step you can take to feel calmer right now.
862,I’m scared someone is following me.,"That sounds frightening. I’m here with you. These experiences can feel very real, especially during stress. Can we explore what was happening before this started?",It started after a stressful week.,Heightened anxiety can intensify these sensations. A grounding exercise might help bring clarity.
863,My thoughts don’t feel private.,"Thank you for sharing this. It’s a common experience in psychosis to feel watched or unsafe. You’re not alone, and we can unpack this together.",It becomes stronger when I'm anxious.,Thank you for explaining. Let’s focus on one small step you can take to feel calmer right now.
864,I feel like someone is watching me.,It makes sense that this feels overwhelming. Sometimes the mind reacts this way when sleep or stress becomes difficult. Let’s look at what might be triggering this.,It becomes stronger when I'm anxious.,You’re not in danger at this moment. Let’s check the evidence together and see what supports your safety.
865,I can’t focus; everything feels jumbled.,It makes sense that this feels overwhelming. Sometimes the mind reacts this way when sleep or stress becomes difficult. Let’s look at what might be triggering this.,I feel overwhelmed.,Stress can amplify these perceptions. Let’s identify a coping strategy you can use right now.
866,I can’t trust my own thoughts.,"Thank you for sharing this. It’s a common experience in psychosis to feel watched or unsafe. You’re not alone, and we can unpack this together.",I haven't slept properly for days.,You’re not in danger at this moment. Let’s check the evidence together and see what supports your safety.
867,I’m scared someone is following me.,I hear how intense this feels. These sensations can come from heightened stress. Let’s try to understand the situation better.,My routine has been disturbed.,You’re not in danger at this moment. Let’s check the evidence together and see what supports your safety.
868,I can’t focus; everything feels jumbled.,I hear how intense this feels. These sensations can come from heightened stress. Let’s try to understand the situation better.,My routine has been disturbed.,Stress can amplify these perceptions. Let’s identify a coping strategy you can use right now.
869,I can’t focus; everything feels jumbled.,"That sounds frightening. I’m here with you. These experiences can feel very real, especially during stress. Can we explore what was happening before this started?",I don’t know how to explain it.,Heightened anxiety can intensify these sensations. A grounding exercise might help bring clarity.
870,My thoughts don’t feel private.,"Thank you for sharing this. It’s a common experience in psychosis to feel watched or unsafe. You’re not alone, and we can unpack this together.",I feel tense all day.,Lack of sleep can make these experiences stronger. Working on rest and grounding might help reduce this feeling.
871,I can’t focus; everything feels jumbled.,"Thank you for sharing this. It’s a common experience in psychosis to feel watched or unsafe. You’re not alone, and we can unpack this together.",I feel tense all day.,You’re not in danger at this moment. Let’s check the evidence together and see what supports your safety.
872,I’m scared someone is following me.,"That sounds frightening. I’m here with you. These experiences can feel very real, especially during stress. Can we explore what was happening before this started?",I feel overwhelmed.,Stress can amplify these perceptions. Let’s identify a coping strategy you can use right now.
873,I can’t trust my own thoughts.,"Thank you for sharing this. It’s a common experience in psychosis to feel watched or unsafe. You’re not alone, and we can unpack this together.",My routine has been disturbed.,Stress can amplify these perceptions. Let’s identify a coping strategy you can use right now.
874,I’m scared someone is following me.,I hear how intense this feels. These sensations can come from heightened stress. Let’s try to understand the situation better.,I feel tense all day.,Thank you for explaining. Let’s focus on one small step you can take to feel calmer right now.
875,I’m scared someone is following me.,"That sounds frightening. I’m here with you. These experiences can feel very real, especially during stress. Can we explore what was happening before this started?",It started after a stressful week.,Lack of sleep can make these experiences stronger. Working on rest and grounding might help reduce this feeling.
876,My thoughts don’t feel private.,It makes sense that this feels overwhelming. Sometimes the mind reacts this way when sleep or stress becomes difficult. Let’s look at what might be triggering this.,I feel unsafe when I'm alone.,Thank you for explaining. Let’s focus on one small step you can take to feel calmer right now.
877,Voices keep whispering my name.,I hear how intense this feels. These sensations can come from heightened stress. Let’s try to understand the situation better.,I feel tense all day.,Heightened anxiety can intensify these sensations. A grounding exercise might help bring clarity.
878,I’m losing control of my mind.,That sounds very distressing. Let’s take it step by step. What made you feel this way today?,I don’t know how to explain it.,Stress can amplify these perceptions. Let’s identify a coping strategy you can use right now.
879,I feel like someone is watching me.,"That sounds frightening. I’m here with you. These experiences can feel very real, especially during stress. Can we explore what was happening before this started?",I feel tense all day.,Thank you for explaining. Let’s focus on one small step you can take to feel calmer right now.
880,I can’t focus; everything feels jumbled.,I hear how intense this feels. These sensations can come from heightened stress. Let’s try to understand the situation better.,My routine has been disturbed.,Stress can amplify these perceptions. Let’s identify a coping strategy you can use right now.
881,I feel detached from reality.,"Thank you for sharing this. It’s a common experience in psychosis to feel watched or unsafe. You’re not alone, and we can unpack this together.",It happens suddenly and scares me.,Stress can amplify these perceptions. Let’s identify a coping strategy you can use right now.
882,I feel detached from reality.,"Thank you for sharing this. It’s a common experience in psychosis to feel watched or unsafe. You’re not alone, and we can unpack this together.",It started after a stressful week.,Stress can amplify these perceptions. Let’s identify a coping strategy you can use right now.
883,I think the TV is sending me messages.,"That sounds frightening. I’m here with you. These experiences can feel very real, especially during stress. Can we explore what was happening before this started?",It gets worse at night.,Heightened anxiety can intensify these sensations. A grounding exercise might help bring clarity.
884,I feel like my family is hiding something.,I hear how intense this feels. These sensations can come from heightened stress. Let’s try to understand the situation better.,I don’t know how to explain it.,Heightened anxiety can intensify these sensations. A grounding exercise might help bring clarity.
885,Voices keep whispering my name.,That sounds very distressing. Let’s take it step by step. What made you feel this way today?,I don’t know how to explain it.,You’re not in danger at this moment. Let’s check the evidence together and see what supports your safety.
886,My thoughts don’t feel private.,"That sounds frightening. I’m here with you. These experiences can feel very real, especially during stress. Can we explore what was happening before this started?",I feel tense all day.,Thank you for explaining. Let’s focus on one small step you can take to feel calmer right now.
887,I can’t trust my own thoughts.,It makes sense that this feels overwhelming. Sometimes the mind reacts this way when sleep or stress becomes difficult. Let’s look at what might be triggering this.,I don’t know how to explain it.,You’re not in danger at this moment. Let’s check the evidence together and see what supports your safety.
888,I feel like someone is watching me.,I hear how intense this feels. These sensations can come from heightened stress. Let’s try to understand the situation better.,It becomes stronger when I'm anxious.,Heightened anxiety can intensify these sensations. A grounding exercise might help bring clarity.
889,Voices keep whispering my name.,I hear how intense this feels. These sensations can come from heightened stress. Let’s try to understand the situation better.,I haven't slept properly for days.,Lack of sleep can make these experiences stronger. Working on rest and grounding might help reduce this feeling.
890,I’m losing control of my mind.,That sounds very distressing. Let’s take it step by step. What made you feel this way today?,I haven't slept properly for days.,Lack of sleep can make these experiences stronger. Working on rest and grounding might help reduce this feeling.
891,I think the TV is sending me messages.,"Thank you for sharing this. It’s a common experience in psychosis to feel watched or unsafe. You’re not alone, and we can unpack this together.",I don’t know how to explain it.,Stress can amplify these perceptions. Let’s identify a coping strategy you can use right now.
892,I’m scared someone is following me.,That sounds very distressing. Let’s take it step by step. What made you feel this way today?,I feel tense all day.,Stress can amplify these perceptions. Let’s identify a coping strategy you can use right now.
893,I’m losing control of my mind.,"Thank you for sharing this. It’s a common experience in psychosis to feel watched or unsafe. You’re not alone, and we can unpack this together.",My routine has been disturbed.,Lack of sleep can make these experiences stronger. Working on rest and grounding might help reduce this feeling.
894,I feel like my family is hiding something.,"Thank you for sharing this. It’s a common experience in psychosis to feel watched or unsafe. You’re not alone, and we can unpack this together.",I don’t know how to explain it.,Stress can amplify these perceptions. Let’s identify a coping strategy you can use right now.
895,I can’t focus; everything feels jumbled.,"That sounds frightening. I’m here with you. These experiences can feel very real, especially during stress. Can we explore what was happening before this started?",I feel tense all day.,Lack of sleep can make these experiences stronger. Working on rest and grounding might help reduce this feeling.
896,My thoughts don’t feel private.,It makes sense that this feels overwhelming. Sometimes the mind reacts this way when sleep or stress becomes difficult. Let’s look at what might be triggering this.,I haven't slept properly for days.,Lack of sleep can make these experiences stronger. Working on rest and grounding might help reduce this feeling.
897,I feel like my family is hiding something.,That sounds very distressing. Let’s take it step by step. What made you feel this way today?,I haven't slept properly for days.,You’re not in danger at this moment. Let’s check the evidence together and see what supports your safety.
898,I feel detached from reality.,That sounds very distressing. Let’s take it step by step. What made you feel this way today?,It gets worse at night.,You’re not in danger at this moment. Let’s check the evidence together and see what supports your safety.
899,I’m scared someone is following me.,I hear how intense this feels. These sensations can come from heightened stress. Let’s try to understand the situation better.,It happens suddenly and scares me.,Heightened anxiety can intensify these sensations. A grounding exercise might help bring clarity.
900,My thoughts don’t feel private.,That sounds very distressing. Let’s take it step by step. What made you feel this way today?,I don’t know how to explain it.,Stress can amplify these perceptions. Let’s identify a coping strategy you can use right now.
901,I feel detached from reality.,I hear how intense this feels. These sensations can come from heightened stress. Let’s try to understand the situation better.,I feel tense all day.,You’re not in danger at this moment. Let’s check the evidence together and see what supports your safety.
902,I feel detached from reality.,I hear how intense this feels. These sensations can come from heightened stress. Let’s try to understand the situation better.,It gets worse at night.,You’re not in danger at this moment. Let’s check the evidence together and see what supports your safety.
903,I’m losing control of my mind.,It makes sense that this feels overwhelming. Sometimes the mind reacts this way when sleep or stress becomes difficult. Let’s look at what might be triggering this.,It becomes stronger when I'm anxious.,Lack of sleep can make these experiences stronger. Working on rest and grounding might help reduce this feeling.
904,I can’t focus; everything feels jumbled.,I hear how intense this feels. These sensations can come from heightened stress. Let’s try to understand the situation better.,I feel overwhelmed.,Heightened anxiety can intensify these sensations. A grounding exercise might help bring clarity.
905,I’m losing control of my mind.,It makes sense that this feels overwhelming. Sometimes the mind reacts this way when sleep or stress becomes difficult. Let’s look at what might be triggering this.,I feel unsafe when I'm alone.,Lack of sleep can make these experiences stronger. Working on rest and grounding might help reduce this feeling.
906,I feel like my family is hiding something.,"Thank you for sharing this. It’s a common experience in psychosis to feel watched or unsafe. You’re not alone, and we can unpack this together.",I feel tense all day.,Stress can amplify these perceptions. Let’s identify a coping strategy you can use right now.
907,I can’t trust my own thoughts.,It makes sense that this feels overwhelming. Sometimes the mind reacts this way when sleep or stress becomes difficult. Let’s look at what might be triggering this.,I haven't slept properly for days.,You’re not in danger at this moment. Let’s check the evidence together and see what supports your safety.
908,I can’t trust my own thoughts.,I hear how intense this feels. These sensations can come from heightened stress. Let’s try to understand the situation better.,I don’t know how to explain it.,Heightened anxiety can intensify these sensations. A grounding exercise might help bring clarity.
909,I can’t trust my own thoughts.,It makes sense that this feels overwhelming. Sometimes the mind reacts this way when sleep or stress becomes difficult. Let’s look at what might be triggering this.,I don’t know how to explain it.,Stress can amplify these perceptions. Let’s identify a coping strategy you can use right now.
910,My thoughts don’t feel private.,It makes sense that this feels overwhelming. Sometimes the mind reacts this way when sleep or stress becomes difficult. Let’s look at what might be triggering this.,I feel overwhelmed.,Heightened anxiety can intensify these sensations. A grounding exercise might help bring clarity.
911,I feel like my family is hiding something.,That sounds very distressing. Let’s take it step by step. What made you feel this way today?,I haven't slept properly for days.,Lack of sleep can make these experiences stronger. Working on rest and grounding might help reduce this feeling.
912,I feel like someone is watching me.,It makes sense that this feels overwhelming. Sometimes the mind reacts this way when sleep or stress becomes difficult. Let’s look at what might be triggering this.,I don’t know how to explain it.,Thank you for explaining. Let’s focus on one small step you can take to feel calmer right now.
913,My thoughts don’t feel private.,That sounds very distressing. Let’s take it step by step. What made you feel this way today?,My routine has been disturbed.,Lack of sleep can make these experiences stronger. Working on rest and grounding might help reduce this feeling.
914,I feel like someone is watching me.,That sounds very distressing. Let’s take it step by step. What made you feel this way today?,It gets worse at night.,Thank you for explaining. Let’s focus on one small step you can take to feel calmer right now.
915,I feel detached from reality.,"Thank you for sharing this. It’s a common experience in psychosis to feel watched or unsafe. You’re not alone, and we can unpack this together.",I don’t know how to explain it.,Lack of sleep can make these experiences stronger. Working on rest and grounding might help reduce this feeling.
916,I’m scared someone is following me.,"Thank you for sharing this. It’s a common experience in psychosis to feel watched or unsafe. You’re not alone, and we can unpack this together.",My routine has been disturbed.,Lack of sleep can make these experiences stronger. Working on rest and grounding might help reduce this feeling.
917,I feel like someone is watching me.,It makes sense that this feels overwhelming. Sometimes the mind reacts this way when sleep or stress becomes difficult. Let’s look at what might be triggering this.,I don’t know how to explain it.,Thank you for explaining. Let’s focus on one small step you can take to feel calmer right now.
918,My thoughts don’t feel private.,That sounds very distressing. Let’s take it step by step. What made you feel this way today?,It becomes stronger when I'm anxious.,You’re not in danger at this moment. Let’s check the evidence together and see what supports your safety.
919,My thoughts don’t feel private.,That sounds very distressing. Let’s take it step by step. What made you feel this way today?,It started after a stressful week.,Thank you for explaining. Let’s focus on one small step you can take to feel calmer right now.
920,I can’t focus; everything feels jumbled.,It makes sense that this feels overwhelming. Sometimes the mind reacts this way when sleep or stress becomes difficult. Let’s look at what might be triggering this.,I haven't slept properly for days.,You’re not in danger at this moment. Let’s check the evidence together and see what supports your safety.
921,Voices keep whispering my name.,"Thank you for sharing this. It’s a common experience in psychosis to feel watched or unsafe. You’re not alone, and we can unpack this together.",It happens suddenly and scares me.,Lack of sleep can make these experiences stronger. Working on rest and grounding might help reduce this feeling.
922,I can’t focus; everything feels jumbled.,"That sounds frightening. I’m here with you. These experiences can feel very real, especially during stress. Can we explore what was happening before this started?",I feel tense all day.,You’re not in danger at this moment. Let’s check the evidence together and see what supports your safety.
923,Voices keep whispering my name.,That sounds very distressing. Let’s take it step by step. What made you feel this way today?,I feel tense all day.,Lack of sleep can make these experiences stronger. Working on rest and grounding might help reduce this feeling.
924,I can’t trust my own thoughts.,"Thank you for sharing this. It’s a common experience in psychosis to feel watched or unsafe. You’re not alone, and we can unpack this together.",It happens suddenly and scares me.,Stress can amplify these perceptions. Let’s identify a coping strategy you can use right now.
925,My thoughts don’t feel private.,"That sounds frightening. I’m here with you. These experiences can feel very real, especially during stress. Can we explore what was happening before this started?",It happens suddenly and scares me.,Stress can amplify these perceptions. Let’s identify a coping strategy you can use right now.
926,I can’t focus; everything feels jumbled.,That sounds very distressing. Let’s take it step by step. What made you feel this way today?,It started after a stressful week.,Stress can amplify these perceptions. Let’s identify a coping strategy you can use right now.
927,I feel like my family is hiding something.,It makes sense that this feels overwhelming. Sometimes the mind reacts this way when sleep or stress becomes difficult. Let’s look at what might be triggering this.,I feel tense all day.,Stress can amplify these perceptions. Let’s identify a coping strategy you can use right now.
928,I can’t trust my own thoughts.,"Thank you for sharing this. It’s a common experience in psychosis to feel watched or unsafe. You’re not alone, and we can unpack this together.",It happens suddenly and scares me.,Thank you for explaining. Let’s focus on one small step you can take to feel calmer right now.
929,My thoughts don’t feel private.,It makes sense that this feels overwhelming. Sometimes the mind reacts this way when sleep or stress becomes difficult. Let’s look at what might be triggering this.,I feel overwhelmed.,Thank you for explaining. Let’s focus on one small step you can take to feel calmer right now.
930,I feel detached from reality.,"That sounds frightening. I’m here with you. These experiences can feel very real, especially during stress. Can we explore what was happening before this started?",It becomes stronger when I'm anxious.,You’re not in danger at this moment. Let’s check the evidence together and see what supports your safety.
931,I feel like my family is hiding something.,"That sounds frightening. I’m here with you. These experiences can feel very real, especially during stress. Can we explore what was happening before this started?",My routine has been disturbed.,Lack of sleep can make these experiences stronger. Working on rest and grounding might help reduce this feeling.
932,Voices keep whispering my name.,That sounds very distressing. Let’s take it step by step. What made you feel this way today?,It happens suddenly and scares me.,Thank you for explaining. Let’s focus on one small step you can take to feel calmer right now.
933,I feel detached from reality.,"Thank you for sharing this. It’s a common experience in psychosis to feel watched or unsafe. You’re not alone, and we can unpack this together.",It happens suddenly and scares me.,Thank you for explaining. Let’s focus on one small step you can take to feel calmer right now.
934,I can’t trust my own thoughts.,That sounds very distressing. Let’s take it step by step. What made you feel this way today?,It started after a stressful week.,You’re not in danger at this moment. Let’s check the evidence together and see what supports your safety.
935,I feel like my family is hiding something.,That sounds very distressing. Let’s take it step by step. What made you feel this way today?,I don’t know how to explain it.,Thank you for explaining. Let’s focus on one small step you can take to feel calmer right now.
936,I think the TV is sending me messages.,"That sounds frightening. I’m here with you. These experiences can feel very real, especially during stress. Can we explore what was happening before this started?",I feel overwhelmed.,Stress can amplify these perceptions. Let’s identify a coping strategy you can use right now.
937,I can’t focus; everything feels jumbled.,"Thank you for sharing this. It’s a common experience in psychosis to feel watched or unsafe. You’re not alone, and we can unpack this together.",I don’t know how to explain it.,Heightened anxiety can intensify these sensations. A grounding exercise might help bring clarity.
938,I can’t focus; everything feels jumbled.,"Thank you for sharing this. It’s a common experience in psychosis to feel watched or unsafe. You’re not alone, and we can unpack this together.",I feel tense all day.,Stress can amplify these perceptions. Let’s identify a coping strategy you can use right now.
939,I feel detached from reality.,"Thank you for sharing this. It’s a common experience in psychosis to feel watched or unsafe. You’re not alone, and we can unpack this together.",My routine has been disturbed.,Lack of sleep can make these experiences stronger. Working on rest and grounding might help reduce this feeling.
940,I’m scared someone is following me.,That sounds very distressing. Let’s take it step by step. What made you feel this way today?,My routine has been disturbed.,Lack of sleep can make these experiences stronger. Working on rest and grounding might help reduce this feeling.
941,Voices keep whispering my name.,That sounds very distressing. Let’s take it step by step. What made you feel this way today?,I haven't slept properly for days.,Thank you for explaining. Let’s focus on one small step you can take to feel calmer right now.
942,I feel like someone is watching me.,"Thank you for sharing this. It’s a common experience in psychosis to feel watched or unsafe. You’re not alone, and we can unpack this together.",I feel tense all day.,Heightened anxiety can intensify these sensations. A grounding exercise might help bring clarity.
943,I feel detached from reality.,It makes sense that this feels overwhelming. Sometimes the mind reacts this way when sleep or stress becomes difficult. Let’s look at what might be triggering this.,It started after a stressful week.,Heightened anxiety can intensify these sensations. A grounding exercise might help bring clarity.
944,I think the TV is sending me messages.,"Thank you for sharing this. It’s a common experience in psychosis to feel watched or unsafe. You’re not alone, and we can unpack this together.",I haven't slept properly for days.,You’re not in danger at this moment. Let’s check the evidence together and see what supports your safety.
945,Voices keep whispering my name.,I hear how intense this feels. These sensations can come from heightened stress. Let’s try to understand the situation better.,I feel overwhelmed.,Heightened anxiety can intensify these sensations. A grounding exercise might help bring clarity.
946,I feel like my family is hiding something.,"Thank you for sharing this. It’s a common experience in psychosis to feel watched or unsafe. You’re not alone, and we can unpack this together.",I feel overwhelmed.,You’re not in danger at this moment. Let’s check the evidence together and see what supports your safety.
947,I’m scared someone is following me.,It makes sense that this feels overwhelming. Sometimes the mind reacts this way when sleep or stress becomes difficult. Let’s look at what might be triggering this.,It becomes stronger when I'm anxious.,Thank you for explaining. Let’s focus on one small step you can take to feel calmer right now.
948,I think the TV is sending me messages.,That sounds very distressing. Let’s take it step by step. What made you feel this way today?,It started after a stressful week.,You’re not in danger at this moment. Let’s check the evidence together and see what supports your safety.
949,I think the TV is sending me messages.,That sounds very distressing. Let’s take it step by step. What made you feel this way today?,I don’t know how to explain it.,Thank you for explaining. Let’s focus on one small step you can take to feel calmer right now.
950,I’m losing control of my mind.,"Thank you for sharing this. It’s a common experience in psychosis to feel watched or unsafe. You’re not alone, and we can unpack this together.",It started after a stressful week.,Thank you for explaining. Let’s focus on one small step you can take to feel calmer right now.
951,I’m scared someone is following me.,"Thank you for sharing this. It’s a common experience in psychosis to feel watched or unsafe. You’re not alone, and we can unpack this together.",It becomes stronger when I'm anxious.,Stress can amplify these perceptions. Let’s identify a coping strategy you can use right now.
952,I feel like someone is watching me.,"Thank you for sharing this. It’s a common experience in psychosis to feel watched or unsafe. You’re not alone, and we can unpack this together.",I don’t know how to explain it.,Thank you for explaining. Let’s focus on one small step you can take to feel calmer right now.
953,I feel like someone is watching me.,It makes sense that this feels overwhelming. Sometimes the mind reacts this way when sleep or stress becomes difficult. Let’s look at what might be triggering this.,I feel unsafe when I'm alone.,Lack of sleep can make these experiences stronger. Working on rest and grounding might help reduce this feeling.
954,I think the TV is sending me messages.,"That sounds frightening. I’m here with you. These experiences can feel very real, especially during stress. Can we explore what was happening before this started?",It started after a stressful week.,Thank you for explaining. Let’s focus on one small step you can take to feel calmer right now.
955,I’m losing control of my mind.,I hear how intense this feels. These sensations can come from heightened stress. Let’s try to understand the situation better.,I feel unsafe when I'm alone.,Stress can amplify these perceptions. Let’s identify a coping strategy you can use right now.
956,I feel detached from reality.,"That sounds frightening. I’m here with you. These experiences can feel very real, especially during stress. Can we explore what was happening before this started?",I feel tense all day.,Lack of sleep can make these experiences stronger. Working on rest and grounding might help reduce this feeling.
957,I’m scared someone is following me.,It makes sense that this feels overwhelming. Sometimes the mind reacts this way when sleep or stress becomes difficult. Let’s look at what might be triggering this.,I feel tense all day.,You’re not in danger at this moment. Let’s check the evidence together and see what supports your safety.
958,I feel detached from reality.,"That sounds frightening. I’m here with you. These experiences can feel very real, especially during stress. Can we explore what was happening before this started?",I feel overwhelmed.,You’re not in danger at this moment. Let’s check the evidence together and see what supports your safety.
959,I can’t focus; everything feels jumbled.,"Thank you for sharing this. It’s a common experience in psychosis to feel watched or unsafe. You’re not alone, and we can unpack this together.",I don’t know how to explain it.,Lack of sleep can make these experiences stronger. Working on rest and grounding might help reduce this feeling.
960,I can’t focus; everything feels jumbled.,"That sounds frightening. I’m here with you. These experiences can feel very real, especially during stress. Can we explore what was happening before this started?",It happens suddenly and scares me.,Heightened anxiety can intensify these sensations. A grounding exercise might help bring clarity.
961,My thoughts don’t feel private.,That sounds very distressing. Let’s take it step by step. What made you feel this way today?,It happens suddenly and scares me.,Stress can amplify these perceptions. Let’s identify a coping strategy you can use right now.
962,My thoughts don’t feel private.,"Thank you for sharing this. It’s a common experience in psychosis to feel watched or unsafe. You’re not alone, and we can unpack this together.",I feel unsafe when I'm alone.,You’re not in danger at this moment. Let’s check the evidence together and see what supports your safety.
963,I’m losing control of my mind.,"That sounds frightening. I’m here with you. These experiences can feel very real, especially during stress. Can we explore what was happening before this started?",It gets worse at night.,Lack of sleep can make these experiences stronger. Working on rest and grounding might help reduce this feeling.
964,I feel like someone is watching me.,It makes sense that this feels overwhelming. Sometimes the mind reacts this way when sleep or stress becomes difficult. Let’s look at what might be triggering this.,It becomes stronger when I'm anxious.,You’re not in danger at this moment. Let’s check the evidence together and see what supports your safety.
965,Voices keep whispering my name.,I hear how intense this feels. These sensations can come from heightened stress. Let’s try to understand the situation better.,It started after a stressful week.,Lack of sleep can make these experiences stronger. Working on rest and grounding might help reduce this feeling.
966,I can’t focus; everything feels jumbled.,It makes sense that this feels overwhelming. Sometimes the mind reacts this way when sleep or stress becomes difficult. Let’s look at what might be triggering this.,It becomes stronger when I'm anxious.,Stress can amplify these perceptions. Let’s identify a coping strategy you can use right now.
967,My thoughts don’t feel private.,"That sounds frightening. I’m here with you. These experiences can feel very real, especially during stress. Can we explore what was happening before this started?",I feel overwhelmed.,You’re not in danger at this moment. Let’s check the evidence together and see what supports your safety.
968,I feel like someone is watching me.,"That sounds frightening. I’m here with you. These experiences can feel very real, especially during stress. Can we explore what was happening before this started?",I don’t know how to explain it.,Stress can amplify these perceptions. Let’s identify a coping strategy you can use right now.
969,I can’t focus; everything feels jumbled.,I hear how intense this feels. These sensations can come from heightened stress. Let’s try to understand the situation better.,It started after a stressful week.,Thank you for explaining. Let’s focus on one small step you can take to feel calmer right now.
970,Voices keep whispering my name.,"Thank you for sharing this. It’s a common experience in psychosis to feel watched or unsafe. You’re not alone, and we can unpack this together.",I feel unsafe when I'm alone.,Heightened anxiety can intensify these sensations. A grounding exercise might help bring clarity.
971,Voices keep whispering my name.,It makes sense that this feels overwhelming. Sometimes the mind reacts this way when sleep or stress becomes difficult. Let’s look at what might be triggering this.,My routine has been disturbed.,You’re not in danger at this moment. Let’s check the evidence together and see what supports your safety.
972,I’m losing control of my mind.,That sounds very distressing. Let’s take it step by step. What made you feel this way today?,I don’t know how to explain it.,You’re not in danger at this moment. Let’s check the evidence together and see what supports your safety.
973,I feel detached from reality.,It makes sense that this feels overwhelming. Sometimes the mind reacts this way when sleep or stress becomes difficult. Let’s look at what might be triggering this.,It started after a stressful week.,You’re not in danger at this moment. Let’s check the evidence together and see what supports your safety.
974,I feel detached from reality.,It makes sense that this feels overwhelming. Sometimes the mind reacts this way when sleep or stress becomes difficult. Let’s look at what might be triggering this.,It happens suddenly and scares me.,Heightened anxiety can intensify these sensations. A grounding exercise might help bring clarity.
975,I think the TV is sending me messages.,It makes sense that this feels overwhelming. Sometimes the mind reacts this way when sleep or stress becomes difficult. Let’s look at what might be triggering this.,I feel overwhelmed.,Stress can amplify these perceptions. Let’s identify a coping strategy you can use right now.
976,I feel like my family is hiding something.,I hear how intense this feels. These sensations can come from heightened stress. Let’s try to understand the situation better.,It happens suddenly and scares me.,Lack of sleep can make these experiences stronger. Working on rest and grounding might help reduce this feeling.
977,I can’t focus; everything feels jumbled.,"Thank you for sharing this. It’s a common experience in psychosis to feel watched or unsafe. You’re not alone, and we can unpack this together.",It becomes stronger when I'm anxious.,Heightened anxiety can intensify these sensations. A grounding exercise might help bring clarity.
978,I’m scared someone is following me.,That sounds very distressing. Let’s take it step by step. What made you feel this way today?,It started after a stressful week.,Lack of sleep can make these experiences stronger. Working on rest and grounding might help reduce this feeling.
979,I feel like someone is watching me.,"Thank you for sharing this. It’s a common experience in psychosis to feel watched or unsafe. You’re not alone, and we can unpack this together.",It becomes stronger when I'm anxious.,Lack of sleep can make these experiences stronger. Working on rest and grounding might help reduce this feeling.
980,I feel detached from reality.,I hear how intense this feels. These sensations can come from heightened stress. Let’s try to understand the situation better.,It happens suddenly and scares me.,Lack of sleep can make these experiences stronger. Working on rest and grounding might help reduce this feeling.
981,Voices keep whispering my name.,"That sounds frightening. I’m here with you. These experiences can feel very real, especially during stress. Can we explore what was happening before this started?",It becomes stronger when I'm anxious.,You’re not in danger at this moment. Let’s check the evidence together and see what supports your safety.
982,I feel like my family is hiding something.,"That sounds frightening. I’m here with you. These experiences can feel very real, especially during stress. Can we explore what was happening before this started?",My routine has been disturbed.,Stress can amplify these perceptions. Let’s identify a coping strategy you can use right now.
983,I feel like someone is watching me.,I hear how intense this feels. These sensations can come from heightened stress. Let’s try to understand the situation better.,I haven't slept properly for days.,You’re not in danger at this moment. Let’s check the evidence together and see what supports your safety.
984,I’m losing control of my mind.,It makes sense that this feels overwhelming. Sometimes the mind reacts this way when sleep or stress becomes difficult. Let’s look at what might be triggering this.,It gets worse at night.,Heightened anxiety can intensify these sensations. A grounding exercise might help bring clarity.
985,I feel detached from reality.,I hear how intense this feels. These sensations can come from heightened stress. Let’s try to understand the situation better.,My routine has been disturbed.,Thank you for explaining. Let’s focus on one small step you can take to feel calmer right now.
986,I’m losing control of my mind.,I hear how intense this feels. These sensations can come from heightened stress. Let’s try to understand the situation better.,My routine has been disturbed.,Lack of sleep can make these experiences stronger. Working on rest and grounding might help reduce this feeling.
987,I’m scared someone is following me.,I hear how intense this feels. These sensations can come from heightened stress. Let’s try to understand the situation better.,It happens suddenly and scares me.,Lack of sleep can make these experiences stronger. Working on rest and grounding might help reduce this feeling.
988,I think the TV is sending me messages.,That sounds very distressing. Let’s take it step by step. What made you feel this way today?,I feel overwhelmed.,Heightened anxiety can intensify these sensations. A grounding exercise might help bring clarity.
989,I’m losing control of my mind.,That sounds very distressing. Let’s take it step by step. What made you feel this way today?,I feel tense all day.,Thank you for explaining. Let’s focus on one small step you can take to feel calmer right now.
990,My thoughts don’t feel private.,"Thank you for sharing this. It’s a common experience in psychosis to feel watched or unsafe. You’re not alone, and we can unpack this together.",I don’t know how to explain it.,Thank you for explaining. Let’s focus on one small step you can take to feel calmer right now.
991,I think the TV is sending me messages.,I hear how intense this feels. These sensations can come from heightened stress. Let’s try to understand the situation better.,I don’t know how to explain it.,Thank you for explaining. Let’s focus on one small step you can take to feel calmer right now.
992,I’m scared someone is following me.,"Thank you for sharing this. It’s a common experience in psychosis to feel watched or unsafe. You’re not alone, and we can unpack this together.",It started after a stressful week.,Lack of sleep can make these experiences stronger. Working on rest and grounding might help reduce this feeling.
993,I feel like my family is hiding something.,"Thank you for sharing this. It’s a common experience in psychosis to feel watched or unsafe. You’re not alone, and we can unpack this together.",I don’t know how to explain it.,Heightened anxiety can intensify these sensations. A grounding exercise might help bring clarity.
994,I feel like my family is hiding something.,"That sounds frightening. I’m here with you. These experiences can feel very real, especially during stress. Can we explore what was happening before this started?",I feel overwhelmed.,Lack of sleep can make these experiences stronger. Working on rest and grounding might help reduce this feeling.
995,I feel like my family is hiding something.,That sounds very distressing. Let’s take it step by step. What made you feel this way today?,My routine has been disturbed.,Lack of sleep can make these experiences stronger. Working on rest and grounding might help reduce this feeling.
996,I can’t focus; everything feels jumbled.,I hear how intense this feels. These sensations can come from heightened stress. Let’s try to understand the situation better.,It started after a stressful week.,Heightened anxiety can intensify these sensations. A grounding exercise might help bring clarity.
997,I think the TV is sending me messages.,That sounds very distressing. Let’s take it step by step. What made you feel this way today?,It happens suddenly and scares me.,Stress can amplify these perceptions. Let’s identify a coping strategy you can use right now.
998,I feel like someone is watching me.,It makes sense that this feels overwhelming. Sometimes the mind reacts this way when sleep or stress becomes difficult. Let’s look at what might be triggering this.,I haven't slept properly for days.,Lack of sleep can make these experiences stronger. Working on rest and grounding might help reduce this feeling.
999,I feel like someone is watching me.,It makes sense that this feels overwhelming. Sometimes the mind reacts this way when sleep or stress becomes difficult. Let’s look at what might be triggering this.,I feel unsafe when I'm alone.,Lack of sleep can make these experiences stronger. Working on rest and grounding might help reduce this feeling.
1000,Voices keep whispering my name.,I hear how intense this feels. These sensations can come from heightened stress. Let’s try to understand the situation better.,My routine has been disturbed.,Heightened anxiety can intensify these sensations. A grounding exercise might help bring clarity.
